http://www.antonyme.org/antonyme/baba,baba
http://www.antonyme.org/antonyme/babil,babil
http://www.antonyme.org/antonyme/babillage,babillage
http://www.antonyme.org/antonyme/babillard,babillard
http://www.antonyme.org/antonyme/babillement,babillement
http://www.antonyme.org/antonyme/babiller,babiller
http://www.antonyme.org/antonyme/b%C3%A2bord,bâbord
http://www.antonyme.org/antonyme/bacchanale,bacchanale
http://www.antonyme.org/antonyme/b%C3%A2cher,bâcher
http://www.antonyme.org/antonyme/bacille,bacille
http://www.antonyme.org/antonyme/b%C3%A2cl%C3%A9,bâclé
http://www.antonyme.org/antonyme/b%C3%A2cler,bâcler
http://www.antonyme.org/antonyme/bact%C3%A9rie,bactérie
http://www.antonyme.org/antonyme/badauder,badauder
http://www.antonyme.org/antonyme/badigeonnage,badigeonnage
http://www.antonyme.org/antonyme/badigeonner,badigeonner
http://www.antonyme.org/antonyme/badin,badin
http://www.antonyme.org/antonyme/badinage,badinage
http://www.antonyme.org/antonyme/badine,badine
http://www.antonyme.org/antonyme/badiner,badiner
http://www.antonyme.org/antonyme/bafou%C3%A9,bafoué
http://www.antonyme.org/antonyme/bafouiller,bafouiller
http://www.antonyme.org/antonyme/b%C3%A2frer,bâfrer
http://www.antonyme.org/antonyme/bagage,bagage
http://www.antonyme.org/antonyme/bagarre,bagarre
http://www.antonyme.org/antonyme/bagarreuse,bagarreuse
http://www.antonyme.org/antonyme/bagatelle,bagatelle
http://www.antonyme.org/antonyme/bagout,bagout
http://www.antonyme.org/antonyme/baguenaude,baguenaude
http://www.antonyme.org/antonyme/baguenauder,baguenauder
http://www.antonyme.org/antonyme/baguenaudes,baguenaudes
http://www.antonyme.org/antonyme/baie,baie
http://www.antonyme.org/antonyme/baigner,baigner
http://www.antonyme.org/antonyme/baigner+dans,"baigner dans"
http://www.antonyme.org/antonyme/baille,baille
http://www.antonyme.org/antonyme/b%C3%A2illement,bâillement
http://www.antonyme.org/antonyme/b%C3%A2iller,bâiller
http://www.antonyme.org/antonyme/bailleur,bailleur
http://www.antonyme.org/antonyme/bailleurs,bailleurs
http://www.antonyme.org/antonyme/b%C3%A2illonner,bâillonner
http://www.antonyme.org/antonyme/bains,bains
http://www.antonyme.org/antonyme/baisable,baisable
http://www.antonyme.org/antonyme/baiser,baiser
http://www.antonyme.org/antonyme/baisse,baisse
http://www.antonyme.org/antonyme/baiss%C3%A9,baissé
http://www.antonyme.org/antonyme/baisser,baisser
http://www.antonyme.org/antonyme/baissier,baissier
http://www.antonyme.org/antonyme/bakchich,bakchich
http://www.antonyme.org/antonyme/balade,balade
http://www.antonyme.org/antonyme/balader,balader
http://www.antonyme.org/antonyme/balafrer,balafrer
http://www.antonyme.org/antonyme/balaise,balaise
http://www.antonyme.org/antonyme/balanc%C3%A9,balancé
http://www.antonyme.org/antonyme/balancement,balancement
http://www.antonyme.org/antonyme/balancer,balancer
http://www.antonyme.org/antonyme/balay%C3%A9,balayé
http://www.antonyme.org/antonyme/balayer,balayer
http://www.antonyme.org/antonyme/balbutiement,balbutiement
http://www.antonyme.org/antonyme/balbutier,balbutier
http://www.antonyme.org/antonyme/bal%C3%A8ze,balèze
http://www.antonyme.org/antonyme/balistique,balistique
http://www.antonyme.org/antonyme/baliverne,baliverne
http://www.antonyme.org/antonyme/balivernes,balivernes
http://www.antonyme.org/antonyme/ballast,ballast
http://www.antonyme.org/antonyme/balle,balle
http://www.antonyme.org/antonyme/balles,balles
http://www.antonyme.org/antonyme/ballet,ballet
http://www.antonyme.org/antonyme/ballets,ballets
http://www.antonyme.org/antonyme/ballon,ballon
http://www.antonyme.org/antonyme/ballons,ballons
http://www.antonyme.org/antonyme/ballotter,ballotter
http://www.antonyme.org/antonyme/balourd,balourd
http://www.antonyme.org/antonyme/balourde,balourde
http://www.antonyme.org/antonyme/balourdise,balourdise
http://www.antonyme.org/antonyme/balsamique,balsamique
http://www.antonyme.org/antonyme/bambin,bambin
http://www.antonyme.org/antonyme/bamboche,bamboche
http://www.antonyme.org/antonyme/bambocheuse,bambocheuse
http://www.antonyme.org/antonyme/banal,banal
http://www.antonyme.org/antonyme/banale,banale
http://www.antonyme.org/antonyme/banalement,banalement
http://www.antonyme.org/antonyme/banaliser,banaliser
http://www.antonyme.org/antonyme/banalit%C3%A9,banalité
http://www.antonyme.org/antonyme/banc,banc
http://www.antonyme.org/antonyme/bancal,bancal
http://www.antonyme.org/antonyme/bancs,bancs
http://www.antonyme.org/antonyme/bandant,bandant
http://www.antonyme.org/antonyme/bande,bande
http://www.antonyme.org/antonyme/band%C3%A9,bandé
http://www.antonyme.org/antonyme/bander,bander
http://www.antonyme.org/antonyme/bandes,bandes
http://www.antonyme.org/antonyme/bandit,bandit
http://www.antonyme.org/antonyme/banlieue,banlieue
http://www.antonyme.org/antonyme/banlieues,banlieues
http://www.antonyme.org/antonyme/banne,banne
http://www.antonyme.org/antonyme/banni,banni
http://www.antonyme.org/antonyme/bannies,bannies
http://www.antonyme.org/antonyme/bannir,bannir
http://www.antonyme.org/antonyme/bannissement,bannissement
http://www.antonyme.org/antonyme/banqu%C3%A9,banqué
http://www.antonyme.org/antonyme/banqueroute,banqueroute
http://www.antonyme.org/antonyme/banquet,banquet
http://www.antonyme.org/antonyme/baptiser,baptiser
http://www.antonyme.org/antonyme/bar,bar
http://www.antonyme.org/antonyme/baragouiner,baragouiner
http://www.antonyme.org/antonyme/baraque,baraque
http://www.antonyme.org/antonyme/baraqu%C3%A9,baraqué
http://www.antonyme.org/antonyme/baraquement,baraquement
http://www.antonyme.org/antonyme/baratiner,baratiner
http://www.antonyme.org/antonyme/barbant,barbant
http://www.antonyme.org/antonyme/barbare,barbare
http://www.antonyme.org/antonyme/barbarie,barbarie
http://www.antonyme.org/antonyme/barbel%C3%A9,barbelé
http://www.antonyme.org/antonyme/barbel%C3%A9s,barbelés
http://www.antonyme.org/antonyme/barber,barber
http://www.antonyme.org/antonyme/barbifier,barbifier
http://www.antonyme.org/antonyme/barbiturique,barbiturique
http://www.antonyme.org/antonyme/barbon,barbon
http://www.antonyme.org/antonyme/barboter,barboter
http://www.antonyme.org/antonyme/barbouillage,barbouillage
http://www.antonyme.org/antonyme/barbouill%C3%A9,barbouillé
http://www.antonyme.org/antonyme/barbouiller,barbouiller
http://www.antonyme.org/antonyme/barbouillis,barbouillis
http://www.antonyme.org/antonyme/barbu,barbu
http://www.antonyme.org/antonyme/barde,barde
http://www.antonyme.org/antonyme/bard%C3%A9,bardé
http://www.antonyme.org/antonyme/barder,barder
http://www.antonyme.org/antonyme/bariolage,bariolage
http://www.antonyme.org/antonyme/bariol%C3%A9,bariolé
http://www.antonyme.org/antonyme/barioler,barioler
http://www.antonyme.org/antonyme/baron,baron
http://www.antonyme.org/antonyme/barons,barons
http://www.antonyme.org/antonyme/baroque,baroque
http://www.antonyme.org/antonyme/baroud,baroud
http://www.antonyme.org/antonyme/barouder,barouder
http://www.antonyme.org/antonyme/barrage,barrage
http://www.antonyme.org/antonyme/barrer,barrer
http://www.antonyme.org/antonyme/barricader,barricader
http://www.antonyme.org/antonyme/barricades,barricades
http://www.antonyme.org/antonyme/barri%C3%A8re,barrière
http://www.antonyme.org/antonyme/barri%C3%A8res,barrières
http://www.antonyme.org/antonyme/bas,bas
http://www.antonyme.org/antonyme/bas-fond,bas-fond
http://www.antonyme.org/antonyme/bas-fonds,bas-fonds
http://www.antonyme.org/antonyme/bas-relief,bas-relief
http://www.antonyme.org/antonyme/basal,basal
http://www.antonyme.org/antonyme/basan%C3%A9,basané
http://www.antonyme.org/antonyme/basculer,basculer
http://www.antonyme.org/antonyme/base,base
http://www.antonyme.org/antonyme/bas%C3%A9,basé
http://www.antonyme.org/antonyme/bases,bases
http://www.antonyme.org/antonyme/basique,basique
http://www.antonyme.org/antonyme/basse,basse
http://www.antonyme.org/antonyme/bassement,bassement
http://www.antonyme.org/antonyme/basses,basses
http://www.antonyme.org/antonyme/bassesse,bassesse
http://www.antonyme.org/antonyme/bassinant,bassinant
http://www.antonyme.org/antonyme/bassiner,bassiner
http://www.antonyme.org/antonyme/bastide,bastide
http://www.antonyme.org/antonyme/bastille,bastille
http://www.antonyme.org/antonyme/bastringue,bastringue
http://www.antonyme.org/antonyme/bataille,bataille
http://www.antonyme.org/antonyme/batailler,batailler
http://www.antonyme.org/antonyme/batailles,batailles
http://www.antonyme.org/antonyme/batailleur,batailleur
http://www.antonyme.org/antonyme/batailleuse,batailleuse
http://www.antonyme.org/antonyme/b%C3%A2tard,bâtard
http://www.antonyme.org/antonyme/b%C3%A2tarde,bâtarde
http://www.antonyme.org/antonyme/bateau,bateau
http://www.antonyme.org/antonyme/bateleuse,bateleuse
http://www.antonyme.org/antonyme/bathyscaphe,bathyscaphe
http://www.antonyme.org/antonyme/b%C3%A2ti,bâti
http://www.antonyme.org/antonyme/b%C3%A2tir,bâtir
http://www.antonyme.org/antonyme/b%C3%A2tisseur,bâtisseur
http://www.antonyme.org/antonyme/battement,battement
http://www.antonyme.org/antonyme/battent,battent
http://www.antonyme.org/antonyme/batterie,batterie
http://www.antonyme.org/antonyme/battre,battre
http://www.antonyme.org/antonyme/battu,battu
http://www.antonyme.org/antonyme/battus,battus
http://www.antonyme.org/antonyme/bauge,bauge
http://www.antonyme.org/antonyme/baug%C3%A9s,baugés
http://www.antonyme.org/antonyme/baume,baume
http://www.antonyme.org/antonyme/bavard,bavard
http://www.antonyme.org/antonyme/bavardage,bavardage
http://www.antonyme.org/antonyme/bavarde,bavarde
http://www.antonyme.org/antonyme/bavardes,bavardes
http://www.antonyme.org/antonyme/baver,baver
http://www.antonyme.org/antonyme/baver+de,"baver de"
http://www.antonyme.org/antonyme/baveuse,baveuse
http://www.antonyme.org/antonyme/b%C3%A9ant,béant
http://www.antonyme.org/antonyme/b%C3%A9at,béat
http://www.antonyme.org/antonyme/b%C3%A9ate,béate
http://www.antonyme.org/antonyme/b%C3%A9atitude,béatitude
http://www.antonyme.org/antonyme/beau,beau
http://www.antonyme.org/antonyme/beaucoup,beaucoup
http://www.antonyme.org/antonyme/beaut%C3%A9,beauté
http://www.antonyme.org/antonyme/beaux,beaux
http://www.antonyme.org/antonyme/b%C3%A9b%C3%A9,bébé
http://www.antonyme.org/antonyme/b%C3%A9b%C3%A9s,bébés
http://www.antonyme.org/antonyme/B%C3%A9b%C3%A9s,Bébés
http://www.antonyme.org/antonyme/bec,bec
http://www.antonyme.org/antonyme/b%C3%AAcher,bêcher
http://www.antonyme.org/antonyme/b%C3%AAcheur,bêcheur
http://www.antonyme.org/antonyme/b%C3%AAcheuse,bêcheuse
http://www.antonyme.org/antonyme/b%C3%A9cot,bécot
http://www.antonyme.org/antonyme/bedonnant,bedonnant
http://www.antonyme.org/antonyme/bedonner,bedonner
http://www.antonyme.org/antonyme/b%C3%A9gaiement,bégaiement
http://www.antonyme.org/antonyme/b%C3%A9gayer,bégayer
http://www.antonyme.org/antonyme/b%C3%A9gueule,bégueule
http://www.antonyme.org/antonyme/b%C3%A9gueulerie,bégueulerie
http://www.antonyme.org/antonyme/bel,bel
http://www.antonyme.org/antonyme/bel+%C3%A2ge,"bel âge"
http://www.antonyme.org/antonyme/bel+homme,"bel homme"
http://www.antonyme.org/antonyme/b%C3%AAlant,bêlant
http://www.antonyme.org/antonyme/Bell,Bell
http://www.antonyme.org/antonyme/belle,belle
http://www.antonyme.org/antonyme/belle-de-jour,belle-de-jour
http://www.antonyme.org/antonyme/bellement,bellement
http://www.antonyme.org/antonyme/belles,belles
http://www.antonyme.org/antonyme/belliciste,belliciste
http://www.antonyme.org/antonyme/bellig%C3%A9rance,belligérance
http://www.antonyme.org/antonyme/bellig%C3%A9rant,belligérant
http://www.antonyme.org/antonyme/belliqueuse,belliqueuse
http://www.antonyme.org/antonyme/belliqueux,belliqueux
http://www.antonyme.org/antonyme/b%C3%A9n%C3%A9diction,bénédiction
http://www.antonyme.org/antonyme/b%C3%A9n%C3%A9fice,bénéfice
http://www.antonyme.org/antonyme/b%C3%A9n%C3%A9fice+net,"bénéfice net"
http://www.antonyme.org/antonyme/b%C3%A9n%C3%A9fices,bénéfices
http://www.antonyme.org/antonyme/b%C3%A9n%C3%A9ficiaire,bénéficiaire
http://www.antonyme.org/antonyme/b%C3%A9n%C3%A9ficiaires,bénéficiaires
http://www.antonyme.org/antonyme/b%C3%A9n%C3%A9ficiait,bénéficiait
http://www.antonyme.org/antonyme/b%C3%A9n%C3%A9ficiant,bénéficiant
http://www.antonyme.org/antonyme/b%C3%A9n%C3%A9ficie,bénéficie
http://www.antonyme.org/antonyme/b%C3%A9n%C3%A9fici%C3%A9,bénéficié
http://www.antonyme.org/antonyme/b%C3%A9n%C3%A9ficient,bénéficient
http://www.antonyme.org/antonyme/b%C3%A9n%C3%A9ficier,bénéficier
http://www.antonyme.org/antonyme/b%C3%A9n%C3%A9ficier+de,"bénéficier de"
http://www.antonyme.org/antonyme/b%C3%A9n%C3%A9ficiera,bénéficiera
http://www.antonyme.org/antonyme/b%C3%A9n%C3%A9fique,bénéfique
http://www.antonyme.org/antonyme/b%C3%A9n%C3%A9fiques,bénéfiques
http://www.antonyme.org/antonyme/ben%C3%AAt,benêt
http://www.antonyme.org/antonyme/b%C3%A9n%C3%A9volat,bénévolat
http://www.antonyme.org/antonyme/b%C3%A9n%C3%A9vole,bénévole
http://www.antonyme.org/antonyme/b%C3%A9n%C3%A9voles,bénévoles
http://www.antonyme.org/antonyme/b%C3%A9ni,béni
http://www.antonyme.org/antonyme/b%C3%A9nignement,bénignement
http://www.antonyme.org/antonyme/b%C3%A9nignit%C3%A9,bénignité
http://www.antonyme.org/antonyme/b%C3%A9nin,bénin
http://www.antonyme.org/antonyme/B%C3%A9nin,Bénin
http://www.antonyme.org/antonyme/b%C3%A9nir,bénir
http://www.antonyme.org/antonyme/b%C3%A9nisseur,bénisseur
http://www.antonyme.org/antonyme/benjamin,benjamin
http://www.antonyme.org/antonyme/beno%C3%AEt,benoît
http://www.antonyme.org/antonyme/beno%C3%AEte,benoîte
http://www.antonyme.org/antonyme/b%C3%A9otien,béotien
http://www.antonyme.org/antonyme/b%C3%A9otisme,béotisme
http://www.antonyme.org/antonyme/berceau,berceau
http://www.antonyme.org/antonyme/berceaux,berceaux
http://www.antonyme.org/antonyme/bercer,bercer
http://www.antonyme.org/antonyme/berceur,berceur
http://www.antonyme.org/antonyme/b%C3%A9r%C3%A9zina,bérézina
http://www.antonyme.org/antonyme/berge,berge
http://www.antonyme.org/antonyme/berges,berges
http://www.antonyme.org/antonyme/berme,berme
http://www.antonyme.org/antonyme/berner,berner
http://www.antonyme.org/antonyme/besogne,besogne
http://www.antonyme.org/antonyme/besogneuse,besogneuse
http://www.antonyme.org/antonyme/besogneux,besogneux
http://www.antonyme.org/antonyme/besoin,besoin
http://www.antonyme.org/antonyme/besoins,besoins
http://www.antonyme.org/antonyme/bestial,bestial
http://www.antonyme.org/antonyme/bestialit%C3%A9,bestialité
http://www.antonyme.org/antonyme/b%C3%AAta,bêta
http://www.antonyme.org/antonyme/b%C3%AAte,bête
http://www.antonyme.org/antonyme/b%C3%AAtement,bêtement
http://www.antonyme.org/antonyme/b%C3%AAtes,bêtes
http://www.antonyme.org/antonyme/b%C3%AAtifiant,bêtifiant
http://www.antonyme.org/antonyme/b%C3%AAtifier,bêtifier
http://www.antonyme.org/antonyme/b%C3%AAtise,bêtise
http://www.antonyme.org/antonyme/beuglante,beuglante
http://www.antonyme.org/antonyme/beuglement,beuglement
http://www.antonyme.org/antonyme/beugler,beugler
http://www.antonyme.org/antonyme/beuverie,beuverie
http://www.antonyme.org/antonyme/b%C3%A9vue,bévue
http://www.antonyme.org/antonyme/biais,biais
http://www.antonyme.org/antonyme/bibelot,bibelot
http://www.antonyme.org/antonyme/biberonner,biberonner
http://www.antonyme.org/antonyme/biblioth%C3%A8que,bibliothèque
http://www.antonyme.org/antonyme/biceps,biceps
http://www.antonyme.org/antonyme/bichonner,bichonner
http://www.antonyme.org/antonyme/bicoque,bicoque
http://www.antonyme.org/antonyme/bide,bide
http://www.antonyme.org/antonyme/bidonnant,bidonnant
http://www.antonyme.org/antonyme/bidonner,bidonner
http://www.antonyme.org/antonyme/bien,bien
http://www.antonyme.org/antonyme/bien-aim%C3%A9,bien-aimé
http://www.antonyme.org/antonyme/bien-dire,bien-dire
http://www.antonyme.org/antonyme/bien-disant,bien-disant
http://www.antonyme.org/antonyme/bien-%C3%AAtre,bien-être
http://www.antonyme.org/antonyme/bien-fond%C3%A9,bien-fondé
http://www.antonyme.org/antonyme/bien-pensant,bien-pensant
http://www.antonyme.org/antonyme/bien-pensante,bien-pensante
http://www.antonyme.org/antonyme/bienfaisance,bienfaisance
http://www.antonyme.org/antonyme/bienfaisant,bienfaisant
http://www.antonyme.org/antonyme/bienfaisante,bienfaisante
http://www.antonyme.org/antonyme/bienfait,bienfait
http://www.antonyme.org/antonyme/bienfaiteur,bienfaiteur
http://www.antonyme.org/antonyme/bienheureuse,bienheureuse
http://www.antonyme.org/antonyme/bienheureux,bienheureux
http://www.antonyme.org/antonyme/biens%C3%A9ance,bienséance
http://www.antonyme.org/antonyme/biens%C3%A9ant,bienséant
http://www.antonyme.org/antonyme/bient%C3%B4t,bientôt
http://www.antonyme.org/antonyme/bienveillamment,bienveillamment
http://www.antonyme.org/antonyme/bienveillance,bienveillance
http://www.antonyme.org/antonyme/bienveillant,bienveillant
http://www.antonyme.org/antonyme/bienveillante,bienveillante
http://www.antonyme.org/antonyme/bienveillants,bienveillants
http://www.antonyme.org/antonyme/bienvenu,bienvenu
http://www.antonyme.org/antonyme/biffer,biffer
http://www.antonyme.org/antonyme/bifurcation,bifurcation
http://www.antonyme.org/antonyme/bigame,bigame
http://www.antonyme.org/antonyme/bigarr%C3%A9,bigarré
http://www.antonyme.org/antonyme/bigarrer,bigarrer
http://www.antonyme.org/antonyme/bigarrure,bigarrure
http://www.antonyme.org/antonyme/bigot,bigot
http://www.antonyme.org/antonyme/bigote,bigote
http://www.antonyme.org/antonyme/bigoterie,bigoterie
http://www.antonyme.org/antonyme/bigots,bigots
http://www.antonyme.org/antonyme/bigrement,bigrement
http://www.antonyme.org/antonyme/bijou,bijou
http://www.antonyme.org/antonyme/bijoux,bijoux
http://www.antonyme.org/antonyme/bilat%C3%A9ral,bilatéral
http://www.antonyme.org/antonyme/bilat%C3%A9rale,bilatérale
http://www.antonyme.org/antonyme/bilat%C3%A9raux,bilatéraux
http://www.antonyme.org/antonyme/bile,bile
http://www.antonyme.org/antonyme/bileux,bileux
http://www.antonyme.org/antonyme/bilieuse,bilieuse
http://www.antonyme.org/antonyme/bilieux,bilieux
http://www.antonyme.org/antonyme/bille,bille
http://www.antonyme.org/antonyme/billes,billes
http://www.antonyme.org/antonyme/billeves%C3%A9e,billevesée
http://www.antonyme.org/antonyme/biod%C3%A9gradabilit%C3%A9,biodégradabilité
http://www.antonyme.org/antonyme/biod%C3%A9gradable,biodégradable
http://www.antonyme.org/antonyme/birbe,birbe
http://www.antonyme.org/antonyme/biscornu,biscornu
http://www.antonyme.org/antonyme/biscuit,biscuit
http://www.antonyme.org/antonyme/bisexu%C3%A9,bisexué
http://www.antonyme.org/antonyme/bisquer,bisquer
http://www.antonyme.org/antonyme/bistre,bistre
http://www.antonyme.org/antonyme/bistr%C3%A9,bistré
http://www.antonyme.org/antonyme/biture,biture
http://www.antonyme.org/antonyme/bizarre,bizarre
http://www.antonyme.org/antonyme/bizarrement,bizarrement
http://www.antonyme.org/antonyme/bizarrerie,bizarrerie
http://www.antonyme.org/antonyme/bizarres,bizarres
http://www.antonyme.org/antonyme/bizarro%C3%AFde,bizarroïde
http://www.antonyme.org/antonyme/bizut,bizut
http://www.antonyme.org/antonyme/bizuth,bizuth
http://www.antonyme.org/antonyme/bizuths,bizuths
http://www.antonyme.org/antonyme/blackboulage,blackboulage
http://www.antonyme.org/antonyme/blackbouler,blackbouler
http://www.antonyme.org/antonyme/blafard,blafard
http://www.antonyme.org/antonyme/blafarde,blafarde
http://www.antonyme.org/antonyme/blague,blague
http://www.antonyme.org/antonyme/blagueur,blagueur
http://www.antonyme.org/antonyme/bl%C3%A2mable,blâmable
http://www.antonyme.org/antonyme/bl%C3%A2me,blâme
http://www.antonyme.org/antonyme/bl%C3%A2mer,blâmer
http://www.antonyme.org/antonyme/blanc,blanc
http://www.antonyme.org/antonyme/blanc+de+chaux,"blanc de chaux"
http://www.antonyme.org/antonyme/blanc-bec,blanc-bec
http://www.antonyme.org/antonyme/blanch%C3%A2tre,blanchâtre
http://www.antonyme.org/antonyme/blanche,blanche
http://www.antonyme.org/antonyme/blanches,blanches
http://www.antonyme.org/antonyme/blancheur,blancheur
http://www.antonyme.org/antonyme/blanchir,blanchir
http://www.antonyme.org/antonyme/blancs,blancs
http://www.antonyme.org/antonyme/blase,blase
http://www.antonyme.org/antonyme/blas%C3%A9,blasé
http://www.antonyme.org/antonyme/blas%C3%A9e,blasée
http://www.antonyme.org/antonyme/blaser,blaser
http://www.antonyme.org/antonyme/blasph%C3%A9mateur,blasphémateur
http://www.antonyme.org/antonyme/blasph%C3%A9matrice,blasphématrice
http://www.antonyme.org/antonyme/blasph%C3%A8me,blasphème
http://www.antonyme.org/antonyme/bled,bled
http://www.antonyme.org/antonyme/bl%C3%AAme,blême
http://www.antonyme.org/antonyme/bl%C3%AAmir,blêmir
http://www.antonyme.org/antonyme/blessant,blessant
http://www.antonyme.org/antonyme/blessante,blessante
http://www.antonyme.org/antonyme/blesse,blesse
http://www.antonyme.org/antonyme/bless%C3%A9,blessé
http://www.antonyme.org/antonyme/bless%C3%A9e,blessée
http://www.antonyme.org/antonyme/bless%C3%A9es,blessées
http://www.antonyme.org/antonyme/blesser,blesser
http://www.antonyme.org/antonyme/bless%C3%A9s,blessés
http://www.antonyme.org/antonyme/blessure,blessure
http://www.antonyme.org/antonyme/blessures,blessures
http://www.antonyme.org/antonyme/blet,blet
http://www.antonyme.org/antonyme/bleu,bleu
http://www.antonyme.org/antonyme/bleue,bleue
http://www.antonyme.org/antonyme/bleues,bleues
http://www.antonyme.org/antonyme/bleus,bleus
http://www.antonyme.org/antonyme/blindage,blindage
http://www.antonyme.org/antonyme/blind%C3%A9,blindé
http://www.antonyme.org/antonyme/blind%C3%A9s,blindés
http://www.antonyme.org/antonyme/bloc,bloc
http://www.antonyme.org/antonyme/blocage,blocage
http://www.antonyme.org/antonyme/blocages,blocages
http://www.antonyme.org/antonyme/blocs,blocs
http://www.antonyme.org/antonyme/blond,blond
http://www.antonyme.org/antonyme/blonde,blonde
http://www.antonyme.org/antonyme/blondinet,blondinet
http://www.antonyme.org/antonyme/bloque,bloque
http://www.antonyme.org/antonyme/bloqu%C3%A9,bloqué
http://www.antonyme.org/antonyme/bloqu%C3%A9e,bloquée
http://www.antonyme.org/antonyme/bloqu%C3%A9es,bloquées
http://www.antonyme.org/antonyme/bloquent,bloquent
http://www.antonyme.org/antonyme/bloquer,bloquer
http://www.antonyme.org/antonyme/bloqu%C3%A9s,bloqués
http://www.antonyme.org/antonyme/blotti,blotti
http://www.antonyme.org/antonyme/blottir,blottir
http://www.antonyme.org/antonyme/bluff,bluff
http://www.antonyme.org/antonyme/bobard,bobard
http://www.antonyme.org/antonyme/bobiner,bobiner
http://www.antonyme.org/antonyme/boh%C3%A8me,bohème
http://www.antonyme.org/antonyme/boh%C3%A9mien,bohémien
http://www.antonyme.org/antonyme/boh%C3%A9mienne,bohémienne
http://www.antonyme.org/antonyme/boire,boire
http://www.antonyme.org/antonyme/bois,bois
http://www.antonyme.org/antonyme/boisement,boisement
http://www.antonyme.org/antonyme/boiser,boiser
http://www.antonyme.org/antonyme/boisson,boisson
http://www.antonyme.org/antonyme/boissons,boissons
http://www.antonyme.org/antonyme/boiteux,boiteux
http://www.antonyme.org/antonyme/boitillant,boitillant
http://www.antonyme.org/antonyme/bolchevisme,bolchevisme
http://www.antonyme.org/antonyme/bombance,bombance
http://www.antonyme.org/antonyme/bombarde,bombarde
http://www.antonyme.org/antonyme/bombard%C3%A9,bombardé
http://www.antonyme.org/antonyme/bombe,bombe
http://www.antonyme.org/antonyme/bomb%C3%A9,bombé
http://www.antonyme.org/antonyme/bon,bon
http://www.antonyme.org/antonyme/bon+grain,"bon grain"
http://www.antonyme.org/antonyme/bonace,bonace
http://www.antonyme.org/antonyme/bonapartisme,bonapartisme
http://www.antonyme.org/antonyme/bonasse,bonasse
http://www.antonyme.org/antonyme/bonasserie,bonasserie
http://www.antonyme.org/antonyme/bond,bond
http://www.antonyme.org/antonyme/bonde,bonde
http://www.antonyme.org/antonyme/bond%C3%A9,bondé
http://www.antonyme.org/antonyme/bonds,bonds
http://www.antonyme.org/antonyme/bonheur,bonheur
http://www.antonyme.org/antonyme/bonhomie,bonhomie
http://www.antonyme.org/antonyme/bonhomme,bonhomme
http://www.antonyme.org/antonyme/boni,boni
http://www.antonyme.org/antonyme/bonification,bonification
http://www.antonyme.org/antonyme/boniment,boniment
http://www.antonyme.org/antonyme/boniments,boniments
http://www.antonyme.org/antonyme/bonn,bonn
http://www.antonyme.org/antonyme/Bonn,Bonn
http://www.antonyme.org/antonyme/bonne,bonne
http://www.antonyme.org/antonyme/bonnement,bonnement
http://www.antonyme.org/antonyme/bonnes,bonnes
http://www.antonyme.org/antonyme/bons,bons
http://www.antonyme.org/antonyme/bont%C3%A9,bonté
http://www.antonyme.org/antonyme/bonus,bonus
http://www.antonyme.org/antonyme/boom,boom
http://www.antonyme.org/antonyme/boots,boots
http://www.antonyme.org/antonyme/boqueteau,boqueteau
http://www.antonyme.org/antonyme/bord,bord
http://www.antonyme.org/antonyme/bords,bords
http://www.antonyme.org/antonyme/bordure,bordure
http://www.antonyme.org/antonyme/borgne,borgne
http://www.antonyme.org/antonyme/Borna,Borna
http://www.antonyme.org/antonyme/borne,borne
http://www.antonyme.org/antonyme/born%C3%A9,borné
http://www.antonyme.org/antonyme/born%C3%A9e,bornée
http://www.antonyme.org/antonyme/borner,borner
http://www.antonyme.org/antonyme/bornes,bornes
http://www.antonyme.org/antonyme/bosquet,bosquet
http://www.antonyme.org/antonyme/boss,boss
http://www.antonyme.org/antonyme/bosse,bosse
http://www.antonyme.org/antonyme/bosseler,bosseler
http://www.antonyme.org/antonyme/bosseur,bosseur
http://www.antonyme.org/antonyme/bosseuse,bosseuse
http://www.antonyme.org/antonyme/bossu,bossu
http://www.antonyme.org/antonyme/bossu%C3%A9,bossué
http://www.antonyme.org/antonyme/botte,botte
http://www.antonyme.org/antonyme/botteler,botteler
http://www.antonyme.org/antonyme/botter,botter
http://www.antonyme.org/antonyme/bottes,bottes
http://www.antonyme.org/antonyme/bottillon,bottillon
http://www.antonyme.org/antonyme/bottine,bottine
http://www.antonyme.org/antonyme/boucan,boucan
http://www.antonyme.org/antonyme/boucanier,boucanier
http://www.antonyme.org/antonyme/bouchage,bouchage
http://www.antonyme.org/antonyme/bouche,bouche
http://www.antonyme.org/antonyme/bouch%C3%A9,bouché
http://www.antonyme.org/antonyme/bouche+b%C3%A9e,"bouche bée"
http://www.antonyme.org/antonyme/boucher,boucher
http://www.antonyme.org/antonyme/boucherie,boucherie
http://www.antonyme.org/antonyme/bouchers,bouchers
http://www.antonyme.org/antonyme/bouches,bouches
http://www.antonyme.org/antonyme/bouchon,bouchon
http://www.antonyme.org/antonyme/bouchonner,bouchonner
http://www.antonyme.org/antonyme/boucler,boucler
http://www.antonyme.org/antonyme/bouclier,bouclier
http://www.antonyme.org/antonyme/boucliers,boucliers
http://www.antonyme.org/antonyme/boud%C3%A9,boudé
http://www.antonyme.org/antonyme/bouder,bouder
http://www.antonyme.org/antonyme/bouderie,bouderie
http://www.antonyme.org/antonyme/boudeur,boudeur
http://www.antonyme.org/antonyme/boudeuse,boudeuse
http://www.antonyme.org/antonyme/boudiner,boudiner
http://www.antonyme.org/antonyme/boue,boue
http://www.antonyme.org/antonyme/bouffant,bouffant
http://www.antonyme.org/antonyme/bouffe,bouffe
http://www.antonyme.org/antonyme/bouffer,bouffer
http://www.antonyme.org/antonyme/bouffi,bouffi
http://www.antonyme.org/antonyme/bouffie,bouffie
http://www.antonyme.org/antonyme/bouffon,bouffon
http://www.antonyme.org/antonyme/bouffonne,bouffonne
http://www.antonyme.org/antonyme/bouffonnerie,bouffonnerie
http://www.antonyme.org/antonyme/bouge,bouge
http://www.antonyme.org/antonyme/boug%C3%A9,bougé
http://www.antonyme.org/antonyme/bougent,bougent
http://www.antonyme.org/antonyme/bougon,bougon
http://www.antonyme.org/antonyme/bougonne,bougonne
http://www.antonyme.org/antonyme/bougonner,bougonner
http://www.antonyme.org/antonyme/bouillant,bouillant
http://www.antonyme.org/antonyme/bouillante,bouillante
http://www.antonyme.org/antonyme/bouillir,bouillir
http://www.antonyme.org/antonyme/bouillonnant,bouillonnant
http://www.antonyme.org/antonyme/bouillonnante,bouillonnante
http://www.antonyme.org/antonyme/bouillonnement,bouillonnement
http://www.antonyme.org/antonyme/boule,boule
http://www.antonyme.org/antonyme/boules,boules
http://www.antonyme.org/antonyme/boulet,boulet
http://www.antonyme.org/antonyme/boulette,boulette
http://www.antonyme.org/antonyme/bouleversant,bouleversant
http://www.antonyme.org/antonyme/boulevers%C3%A9,bouleversé
http://www.antonyme.org/antonyme/bouleversement,bouleversement
http://www.antonyme.org/antonyme/bouleversements,bouleversements
http://www.antonyme.org/antonyme/boulimie,boulimie
http://www.antonyme.org/antonyme/boulimique,boulimique
http://www.antonyme.org/antonyme/boulonner,boulonner
http://www.antonyme.org/antonyme/boulot,boulot
http://www.antonyme.org/antonyme/boulots,boulots
http://www.antonyme.org/antonyme/boum,boum
http://www.antonyme.org/antonyme/boumer,boumer
http://www.antonyme.org/antonyme/bouquiner,bouquiner
http://www.antonyme.org/antonyme/bourbeux,bourbeux
http://www.antonyme.org/antonyme/bourbonien,bourbonien
http://www.antonyme.org/antonyme/bourde,bourde
http://www.antonyme.org/antonyme/bourdonnement,bourdonnement
http://www.antonyme.org/antonyme/bourg,bourg
http://www.antonyme.org/antonyme/bourgade,bourgade
http://www.antonyme.org/antonyme/bourgeois,bourgeois
http://www.antonyme.org/antonyme/bourgeoise,bourgeoise
http://www.antonyme.org/antonyme/bourgeoisie,bourgeoisie
http://www.antonyme.org/antonyme/bourrasque,bourrasque
http://www.antonyme.org/antonyme/bourre,bourre
http://www.antonyme.org/antonyme/bourr%C3%A9,bourré
http://www.antonyme.org/antonyme/bourreau,bourreau
http://www.antonyme.org/antonyme/bourreaux,bourreaux
http://www.antonyme.org/antonyme/bourrel%C3%A9,bourrelé
http://www.antonyme.org/antonyme/bourrer,bourrer
http://www.antonyme.org/antonyme/bourrin,bourrin
http://www.antonyme.org/antonyme/bourrique,bourrique
http://www.antonyme.org/antonyme/bourru,bourru
http://www.antonyme.org/antonyme/bourrue,bourrue
http://www.antonyme.org/antonyme/boursier,boursier
http://www.antonyme.org/antonyme/boursiers,boursiers
http://www.antonyme.org/antonyme/boursoufl%C3%A9,boursouflé
http://www.antonyme.org/antonyme/boursoufl%C3%A9s,boursouflés
http://www.antonyme.org/antonyme/bousculade,bousculade
http://www.antonyme.org/antonyme/bousculer,bousculer
http://www.antonyme.org/antonyme/bousill%C3%A9,bousillé
http://www.antonyme.org/antonyme/bousiller,bousiller
http://www.antonyme.org/antonyme/bousin,bousin
http://www.antonyme.org/antonyme/bout,bout
http://www.antonyme.org/antonyme/boutade,boutade
http://www.antonyme.org/antonyme/boutefeu,boutefeu
http://www.antonyme.org/antonyme/boutiquier,boutiquier
http://www.antonyme.org/antonyme/boutiquiers,boutiquiers
http://www.antonyme.org/antonyme/bouton,bouton
http://www.antonyme.org/antonyme/boutonn%C3%A9,boutonné
http://www.antonyme.org/antonyme/boutons,boutons
http://www.antonyme.org/antonyme/bouts,bouts
http://www.antonyme.org/antonyme/boxer,boxer
http://www.antonyme.org/antonyme/boyard,boyard
http://www.antonyme.org/antonyme/boycott,boycott
http://www.antonyme.org/antonyme/bracelets,bracelets
http://www.antonyme.org/antonyme/braillard,braillard
http://www.antonyme.org/antonyme/braillement,braillement
http://www.antonyme.org/antonyme/brailler,brailler
http://www.antonyme.org/antonyme/braire,braire
http://www.antonyme.org/antonyme/branchage,branchage
http://www.antonyme.org/antonyme/branche,branche
http://www.antonyme.org/antonyme/branch%C3%A9,branché
http://www.antonyme.org/antonyme/branchement,branchement
http://www.antonyme.org/antonyme/branches,branches
http://www.antonyme.org/antonyme/branchette,branchette
http://www.antonyme.org/antonyme/branlant,branlant
http://www.antonyme.org/antonyme/branle-bas,branle-bas
http://www.antonyme.org/antonyme/branler,branler
http://www.antonyme.org/antonyme/braquer,braquer
http://www.antonyme.org/antonyme/bras,bras
http://www.antonyme.org/antonyme/brasiller,brasiller
http://www.antonyme.org/antonyme/brasser,brasser
http://www.antonyme.org/antonyme/bravache,bravache
http://www.antonyme.org/antonyme/brave,brave
http://www.antonyme.org/antonyme/brav%C3%A9,bravé
http://www.antonyme.org/antonyme/bravement,bravement
http://www.antonyme.org/antonyme/braver,braver
http://www.antonyme.org/antonyme/braverie,braverie
http://www.antonyme.org/antonyme/bravo,bravo
http://www.antonyme.org/antonyme/bravoure,bravoure
http://www.antonyme.org/antonyme/br%C3%A8che,brèche
http://www.antonyme.org/antonyme/bredouillage,bredouillage
http://www.antonyme.org/antonyme/bredouiller,bredouiller
http://www.antonyme.org/antonyme/bref,bref
http://www.antonyme.org/antonyme/brefs,brefs
http://www.antonyme.org/antonyme/bretteur,bretteur
http://www.antonyme.org/antonyme/breuvage,breuvage
http://www.antonyme.org/antonyme/breuvages,breuvages
http://www.antonyme.org/antonyme/br%C3%A8ve,brève
http://www.antonyme.org/antonyme/br%C3%A8ves,brèves
http://www.antonyme.org/antonyme/brevet%C3%A9,breveté
http://www.antonyme.org/antonyme/br%C3%A9viligne,bréviligne
http://www.antonyme.org/antonyme/bribe,bribe
http://www.antonyme.org/antonyme/bribes,bribes
http://www.antonyme.org/antonyme/bride,bride
http://www.antonyme.org/antonyme/brider,brider
http://www.antonyme.org/antonyme/bri%C3%A8vement,brièvement
http://www.antonyme.org/antonyme/bri%C3%A8vet%C3%A9,brièveté
http://www.antonyme.org/antonyme/brigade,brigade
http://www.antonyme.org/antonyme/brigand,brigand
http://www.antonyme.org/antonyme/briguer,briguer
http://www.antonyme.org/antonyme/brillamment,brillamment
http://www.antonyme.org/antonyme/brillant,brillant
http://www.antonyme.org/antonyme/brillante,brillante
http://www.antonyme.org/antonyme/brillant%C3%A9,brillanté
http://www.antonyme.org/antonyme/brillants,brillants
http://www.antonyme.org/antonyme/briller,briller
http://www.antonyme.org/antonyme/brimade,brimade
http://www.antonyme.org/antonyme/brimer,brimer
http://www.antonyme.org/antonyme/brin,brin
http://www.antonyme.org/antonyme/brindille,brindille
http://www.antonyme.org/antonyme/bringuebaler,bringuebaler
http://www.antonyme.org/antonyme/brio,brio
http://www.antonyme.org/antonyme/bris%C3%A9,brisé
http://www.antonyme.org/antonyme/briser,briser
http://www.antonyme.org/antonyme/brisure,brisure
http://www.antonyme.org/antonyme/brocard,brocard
http://www.antonyme.org/antonyme/brocarder,brocarder
http://www.antonyme.org/antonyme/brochure,brochure
http://www.antonyme.org/antonyme/brod%C3%A9,brodé
http://www.antonyme.org/antonyme/brodequin,brodequin
http://www.antonyme.org/antonyme/broder,broder
http://www.antonyme.org/antonyme/brodeur,brodeur
http://www.antonyme.org/antonyme/broker,broker
http://www.antonyme.org/antonyme/bronzage,bronzage
http://www.antonyme.org/antonyme/bronz%C3%A9,bronzé
http://www.antonyme.org/antonyme/bronzer,bronzer
http://www.antonyme.org/antonyme/brosser,brosser
http://www.antonyme.org/antonyme/brouhaha,brouhaha
http://www.antonyme.org/antonyme/brouillage,brouillage
http://www.antonyme.org/antonyme/brouillard,brouillard
http://www.antonyme.org/antonyme/brouille,brouille
http://www.antonyme.org/antonyme/brouill%C3%A9,brouillé
http://www.antonyme.org/antonyme/brouiller,brouiller
http://www.antonyme.org/antonyme/brouillerie,brouillerie
http://www.antonyme.org/antonyme/brouillon,brouillon
http://www.antonyme.org/antonyme/brouillonne,brouillonne
http://www.antonyme.org/antonyme/broussaille,broussaille
http://www.antonyme.org/antonyme/broussailles,broussailles
http://www.antonyme.org/antonyme/broussailleux,broussailleux
http://www.antonyme.org/antonyme/broutille,broutille
http://www.antonyme.org/antonyme/broy%C3%A9,broyé
http://www.antonyme.org/antonyme/broyer,broyer
http://www.antonyme.org/antonyme/bruire,bruire
http://www.antonyme.org/antonyme/bruissement,bruissement
http://www.antonyme.org/antonyme/bruit,bruit
http://www.antonyme.org/antonyme/bruits,bruits
http://www.antonyme.org/antonyme/br%C3%BBlant,brûlant
http://www.antonyme.org/antonyme/br%C3%BBlante,brûlante
http://www.antonyme.org/antonyme/br%C3%BBl%C3%A9,brûlé
http://www.antonyme.org/antonyme/br%C3%BBle-pourpoint,brûle-pourpoint
http://www.antonyme.org/antonyme/br%C3%BBl%C3%A9es,brûlées
http://www.antonyme.org/antonyme/br%C3%BBler,brûler
http://www.antonyme.org/antonyme/brumeuse,brumeuse
http://www.antonyme.org/antonyme/brumeux,brumeux
http://www.antonyme.org/antonyme/brun,brun
http://www.antonyme.org/antonyme/brun%C3%A2tre,brunâtre
http://www.antonyme.org/antonyme/brune,brune
http://www.antonyme.org/antonyme/brunir,brunir
http://www.antonyme.org/antonyme/brusque,brusque
http://www.antonyme.org/antonyme/brusqu%C3%A9,brusqué
http://www.antonyme.org/antonyme/brusquement,brusquement
http://www.antonyme.org/antonyme/brusquer,brusquer
http://www.antonyme.org/antonyme/brut,brut
http://www.antonyme.org/antonyme/brutal,brutal
http://www.antonyme.org/antonyme/brutale,brutale
http://www.antonyme.org/antonyme/brutalement,brutalement
http://www.antonyme.org/antonyme/brutaliser,brutaliser
http://www.antonyme.org/antonyme/brutalit%C3%A9,brutalité
http://www.antonyme.org/antonyme/brute,brute
http://www.antonyme.org/antonyme/brutes,brutes
http://www.antonyme.org/antonyme/bruyamment,bruyamment
http://www.antonyme.org/antonyme/bruyant,bruyant
http://www.antonyme.org/antonyme/bruyante,bruyante
http://www.antonyme.org/antonyme/buccal,buccal
http://www.antonyme.org/antonyme/b%C3%BBcher,bûcher
http://www.antonyme.org/antonyme/b%C3%BBcheur,bûcheur
http://www.antonyme.org/antonyme/budget,budget
http://www.antonyme.org/antonyme/buisson,buisson
http://www.antonyme.org/antonyme/buissons,buissons
http://www.antonyme.org/antonyme/bunker,bunker
http://www.antonyme.org/antonyme/burlesque,burlesque
http://www.antonyme.org/antonyme/burlesquement,burlesquement
http://www.antonyme.org/antonyme/buse,buse
http://www.antonyme.org/antonyme/busqu%C3%A9,busqué
http://www.antonyme.org/antonyme/but,but
http://www.antonyme.org/antonyme/but%C3%A9,buté
http://www.antonyme.org/antonyme/but%C3%A9e,butée
http://www.antonyme.org/antonyme/buter,buter
http://www.antonyme.org/antonyme/butin,butin
http://www.antonyme.org/antonyme/butor,butor
http://www.antonyme.org/antonyme/buts,buts
http://www.antonyme.org/antonyme/butte,butte
http://www.antonyme.org/antonyme/buvable,buvable
http://www.antonyme.org/antonyme/byzantinisme,byzantinisme
http://www.antonyme.org/antonyme/timide,Timide
http://www.antonyme.org/antonyme/confirmer,Confirmer
http://www.antonyme.org/antonyme/misogyne,Misogyne
http://www.antonyme.org/antonyme/modeste,Modeste
http://www.antonyme.org/antonyme/tardif,Tardif
http://www.antonyme.org/antonyme/liberté,Liberté
http://www.antonyme.org/antonyme/sérieux,Sérieux
http://www.antonyme.org/antonyme/atout,Atout
http://www.antonyme.org/antonyme/confiance,Confiance
http://www.antonyme.org/antonyme/précéder,Précéder
http://www.antonyme.org/antonyme/important,Important
http://www.antonyme.org/antonyme/ponctuel,Ponctuel
http://www.antonyme.org/antonyme/monotone,Monotone
http://www.antonyme.org/antonyme/fiable,Fiable
http://www.antonyme.org/antonyme/original,Original
"http://www.antonyme.org/antonyme/à l'instar","à l instar"
http://www.antonyme.org/antonyme/trouver,Trouver
http://www.antonyme.org/antonyme/amour,Amour
http://www.antonyme.org/antonyme/faire,faire
"http://www.antonyme.org/antonyme/en plus","en plus"
http://www.antonyme.org/antonyme/anglais,anglais
http://www.antonyme.org/antonyme/mettre,mettre
"http://www.antonyme.org/antonyme/en effet","en effet"
http://www.antonyme.org/antonyme/contraire,contraire
http://www.antonyme.org/antonyme/être,être
http://www.antonyme.org/antonyme/avoir,avoir
http://www.antonyme.org/antonyme/problème,problème
http://www.antonyme.org/antonyme/pour,pour
http://www.antonyme.org/antonyme/travail,travail
http://www.antonyme.org/antonyme/créer,créer
http://www.antonyme.org/antonyme/demander,demander
http://www.antonyme.org/antonyme/bien,bien
http://www.antonyme.org/antonyme/important,important
http://www.antonyme.org/antonyme/prendre,prendre
http://www.antonyme.org/antonyme/experience,expérience
http://www.antonyme.org/antonyme/amour,amour
http://www.antonyme.org/antonyme/dire,dire
http://www.antonyme.org/antonyme/trouver,trouver
http://www.antonyme.org/antonyme/augmenter,augmenter
http://www.antonyme.org/antonyme/installer,installer
"http://www.antonyme.org/antonyme/en fait","en fait"
http://www.antonyme.org/antonyme/voir,voir
http://www.antonyme.org/antonyme/aimer,aimer
http://www.antonyme.org/antonyme/temps,temps
http://www.antonyme.org/antonyme/petit,petit
http://www.antonyme.org/antonyme/obtenir,obtenir
http://www.antonyme.org/antonyme/analyse,analyse
http://www.antonyme.org/antonyme/utiliser,utiliser
http://www.antonyme.org/antonyme/savoir,savoir
http://www.antonyme.org/antonyme/montrer,montrer
http://www.antonyme.org/antonyme/développer,développer
http://www.antonyme.org/antonyme/origine,origine
http://www.antonyme.org/antonyme/fin,fin
"http://www.antonyme.org/antonyme/du coup","du coup"
"http://www.antonyme.org/antonyme/en ligne","en ligne"
http://www.antonyme.org/antonyme/changer,changer
http://www.antonyme.org/antonyme/oeuvre,oeuvre
http://www.antonyme.org/antonyme/intéresser,intéresser
http://www.antonyme.org/antonyme/bonne,bonne
http://www.antonyme.org/antonyme/présentation,présentation
http://www.antonyme.org/antonyme/aide,aide
http://www.antonyme.org/antonyme/différent,différent
http://www.antonyme.org/antonyme/vie,vie
http://www.antonyme.org/antonyme/aider,aider
http://www.antonyme.org/antonyme/réaliser,réaliser
http://www.antonyme.org/antonyme/cause,cause
http://www.antonyme.org/antonyme/souhaiter,souhaiter
http://www.antonyme.org/antonyme/belle,belle
http://www.antonyme.org/antonyme/découvrir,découvrir
http://www.antonyme.org/antonyme/intéressant,intéressant
http://www.antonyme.org/antonyme/présenter,présenter
"http://www.antonyme.org/antonyme/suite à","suite à"
http://www.antonyme.org/antonyme/intégrer,intégrer
http://www.antonyme.org/antonyme/grand,grand
http://www.antonyme.org/antonyme/connaître,connaître
http://www.antonyme.org/antonyme/démonter,démonter
http://www.antonyme.org/antonyme/effectuer,effectuer
http://www.antonyme.org/antonyme/beau,beau
http://www.antonyme.org/antonyme/connaissance,connaissance
http://www.antonyme.org/antonyme/emploi,emploi
http://www.antonyme.org/antonyme/recherche,recherche
"http://www.antonyme.org/antonyme/par contre","par contre"
http://www.antonyme.org/antonyme/parler,parler
http://www.antonyme.org/antonyme/explication,explication
http://www.antonyme.org/antonyme/penser,penser
http://www.antonyme.org/antonyme/avec,avec
http://www.antonyme.org/antonyme/triste,triste
http://www.antonyme.org/antonyme/regarder,regarder
http://www.antonyme.org/antonyme/travailler,travailler
http://www.antonyme.org/antonyme/améliorer,améliorer
http://www.antonyme.org/antonyme/tristesse,tristesse
http://www.antonyme.org/antonyme/passer,passer
http://www.antonyme.org/antonyme/création,création
http://www.antonyme.org/antonyme/acquérir,acquérir
"http://www.antonyme.org/antonyme/ainsi que","ainsi que"
http://www.antonyme.org/antonyme/intérêt,intérêt
http://www.antonyme.org/antonyme/passionné,passionné
http://www.antonyme.org/antonyme/peur,peur
http://www.antonyme.org/antonyme/adapter,adapter
http://www.antonyme.org/antonyme/rechercher,rechercher
http://www.antonyme.org/antonyme/passion,passion
http://www.antonyme.org/antonyme/accord,accord
http://www.antonyme.org/antonyme/organisation,organisation
http://www.antonyme.org/antonyme/compétence,compétence
