http://www.antonyme.org/antonyme/eau,eau
http://www.antonyme.org/antonyme/eau+de+Cologne,"eau de Cologne"
http://www.antonyme.org/antonyme/eau+de+Javel,"eau de Javel"
http://www.antonyme.org/antonyme/eau+de+mer,"eau de mer"
http://www.antonyme.org/antonyme/eau+de+source,"eau de source"
http://www.antonyme.org/antonyme/eau+de+toilette,"eau de toilette"
http://www.antonyme.org/antonyme/%C3%A9bahir,ébahir
http://www.antonyme.org/antonyme/%C3%A9baubir,ébaubir
http://www.antonyme.org/antonyme/%C3%A9bauche,ébauche
http://www.antonyme.org/antonyme/%C3%A9bauch%C3%A9,ébauché
http://www.antonyme.org/antonyme/%C3%A9baucher,ébaucher
http://www.antonyme.org/antonyme/%C3%A9berluer,éberluer
http://www.antonyme.org/antonyme/%C3%A9blouir,éblouir
http://www.antonyme.org/antonyme/%C3%A9blouissant,éblouissant
http://www.antonyme.org/antonyme/%C3%A9blouissante,éblouissante
http://www.antonyme.org/antonyme/%C3%A9bouillanter,ébouillanter
http://www.antonyme.org/antonyme/%C3%A9boulement,éboulement
http://www.antonyme.org/antonyme/%C3%A9boulis,éboulis
http://www.antonyme.org/antonyme/%C3%A9bouriffant,ébouriffant
http://www.antonyme.org/antonyme/%C3%A9bouriff%C3%A9,ébouriffé
http://www.antonyme.org/antonyme/%C3%A9bouriffer,ébouriffer
http://www.antonyme.org/antonyme/%C3%A9branlable,ébranlable
http://www.antonyme.org/antonyme/%C3%A9branl%C3%A9,ébranlé
http://www.antonyme.org/antonyme/%C3%A9branlement,ébranlement
http://www.antonyme.org/antonyme/%C3%A9branler,ébranler
http://www.antonyme.org/antonyme/%C3%A9br%C3%A9cher,ébrécher
http://www.antonyme.org/antonyme/%C3%A9brouer,ébrouer
http://www.antonyme.org/antonyme/%C3%A9bruiter,ébruiter
http://www.antonyme.org/antonyme/%C3%A9bullition,ébullition
http://www.antonyme.org/antonyme/%C3%A9cale,écale
http://www.antonyme.org/antonyme/%C3%A9cart,écart
http://www.antonyme.org/antonyme/%C3%A9cart%C3%A9,écarté
http://www.antonyme.org/antonyme/%C3%A9cart%C3%A9e,écartée
http://www.antonyme.org/antonyme/%C3%A9cartement,écartement
http://www.antonyme.org/antonyme/%C3%A9carter,écarter
http://www.antonyme.org/antonyme/%C3%A9cart%C3%A9s,écartés
http://www.antonyme.org/antonyme/%C3%A9carts,écarts
http://www.antonyme.org/antonyme/%C3%A9catir,écatir
http://www.antonyme.org/antonyme/ecchymos%C3%A9,ecchymosé
http://www.antonyme.org/antonyme/eccl%C3%A9siastique,ecclésiastique
http://www.antonyme.org/antonyme/%C3%A9cervel%C3%A9,écervelé
http://www.antonyme.org/antonyme/%C3%A9chafaudage,échafaudage
http://www.antonyme.org/antonyme/%C3%A9chafauder,échafauder
http://www.antonyme.org/antonyme/%C3%A9chancrer,échancrer
http://www.antonyme.org/antonyme/%C3%A9chang%C3%A9es,échangées
http://www.antonyme.org/antonyme/%C3%A9changer,échanger
http://www.antonyme.org/antonyme/%C3%A9chappement,échappement
http://www.antonyme.org/antonyme/%C3%A9chapper,échapper
http://www.antonyme.org/antonyme/%C3%A9charper,écharper
http://www.antonyme.org/antonyme/%C3%A9chauder,échauder
http://www.antonyme.org/antonyme/%C3%A9chauffant,échauffant
http://www.antonyme.org/antonyme/%C3%A9chauffement,échauffement
http://www.antonyme.org/antonyme/%C3%A9chauffer,échauffer
http://www.antonyme.org/antonyme/%C3%A9chauffour%C3%A9e,échauffourée
http://www.antonyme.org/antonyme/%C3%A9ch%C3%A9ance,échéance
http://www.antonyme.org/antonyme/%C3%A9ch%C3%A9ances,échéances
http://www.antonyme.org/antonyme/%C3%A9ch%C3%A9ant,échéant
http://www.antonyme.org/antonyme/%C3%A9chec,échec
http://www.antonyme.org/antonyme/%C3%A9checs,échecs
http://www.antonyme.org/antonyme/%C3%A9chelle,échelle
http://www.antonyme.org/antonyme/%C3%A9chelonner,échelonner
http://www.antonyme.org/antonyme/%C3%A9chevel%C3%A9,échevelé
http://www.antonyme.org/antonyme/%C3%A9chine,échine
http://www.antonyme.org/antonyme/%C3%A9cho,écho
http://www.antonyme.org/antonyme/%C3%A9chou%C3%A9,échoué
http://www.antonyme.org/antonyme/%C3%A9chouer,échouer
http://www.antonyme.org/antonyme/%C3%A9clabousser,éclabousser
http://www.antonyme.org/antonyme/%C3%A9claboussure,éclaboussure
http://www.antonyme.org/antonyme/%C3%A9clair,éclair
http://www.antonyme.org/antonyme/%C3%A9clairage,éclairage
http://www.antonyme.org/antonyme/%C3%A9clairci,éclairci
http://www.antonyme.org/antonyme/%C3%A9claircie,éclaircie
http://www.antonyme.org/antonyme/%C3%A9claircies,éclaircies
http://www.antonyme.org/antonyme/%C3%A9claircir,éclaircir
http://www.antonyme.org/antonyme/%C3%A9claircissement,éclaircissement
http://www.antonyme.org/antonyme/%C3%A9claire,éclaire
http://www.antonyme.org/antonyme/%C3%A9clair%C3%A9,éclairé
http://www.antonyme.org/antonyme/%C3%A9clairer,éclairer
http://www.antonyme.org/antonyme/%C3%A9clat,éclat
http://www.antonyme.org/antonyme/%C3%A9clatant,éclatant
http://www.antonyme.org/antonyme/%C3%A9clatante,éclatante
http://www.antonyme.org/antonyme/%C3%A9clatants,éclatants
http://www.antonyme.org/antonyme/%C3%A9clater,éclater
http://www.antonyme.org/antonyme/%C3%A9clats,éclats
http://www.antonyme.org/antonyme/%C3%A9clectique,éclectique
http://www.antonyme.org/antonyme/%C3%A9clipse,éclipse
http://www.antonyme.org/antonyme/%C3%A9clips%C3%A9,éclipsé
http://www.antonyme.org/antonyme/%C3%A9clipser,éclipser
http://www.antonyme.org/antonyme/%C3%A9clop%C3%A9,éclopé
http://www.antonyme.org/antonyme/%C3%A9clore,éclore
http://www.antonyme.org/antonyme/%C3%A9closion,éclosion
http://www.antonyme.org/antonyme/%C3%A9cluser,écluser
http://www.antonyme.org/antonyme/%C3%A9coeurant,écoeurant
http://www.antonyme.org/antonyme/%C3%A9coeurante,écoeurante
http://www.antonyme.org/antonyme/%C3%A9coeurement,écoeurement
http://www.antonyme.org/antonyme/%C3%A9coeurer,écoeurer
http://www.antonyme.org/antonyme/%C3%A9colier,écolier
http://www.antonyme.org/antonyme/%C3%A9coli%C3%A8re,écolière
http://www.antonyme.org/antonyme/%C3%A9coliers,écoliers
http://www.antonyme.org/antonyme/%C3%A9conduire,éconduire
http://www.antonyme.org/antonyme/%C3%A9conome,économe
http://www.antonyme.org/antonyme/%C3%A9conomie,économie
http://www.antonyme.org/antonyme/%C3%A9conomies,économies
http://www.antonyme.org/antonyme/%C3%A9conomique,économique
http://www.antonyme.org/antonyme/%C3%A9conomiques,économiques
http://www.antonyme.org/antonyme/%C3%A9conomiser,économiser
http://www.antonyme.org/antonyme/%C3%A9corce,écorce
http://www.antonyme.org/antonyme/%C3%A9corcher,écorcher
http://www.antonyme.org/antonyme/%C3%A9corchure,écorchure
http://www.antonyme.org/antonyme/%C3%A9corner,écorner
http://www.antonyme.org/antonyme/%C3%A9coulement,écoulement
http://www.antonyme.org/antonyme/%C3%A9couler,écouler
http://www.antonyme.org/antonyme/%C3%A9court%C3%A9,écourté
http://www.antonyme.org/antonyme/%C3%A9courter,écourter
http://www.antonyme.org/antonyme/%C3%A9coutable,écoutable
http://www.antonyme.org/antonyme/%C3%A9coute-s%27il-pleut,écoute-s'il-pleut
http://www.antonyme.org/antonyme/%C3%A9couter,écouter
http://www.antonyme.org/antonyme/%C3%A9crabouiller,écrabouiller
http://www.antonyme.org/antonyme/%C3%A9cran,écran
http://www.antonyme.org/antonyme/%C3%A9crasant,écrasant
http://www.antonyme.org/antonyme/%C3%A9crasante,écrasante
http://www.antonyme.org/antonyme/%C3%A9crasement,écrasement
http://www.antonyme.org/antonyme/%C3%A9craser,écraser
http://www.antonyme.org/antonyme/%C3%A9cr%C3%A9mage,écrémage
http://www.antonyme.org/antonyme/%C3%A9crire,écrire
http://www.antonyme.org/antonyme/%C3%A9crit,écrit
http://www.antonyme.org/antonyme/%C3%A9crite,écrite
http://www.antonyme.org/antonyme/%C3%A9crites,écrites
http://www.antonyme.org/antonyme/%C3%A9crits,écrits
http://www.antonyme.org/antonyme/%C3%A9crivain,écrivain
http://www.antonyme.org/antonyme/%C3%A9crivait,écrivait
http://www.antonyme.org/antonyme/%C3%A9crivent,écrivent
http://www.antonyme.org/antonyme/%C3%A9crou,écrou
http://www.antonyme.org/antonyme/%C3%A9crouer,écrouer
http://www.antonyme.org/antonyme/%C3%A9croulement,écroulement
http://www.antonyme.org/antonyme/%C3%A9crouler,écrouler
http://www.antonyme.org/antonyme/%C3%A9cueil,écueil
http://www.antonyme.org/antonyme/%C3%A9cul%C3%A9,éculé
http://www.antonyme.org/antonyme/%C3%A9cume,écume
http://www.antonyme.org/antonyme/%C3%A9cumeur,écumeur
http://www.antonyme.org/antonyme/%C3%A9curage,écurage
http://www.antonyme.org/antonyme/%C3%A9curer,écurer
http://www.antonyme.org/antonyme/%C3%A9cuyer,écuyer
http://www.antonyme.org/antonyme/%C3%A9den,éden
http://www.antonyme.org/antonyme/%C3%A9difiant,édifiant
http://www.antonyme.org/antonyme/%C3%A9dification,édification
http://www.antonyme.org/antonyme/%C3%A9difier,édifier
http://www.antonyme.org/antonyme/%C3%A9diter,éditer
http://www.antonyme.org/antonyme/%C3%A9ducateur,éducateur
http://www.antonyme.org/antonyme/%C3%A9ducateurs,éducateurs
http://www.antonyme.org/antonyme/%C3%A9ducation,éducation
http://www.antonyme.org/antonyme/%C3%A9ducatrice,éducatrice
http://www.antonyme.org/antonyme/%C3%A9dulcorer,édulcorer
http://www.antonyme.org/antonyme/%C3%A9duqu%C3%A9,éduqué
http://www.antonyme.org/antonyme/%C3%A9duquer,éduquer
http://www.antonyme.org/antonyme/effa%C3%A7able,effaçable
http://www.antonyme.org/antonyme/efface,efface
http://www.antonyme.org/antonyme/effac%C3%A9,effacé
http://www.antonyme.org/antonyme/effacement,effacement
http://www.antonyme.org/antonyme/effacer,effacer
http://www.antonyme.org/antonyme/effarant,effarant
http://www.antonyme.org/antonyme/effarement,effarement
http://www.antonyme.org/antonyme/effarer,effarer
http://www.antonyme.org/antonyme/effaroucher,effaroucher
http://www.antonyme.org/antonyme/effectif,effectif
http://www.antonyme.org/antonyme/effectifs,effectifs
http://www.antonyme.org/antonyme/effective,effective
http://www.antonyme.org/antonyme/effectivement,effectivement
http://www.antonyme.org/antonyme/effectuer,effectuer
http://www.antonyme.org/antonyme/eff%C3%A9min%C3%A9,efféminé
http://www.antonyme.org/antonyme/eff%C3%A9rent,efférent
http://www.antonyme.org/antonyme/effervescence,effervescence
http://www.antonyme.org/antonyme/effet,effet
http://www.antonyme.org/antonyme/efficace,efficace
http://www.antonyme.org/antonyme/efficacement,efficacement
http://www.antonyme.org/antonyme/efficaces,efficaces
http://www.antonyme.org/antonyme/efficacit%C3%A9,efficacité
http://www.antonyme.org/antonyme/efficient,efficient
http://www.antonyme.org/antonyme/efficiente,efficiente
http://www.antonyme.org/antonyme/effil%C3%A9,effilé
http://www.antonyme.org/antonyme/effil%C3%A9e,effilée
http://www.antonyme.org/antonyme/effiler,effiler
http://www.antonyme.org/antonyme/efflanqu%C3%A9,efflanqué
http://www.antonyme.org/antonyme/effleurement,effleurement
http://www.antonyme.org/antonyme/effleurer,effleurer
http://www.antonyme.org/antonyme/effleurir,effleurir
http://www.antonyme.org/antonyme/effondr%C3%A9,effondré
http://www.antonyme.org/antonyme/effondrement,effondrement
http://www.antonyme.org/antonyme/effondrer,effondrer
http://www.antonyme.org/antonyme/efforcer,efforcer
http://www.antonyme.org/antonyme/effort,effort
http://www.antonyme.org/antonyme/efforts,efforts
http://www.antonyme.org/antonyme/effrayant,effrayant
http://www.antonyme.org/antonyme/effray%C3%A9,effrayé
http://www.antonyme.org/antonyme/effray%C3%A9e,effrayée
http://www.antonyme.org/antonyme/effrayer,effrayer
http://www.antonyme.org/antonyme/effr%C3%A9n%C3%A9,effréné
http://www.antonyme.org/antonyme/effr%C3%A9n%C3%A9e,effrénée
http://www.antonyme.org/antonyme/effroi,effroi
http://www.antonyme.org/antonyme/effront%C3%A9,effronté
http://www.antonyme.org/antonyme/effront%C3%A9ment,effrontément
http://www.antonyme.org/antonyme/effronterie,effronterie
http://www.antonyme.org/antonyme/effroyable,effroyable
http://www.antonyme.org/antonyme/effroyablement,effroyablement
http://www.antonyme.org/antonyme/effusion,effusion
http://www.antonyme.org/antonyme/%C3%A9gal,égal
http://www.antonyme.org/antonyme/%C3%A9galable,égalable
http://www.antonyme.org/antonyme/%C3%A9gale,égale
http://www.antonyme.org/antonyme/%C3%A9gal%C3%A9,égalé
http://www.antonyme.org/antonyme/%C3%A9galement,également
http://www.antonyme.org/antonyme/%C3%A9galer,égaler
http://www.antonyme.org/antonyme/%C3%A9gales,égales
http://www.antonyme.org/antonyme/%C3%A9galiser,égaliser
http://www.antonyme.org/antonyme/%C3%A9galitarisme,égalitarisme
http://www.antonyme.org/antonyme/%C3%A9galit%C3%A9,égalité
http://www.antonyme.org/antonyme/%C3%A9gard,égard
http://www.antonyme.org/antonyme/%C3%A9gards,égards
http://www.antonyme.org/antonyme/%C3%A9garement,égarement
http://www.antonyme.org/antonyme/%C3%A9garer,égarer
http://www.antonyme.org/antonyme/%C3%A9gaux,égaux
http://www.antonyme.org/antonyme/%C3%A9gayant,égayant
http://www.antonyme.org/antonyme/%C3%A9gayer,égayer
http://www.antonyme.org/antonyme/%C3%A9gocentrique,égocentrique
http://www.antonyme.org/antonyme/%C3%A9gocentriques,égocentriques
http://www.antonyme.org/antonyme/%C3%A9gocentrisme,égocentrisme
http://www.antonyme.org/antonyme/%C3%A9go%C3%AFsme,égoïsme
http://www.antonyme.org/antonyme/%C3%A9go%C3%AFste,égoïste
http://www.antonyme.org/antonyme/%C3%A9go%C3%AFstement,égoïstement
http://www.antonyme.org/antonyme/%C3%A9go%C3%AFstes,égoïstes
http://www.antonyme.org/antonyme/%C3%A9gorgement,égorgement
http://www.antonyme.org/antonyme/%C3%A9gosiller,égosiller
http://www.antonyme.org/antonyme/%C3%A9gotisme,égotisme
http://www.antonyme.org/antonyme/%C3%A9gotiste,égotiste
http://www.antonyme.org/antonyme/%C3%A9gout,égout
http://www.antonyme.org/antonyme/%C3%A9gouttis,égouttis
http://www.antonyme.org/antonyme/%C3%A9goutture,égoutture
http://www.antonyme.org/antonyme/%C3%A9gratigner,égratigner
http://www.antonyme.org/antonyme/%C3%A9grillard,égrillard
http://www.antonyme.org/antonyme/%C3%A9grillarde,égrillarde
http://www.antonyme.org/antonyme/%C3%A9grotant,égrotant
http://www.antonyme.org/antonyme/%C3%A9hont%C3%A9,éhonté
http://www.antonyme.org/antonyme/%C3%A9jaculer,éjaculer
http://www.antonyme.org/antonyme/%C3%A9laboration,élaboration
http://www.antonyme.org/antonyme/%C3%A9labor%C3%A9e,élaborée
http://www.antonyme.org/antonyme/%C3%A9laguer,élaguer
http://www.antonyme.org/antonyme/%C3%A9lan,élan
http://www.antonyme.org/antonyme/%C3%A9lanc%C3%A9,élancé
http://www.antonyme.org/antonyme/%C3%A9lanc%C3%A9e,élancée
http://www.antonyme.org/antonyme/%C3%A9lancement,élancement
http://www.antonyme.org/antonyme/%C3%A9lans,élans
http://www.antonyme.org/antonyme/%C3%A9largi,élargi
http://www.antonyme.org/antonyme/%C3%A9largir,élargir
http://www.antonyme.org/antonyme/%C3%A9largissement,élargissement
http://www.antonyme.org/antonyme/%C3%A9largit,élargit
http://www.antonyme.org/antonyme/%C3%A9lasticit%C3%A9,élasticité
http://www.antonyme.org/antonyme/%C3%A9lastique,élastique
http://www.antonyme.org/antonyme/%C3%A9lav%C3%A9,élavé
http://www.antonyme.org/antonyme/eldorado,eldorado
http://www.antonyme.org/antonyme/%C3%A9lecteur,électeur
http://www.antonyme.org/antonyme/%C3%A9lecteurs,électeurs
http://www.antonyme.org/antonyme/%C3%A9lection,élection
http://www.antonyme.org/antonyme/%C3%A9lectivement,électivement
http://www.antonyme.org/antonyme/%C3%A9lectrice,électrice
http://www.antonyme.org/antonyme/%C3%A9lectriser,électriser
http://www.antonyme.org/antonyme/%C3%A9l%C3%A9gamment,élégamment
http://www.antonyme.org/antonyme/%C3%A9l%C3%A9gance,élégance
http://www.antonyme.org/antonyme/%C3%A9l%C3%A9gant,élégant
http://www.antonyme.org/antonyme/%C3%A9l%C3%A9gante,élégante
http://www.antonyme.org/antonyme/%C3%A9l%C3%A9ment,élément
http://www.antonyme.org/antonyme/%C3%A9l%C3%A9mentaire,élémentaire
http://www.antonyme.org/antonyme/%C3%A9l%C3%A9mentaires,élémentaires
http://www.antonyme.org/antonyme/%C3%A9l%C3%A9phantesque,éléphantesque
http://www.antonyme.org/antonyme/%C3%A9levage,élevage
http://www.antonyme.org/antonyme/%C3%A9l%C3%A9vation,élévation
http://www.antonyme.org/antonyme/%C3%A9lev%C3%A9,élevé
http://www.antonyme.org/antonyme/%C3%A9l%C3%A8ve,élève
http://www.antonyme.org/antonyme/%C3%A9lev%C3%A9e,élevée
http://www.antonyme.org/antonyme/%C3%A9lev%C3%A9es,élevées
http://www.antonyme.org/antonyme/%C3%A9lever,élever
http://www.antonyme.org/antonyme/%C3%A9lev%C3%A9s,élevés
http://www.antonyme.org/antonyme/%C3%A9l%C3%A8ves,élèves
http://www.antonyme.org/antonyme/%C3%A9leveur,éleveur
http://www.antonyme.org/antonyme/%C3%A9lim%C3%A9,élimé
http://www.antonyme.org/antonyme/%C3%A9limination,élimination
http://www.antonyme.org/antonyme/%C3%A9limin%C3%A9,éliminé
http://www.antonyme.org/antonyme/%C3%A9liminer,éliminer
http://www.antonyme.org/antonyme/%C3%A9lire,élire
http://www.antonyme.org/antonyme/%C3%A9lite,élite
http://www.antonyme.org/antonyme/%C3%A9lites,élites
http://www.antonyme.org/antonyme/elliptique,elliptique
http://www.antonyme.org/antonyme/elliptiquement,elliptiquement
http://www.antonyme.org/antonyme/%C3%A9loge,éloge
http://www.antonyme.org/antonyme/%C3%A9loges,éloges
http://www.antonyme.org/antonyme/%C3%A9logieuse,élogieuse
http://www.antonyme.org/antonyme/%C3%A9loign%C3%A9,éloigné
http://www.antonyme.org/antonyme/%C3%A9loign%C3%A9e,éloignée
http://www.antonyme.org/antonyme/%C3%A9loign%C3%A9es,éloignées
http://www.antonyme.org/antonyme/%C3%A9loignement,éloignement
http://www.antonyme.org/antonyme/%C3%A9loigner,éloigner
http://www.antonyme.org/antonyme/%C3%A9loign%C3%A9s,éloignés
http://www.antonyme.org/antonyme/%C3%A9loquence,éloquence
http://www.antonyme.org/antonyme/%C3%A9loquent,éloquent
http://www.antonyme.org/antonyme/%C3%A9loquente,éloquente
http://www.antonyme.org/antonyme/%C3%A9lu,élu
http://www.antonyme.org/antonyme/%C3%A9lucider,élucider
http://www.antonyme.org/antonyme/%C3%A9lucubration,élucubration
http://www.antonyme.org/antonyme/%C3%A9luder,éluder
http://www.antonyme.org/antonyme/%C3%A9lue,élue
http://www.antonyme.org/antonyme/%C3%A9lus,élus
http://www.antonyme.org/antonyme/%C3%A9lusive,élusive
http://www.antonyme.org/antonyme/%C3%A9luvion,éluvion
http://www.antonyme.org/antonyme/Elys%C3%A9es,Elysées
http://www.antonyme.org/antonyme/%C3%A9maci%C3%A9,émacié
http://www.antonyme.org/antonyme/%C3%A9macier,émacier
http://www.antonyme.org/antonyme/%C3%A9mailler,émailler
http://www.antonyme.org/antonyme/%C3%A9manant,émanant
http://www.antonyme.org/antonyme/%C3%A9mancipateur,émancipateur
http://www.antonyme.org/antonyme/%C3%A9mancipation,émancipation
http://www.antonyme.org/antonyme/%C3%A9manciper,émanciper
http://www.antonyme.org/antonyme/%C3%A9maner,émaner
http://www.antonyme.org/antonyme/emb%C3%A2cle,embâcle
http://www.antonyme.org/antonyme/emballage,emballage
http://www.antonyme.org/antonyme/emball%C3%A9,emballé
http://www.antonyme.org/antonyme/emballement,emballement
http://www.antonyme.org/antonyme/emballer,emballer
http://www.antonyme.org/antonyme/embarbouiller,embarbouiller
http://www.antonyme.org/antonyme/embard%C3%A9e,embardée
http://www.antonyme.org/antonyme/embarder,embarder
http://www.antonyme.org/antonyme/embarqu%C3%A9,embarqué
http://www.antonyme.org/antonyme/embarquement,embarquement
http://www.antonyme.org/antonyme/embarquer,embarquer
http://www.antonyme.org/antonyme/embarqu%C3%A9s,embarqués
http://www.antonyme.org/antonyme/embarras,embarras
http://www.antonyme.org/antonyme/embarrassant,embarrassant
http://www.antonyme.org/antonyme/embarrassante,embarrassante
http://www.antonyme.org/antonyme/embarrass%C3%A9,embarrassé
http://www.antonyme.org/antonyme/embarrass%C3%A9e,embarrassée
http://www.antonyme.org/antonyme/embarrasser,embarrasser
http://www.antonyme.org/antonyme/embastillement,embastillement
http://www.antonyme.org/antonyme/embastiller,embastiller
http://www.antonyme.org/antonyme/embauchage,embauchage
http://www.antonyme.org/antonyme/embauch%C3%A9,embauché
http://www.antonyme.org/antonyme/embaucher,embaucher
http://www.antonyme.org/antonyme/embaucheur,embaucheur
http://www.antonyme.org/antonyme/embaucheuse,embaucheuse
http://www.antonyme.org/antonyme/embaument,embaument
http://www.antonyme.org/antonyme/embellie,embellie
http://www.antonyme.org/antonyme/embellir,embellir
http://www.antonyme.org/antonyme/embellissement,embellissement
http://www.antonyme.org/antonyme/embesogn%C3%A9,embesogné
http://www.antonyme.org/antonyme/emb%C3%AAtant,embêtant
http://www.antonyme.org/antonyme/emb%C3%AAtement,embêtement
http://www.antonyme.org/antonyme/emb%C3%AAter,embêter
http://www.antonyme.org/antonyme/embl%C3%A9matique,emblématique
http://www.antonyme.org/antonyme/embobeliner,embobeliner
http://www.antonyme.org/antonyme/embobiner,embobiner
http://www.antonyme.org/antonyme/embo%C3%AEtage,emboîtage
http://www.antonyme.org/antonyme/embo%C3%AEter,emboîter
http://www.antonyme.org/antonyme/embonpoint,embonpoint
http://www.antonyme.org/antonyme/embouch%C3%A9,embouché
http://www.antonyme.org/antonyme/embouchure,embouchure
http://www.antonyme.org/antonyme/embouteillage,embouteillage
http://www.antonyme.org/antonyme/embouteillages,embouteillages
http://www.antonyme.org/antonyme/embouteiller,embouteiller
http://www.antonyme.org/antonyme/emboutir,emboutir
http://www.antonyme.org/antonyme/embrasement,embrasement
http://www.antonyme.org/antonyme/embraser,embraser
http://www.antonyme.org/antonyme/embrasser,embrasser
http://www.antonyme.org/antonyme/embrayer,embrayer
http://www.antonyme.org/antonyme/embrigader,embrigader
http://www.antonyme.org/antonyme/embrouille,embrouille
http://www.antonyme.org/antonyme/embrouill%C3%A9,embrouillé
http://www.antonyme.org/antonyme/embrouiller,embrouiller
http://www.antonyme.org/antonyme/embroussailler,embroussailler
http://www.antonyme.org/antonyme/embrum%C3%A9,embrumé
http://www.antonyme.org/antonyme/embrumer,embrumer
http://www.antonyme.org/antonyme/embrunir,embrunir
http://www.antonyme.org/antonyme/embu%C3%A9,embué
http://www.antonyme.org/antonyme/embusquer,embusquer
http://www.antonyme.org/antonyme/%C3%A9mender,émender
http://www.antonyme.org/antonyme/%C3%A9mergent,émergent
http://www.antonyme.org/antonyme/%C3%A9merger,émerger
http://www.antonyme.org/antonyme/%C3%A9merillonn%C3%A9,émerillonné
http://www.antonyme.org/antonyme/%C3%A9m%C3%A9rite,émérite
http://www.antonyme.org/antonyme/%C3%A9mersion,émersion
http://www.antonyme.org/antonyme/%C3%A9merveiller,émerveiller
http://www.antonyme.org/antonyme/%C3%A9met,émet
http://www.antonyme.org/antonyme/%C3%A9metteur,émetteur
http://www.antonyme.org/antonyme/%C3%A9metteurs,émetteurs
http://www.antonyme.org/antonyme/%C3%A9mettre,émettre
http://www.antonyme.org/antonyme/%C3%A9meute,émeute
http://www.antonyme.org/antonyme/%C3%A9meutes,émeutes
http://www.antonyme.org/antonyme/%C3%A9meutier,émeutier
http://www.antonyme.org/antonyme/%C3%A9miettement,émiettement
http://www.antonyme.org/antonyme/%C3%A9mietter,émietter
http://www.antonyme.org/antonyme/%C3%A9migrant,émigrant
http://www.antonyme.org/antonyme/%C3%A9migrants,émigrants
http://www.antonyme.org/antonyme/%C3%A9migration,émigration
http://www.antonyme.org/antonyme/%C3%A9migr%C3%A9,émigré
http://www.antonyme.org/antonyme/%C3%A9migr%C3%A9e,émigrée
http://www.antonyme.org/antonyme/%C3%A9migrer,émigrer
http://www.antonyme.org/antonyme/%C3%A9migr%C3%A9s,émigrés
http://www.antonyme.org/antonyme/%C3%A9minemment,éminemment
http://www.antonyme.org/antonyme/%C3%A9minence,éminence
http://www.antonyme.org/antonyme/%C3%A9minent,éminent
http://www.antonyme.org/antonyme/%C3%A9minente,éminente
http://www.antonyme.org/antonyme/%C3%A9mis,émis
http://www.antonyme.org/antonyme/%C3%A9mise,émise
http://www.antonyme.org/antonyme/%C3%A9missaire,émissaire
http://www.antonyme.org/antonyme/%C3%A9mission,émission
http://www.antonyme.org/antonyme/%C3%A9missions,émissions
http://www.antonyme.org/antonyme/emmagasiner,emmagasiner
http://www.antonyme.org/antonyme/emmaillot%C3%A9,emmailloté
http://www.antonyme.org/antonyme/emmailloter,emmailloter
http://www.antonyme.org/antonyme/emmanch%C3%A9es,emmanchées
http://www.antonyme.org/antonyme/emmancher,emmancher
http://www.antonyme.org/antonyme/emm%C3%AAl%C3%A9,emmêlé
http://www.antonyme.org/antonyme/emm%C3%AAler,emmêler
http://www.antonyme.org/antonyme/emm%C3%A9nagement,emménagement
http://www.antonyme.org/antonyme/emmener,emmener
http://www.antonyme.org/antonyme/emmerdant,emmerdant
http://www.antonyme.org/antonyme/emmerder,emmerder
http://www.antonyme.org/antonyme/emmitoufl%C3%A9,emmitouflé
http://www.antonyme.org/antonyme/emmur%C3%A9,emmuré
http://www.antonyme.org/antonyme/emmurer,emmurer
http://www.antonyme.org/antonyme/%C3%A9moi,émoi
http://www.antonyme.org/antonyme/%C3%A9mollient,émollient
http://www.antonyme.org/antonyme/%C3%A9motif,émotif
http://www.antonyme.org/antonyme/%C3%A9motion,émotion
http://www.antonyme.org/antonyme/%C3%A9motionnel,émotionnel
http://www.antonyme.org/antonyme/%C3%A9motionnelle,émotionnelle
http://www.antonyme.org/antonyme/%C3%A9motionner,émotionner
http://www.antonyme.org/antonyme/%C3%A9motions,émotions
http://www.antonyme.org/antonyme/%C3%A9motive,émotive
http://www.antonyme.org/antonyme/%C3%A9motivit%C3%A9,émotivité
http://www.antonyme.org/antonyme/%C3%A9moudre,émoudre
http://www.antonyme.org/antonyme/%C3%A9moulu,émoulu
http://www.antonyme.org/antonyme/%C3%A9mouss%C3%A9,émoussé
http://www.antonyme.org/antonyme/%C3%A9mouss%C3%A9e,émoussée
http://www.antonyme.org/antonyme/%C3%A9mousser,émousser
http://www.antonyme.org/antonyme/%C3%A9moustill%C3%A9,émoustillé
http://www.antonyme.org/antonyme/%C3%A9mouvant,émouvant
http://www.antonyme.org/antonyme/%C3%A9mouvante,émouvante
http://www.antonyme.org/antonyme/%C3%A9mouvoir,émouvoir
http://www.antonyme.org/antonyme/empaler,empaler
http://www.antonyme.org/antonyme/empaqueter,empaqueter
http://www.antonyme.org/antonyme/emparer,emparer
http://www.antonyme.org/antonyme/emp%C3%A2t%C3%A9,empâté
http://www.antonyme.org/antonyme/emp%C3%A2t%C3%A9e,empâtée
http://www.antonyme.org/antonyme/emp%C3%A2ter,empâter
http://www.antonyme.org/antonyme/empathie,empathie
http://www.antonyme.org/antonyme/empattement,empattement
http://www.antonyme.org/antonyme/emp%C3%AAchant,empêchant
http://www.antonyme.org/antonyme/emp%C3%AAche,empêche
http://www.antonyme.org/antonyme/emp%C3%AAch%C3%A9,empêché
http://www.antonyme.org/antonyme/emp%C3%AAchement,empêchement
http://www.antonyme.org/antonyme/emp%C3%AAchent,empêchent
http://www.antonyme.org/antonyme/emp%C3%AAcher,empêcher
http://www.antonyme.org/antonyme/empes%C3%A9,empesé
http://www.antonyme.org/antonyme/empes%C3%A9e,empesée
http://www.antonyme.org/antonyme/empester,empester
http://www.antonyme.org/antonyme/emp%C3%AAtr%C3%A9,empêtré
http://www.antonyme.org/antonyme/emp%C3%AAtrer,empêtrer
http://www.antonyme.org/antonyme/emphase,emphase
http://www.antonyme.org/antonyme/emphatique,emphatique
http://www.antonyme.org/antonyme/emphatiquement,emphatiquement
http://www.antonyme.org/antonyme/empierrement,empierrement
http://www.antonyme.org/antonyme/empi%C3%A9ter,empiéter
http://www.antonyme.org/antonyme/empiffrer,empiffrer
http://www.antonyme.org/antonyme/empilement,empilement
http://www.antonyme.org/antonyme/empilements,empilements
http://www.antonyme.org/antonyme/empiler,empiler
http://www.antonyme.org/antonyme/empire,empire
http://www.antonyme.org/antonyme/empires,empires
http://www.antonyme.org/antonyme/empirique,empirique
http://www.antonyme.org/antonyme/empirisme,empirisme
http://www.antonyme.org/antonyme/emplafonner,emplafonner
http://www.antonyme.org/antonyme/emplette,emplette
http://www.antonyme.org/antonyme/emplettes,emplettes
http://www.antonyme.org/antonyme/emplir,emplir
http://www.antonyme.org/antonyme/emploi,emploi
http://www.antonyme.org/antonyme/emploie,emploie
http://www.antonyme.org/antonyme/emploient,emploient
http://www.antonyme.org/antonyme/emplois,emplois
http://www.antonyme.org/antonyme/employable,employable
http://www.antonyme.org/antonyme/employant,employant
http://www.antonyme.org/antonyme/employ%C3%A9,employé
http://www.antonyme.org/antonyme/employ%C3%A9+de+bureau,"employé de bureau"
http://www.antonyme.org/antonyme/employ%C3%A9e,employée
http://www.antonyme.org/antonyme/employ%C3%A9es,employées
http://www.antonyme.org/antonyme/employer,employer
http://www.antonyme.org/antonyme/employ%C3%A9s,employés
http://www.antonyme.org/antonyme/employeur,employeur
http://www.antonyme.org/antonyme/employeurs,employeurs
http://www.antonyme.org/antonyme/empocher,empocher
http://www.antonyme.org/antonyme/empoignade,empoignade
http://www.antonyme.org/antonyme/empoigner,empoigner
http://www.antonyme.org/antonyme/empoisonnement,empoisonnement
http://www.antonyme.org/antonyme/empoisonner,empoisonner
http://www.antonyme.org/antonyme/emporte,emporte
http://www.antonyme.org/antonyme/emport%C3%A9,emporté
http://www.antonyme.org/antonyme/emport%C3%A9e,emportée
http://www.antonyme.org/antonyme/emportement,emportement
http://www.antonyme.org/antonyme/emporter,emporter
http://www.antonyme.org/antonyme/emport%C3%A9s,emportés
http://www.antonyme.org/antonyme/empot%C3%A9,empoté
http://www.antonyme.org/antonyme/empress%C3%A9,empressé
http://www.antonyme.org/antonyme/empress%C3%A9e,empressée
http://www.antonyme.org/antonyme/empressement,empressement
http://www.antonyme.org/antonyme/empresser,empresser
http://www.antonyme.org/antonyme/emprisonn%C3%A9,emprisonné
http://www.antonyme.org/antonyme/emprisonnement,emprisonnement
http://www.antonyme.org/antonyme/emprisonner,emprisonner
http://www.antonyme.org/antonyme/emprisonn%C3%A9s,emprisonnés
http://www.antonyme.org/antonyme/emprunt,emprunt
http://www.antonyme.org/antonyme/empruntant,empruntant
http://www.antonyme.org/antonyme/emprunte,emprunte
http://www.antonyme.org/antonyme/emprunt%C3%A9,emprunté
http://www.antonyme.org/antonyme/emprunter,emprunter
http://www.antonyme.org/antonyme/emprunteur,emprunteur
http://www.antonyme.org/antonyme/emprunts,emprunts
http://www.antonyme.org/antonyme/%C3%A9mu,ému
http://www.antonyme.org/antonyme/%C3%A9mulation,émulation
http://www.antonyme.org/antonyme/%C3%A9mule,émule
http://www.antonyme.org/antonyme/en-cas,en-cas
http://www.antonyme.org/antonyme/enamour%C3%A9,enamouré
http://www.antonyme.org/antonyme/%C3%A9namour%C3%A9,énamouré
http://www.antonyme.org/antonyme/enamourer,enamourer
http://www.antonyme.org/antonyme/encadrer,encadrer
http://www.antonyme.org/antonyme/encager,encager
http://www.antonyme.org/antonyme/encaissable,encaissable
http://www.antonyme.org/antonyme/encaissement,encaissement
http://www.antonyme.org/antonyme/encaisser,encaisser
http://www.antonyme.org/antonyme/encanailler,encanailler
http://www.antonyme.org/antonyme/encarter,encarter
http://www.antonyme.org/antonyme/encartonner,encartonner
http://www.antonyme.org/antonyme/encastr%C3%A9,encastré
http://www.antonyme.org/antonyme/encastrer,encastrer
http://www.antonyme.org/antonyme/enceinte,enceinte
http://www.antonyme.org/antonyme/enceintes,enceintes
http://www.antonyme.org/antonyme/encellulement,encellulement
http://www.antonyme.org/antonyme/encelluler,encelluler
http://www.antonyme.org/antonyme/encenser,encenser
http://www.antonyme.org/antonyme/encercler,encercler
http://www.antonyme.org/antonyme/encha%C3%AEn%C3%A9,enchaîné
http://www.antonyme.org/antonyme/encha%C3%AEnement,enchaînement
http://www.antonyme.org/antonyme/encha%C3%AEner,enchaîner
http://www.antonyme.org/antonyme/enchant%C3%A9,enchanté
http://www.antonyme.org/antonyme/enchant%C3%A9+de,"enchanté de"
http://www.antonyme.org/antonyme/enchant%C3%A9e,enchantée
http://www.antonyme.org/antonyme/enchantement,enchantement
http://www.antonyme.org/antonyme/enchanter,enchanter
http://www.antonyme.org/antonyme/enchanteresse,enchanteresse
http://www.antonyme.org/antonyme/enchanteur,enchanteur
http://www.antonyme.org/antonyme/ench%C3%A2sser,enchâsser
http://www.antonyme.org/antonyme/enchatonner,enchatonner
http://www.antonyme.org/antonyme/ench%C3%A9rir,enchérir
http://www.antonyme.org/antonyme/ench%C3%A9rissement,enchérissement
http://www.antonyme.org/antonyme/ench%C3%A9risseur,enchérisseur
http://www.antonyme.org/antonyme/ench%C3%A9risseuse,enchérisseuse
http://www.antonyme.org/antonyme/enchev%C3%AAtr%C3%A9,enchevêtré
http://www.antonyme.org/antonyme/enchev%C3%AAtrer,enchevêtrer
http://www.antonyme.org/antonyme/encheviller,encheviller
http://www.antonyme.org/antonyme/enclav%C3%A9,enclavé
http://www.antonyme.org/antonyme/enclaver,enclaver
http://www.antonyme.org/antonyme/enclencher,enclencher
http://www.antonyme.org/antonyme/enclin,enclin
http://www.antonyme.org/antonyme/enclins,enclins
http://www.antonyme.org/antonyme/enclouer,enclouer
http://www.antonyme.org/antonyme/encodage,encodage
http://www.antonyme.org/antonyme/encollage,encollage
http://www.antonyme.org/antonyme/encoller,encoller
http://www.antonyme.org/antonyme/encombrant,encombrant
http://www.antonyme.org/antonyme/encombrante,encombrante
http://www.antonyme.org/antonyme/encombr%C3%A9,encombré
http://www.antonyme.org/antonyme/encombrement,encombrement
http://www.antonyme.org/antonyme/encombrer,encombrer
http://www.antonyme.org/antonyme/encontre,encontre
http://www.antonyme.org/antonyme/encorder,encorder
http://www.antonyme.org/antonyme/encore,encore
http://www.antonyme.org/antonyme/encourage,encourage
http://www.antonyme.org/antonyme/encourageant,encourageant
http://www.antonyme.org/antonyme/encourageante,encourageante
http://www.antonyme.org/antonyme/encourag%C3%A9e,encouragée
http://www.antonyme.org/antonyme/encouragement,encouragement
http://www.antonyme.org/antonyme/encourager,encourager
http://www.antonyme.org/antonyme/encourir,encourir
http://www.antonyme.org/antonyme/encrasser,encrasser
http://www.antonyme.org/antonyme/encro%C3%BBt%C3%A9,encroûté
http://www.antonyme.org/antonyme/end%C3%A9mique,endémique
http://www.antonyme.org/antonyme/endett%C3%A9,endetté
http://www.antonyme.org/antonyme/endett%C3%A9e,endettée
http://www.antonyme.org/antonyme/endettement,endettement
http://www.antonyme.org/antonyme/endetter,endetter
http://www.antonyme.org/antonyme/endeuill%C3%A9,endeuillé
http://www.antonyme.org/antonyme/endeuiller,endeuiller
http://www.antonyme.org/antonyme/endiabl%C3%A9,endiablé
http://www.antonyme.org/antonyme/endiabl%C3%A9e,endiablée
http://www.antonyme.org/antonyme/endimanch%C3%A9,endimanché
http://www.antonyme.org/antonyme/endimancher,endimancher
http://www.antonyme.org/antonyme/endoctriner,endoctriner
http://www.antonyme.org/antonyme/endog%C3%A8ne,endogène
http://www.antonyme.org/antonyme/endolorir,endolorir
http://www.antonyme.org/antonyme/endommag%C3%A9,endommagé
http://www.antonyme.org/antonyme/endommager,endommager
http://www.antonyme.org/antonyme/endormant,endormant
http://www.antonyme.org/antonyme/endormante,endormante
http://www.antonyme.org/antonyme/endormement,endormement
http://www.antonyme.org/antonyme/endormi,endormi
http://www.antonyme.org/antonyme/endormir,endormir
http://www.antonyme.org/antonyme/endormissement,endormissement
http://www.antonyme.org/antonyme/endosser,endosser
http://www.antonyme.org/antonyme/endroit,endroit
http://www.antonyme.org/antonyme/endroits,endroits
http://www.antonyme.org/antonyme/enduire,enduire
http://www.antonyme.org/antonyme/enduit,enduit
http://www.antonyme.org/antonyme/endurance,endurance
http://www.antonyme.org/antonyme/endurant,endurant
http://www.antonyme.org/antonyme/endurci,endurci
http://www.antonyme.org/antonyme/endurcie,endurcie
http://www.antonyme.org/antonyme/endurcir,endurcir
http://www.antonyme.org/antonyme/endurcissement,endurcissement
http://www.antonyme.org/antonyme/endurer,endurer
http://www.antonyme.org/antonyme/%C3%A9nergie,énergie
http://www.antonyme.org/antonyme/%C3%A9nergies,énergies
http://www.antonyme.org/antonyme/%C3%A9nergique,énergique
http://www.antonyme.org/antonyme/%C3%A9nergiquement,énergiquement
http://www.antonyme.org/antonyme/%C3%A9nergisant,énergisant
http://www.antonyme.org/antonyme/%C3%A9nergisantes,énergisantes
http://www.antonyme.org/antonyme/%C3%A9nervant,énervant
http://www.antonyme.org/antonyme/%C3%A9nerv%C3%A9,énervé
http://www.antonyme.org/antonyme/%C3%A9nervement,énervement
http://www.antonyme.org/antonyme/%C3%A9nerver,énerver
http://www.antonyme.org/antonyme/enfance,enfance
http://www.antonyme.org/antonyme/enfant,enfant
http://www.antonyme.org/antonyme/enfantement,enfantement
http://www.antonyme.org/antonyme/enfantillage,enfantillage
http://www.antonyme.org/antonyme/enfantin,enfantin
http://www.antonyme.org/antonyme/enfer,enfer
http://www.antonyme.org/antonyme/enfermement,enfermement
http://www.antonyme.org/antonyme/enfermer,enfermer
http://www.antonyme.org/antonyme/enferm%C3%A9s,enfermés
http://www.antonyme.org/antonyme/enfers,enfers
http://www.antonyme.org/antonyme/enficher,enficher
http://www.antonyme.org/antonyme/enfi%C3%A8vrement,enfièvrement
http://www.antonyme.org/antonyme/enfi%C3%A9vrer,enfiévrer
http://www.antonyme.org/antonyme/enfiler,enfiler
http://www.antonyme.org/antonyme/enfin,enfin
http://www.antonyme.org/antonyme/enflamm%C3%A9,enflammé
http://www.antonyme.org/antonyme/enflammer,enflammer
http://www.antonyme.org/antonyme/enfler,enfler
http://www.antonyme.org/antonyme/enflure,enflure
http://www.antonyme.org/antonyme/enfonc%C3%A9,enfoncé
http://www.antonyme.org/antonyme/enfoncement,enfoncement
http://www.antonyme.org/antonyme/enfoncer,enfoncer
http://www.antonyme.org/antonyme/enfon%C3%A7ure,enfonçure
http://www.antonyme.org/antonyme/enforcir,enforcir
http://www.antonyme.org/antonyme/enfouir,enfouir
http://www.antonyme.org/antonyme/enfouissement,enfouissement
http://www.antonyme.org/antonyme/enfourner,enfourner
http://www.antonyme.org/antonyme/enfreindre,enfreindre
http://www.antonyme.org/antonyme/enfuir,enfuir
http://www.antonyme.org/antonyme/engage,engage
http://www.antonyme.org/antonyme/engag%C3%A9,engagé
http://www.antonyme.org/antonyme/engageant,engageant
http://www.antonyme.org/antonyme/engag%C3%A9e,engagée
http://www.antonyme.org/antonyme/engag%C3%A9es,engagées
http://www.antonyme.org/antonyme/engagement,engagement
http://www.antonyme.org/antonyme/engagements,engagements
http://www.antonyme.org/antonyme/engager,engager
http://www.antonyme.org/antonyme/engag%C3%A9s,engagés
http://www.antonyme.org/antonyme/englobe,englobe
http://www.antonyme.org/antonyme/englober,englober
http://www.antonyme.org/antonyme/engloutir,engloutir
http://www.antonyme.org/antonyme/engluer,engluer
http://www.antonyme.org/antonyme/engonc%C3%A9,engoncé
http://www.antonyme.org/antonyme/engoncer,engoncer
http://www.antonyme.org/antonyme/engorgement,engorgement
http://www.antonyme.org/antonyme/engorger,engorger
http://www.antonyme.org/antonyme/engouement,engouement
http://www.antonyme.org/antonyme/engouffrer,engouffrer
http://www.antonyme.org/antonyme/engourdi,engourdi
http://www.antonyme.org/antonyme/engourdir,engourdir
http://www.antonyme.org/antonyme/engourdissement,engourdissement
http://www.antonyme.org/antonyme/engraissement,engraissement
http://www.antonyme.org/antonyme/engraisser,engraisser
http://www.antonyme.org/antonyme/engraisseur,engraisseur
http://www.antonyme.org/antonyme/engranger,engranger
http://www.antonyme.org/antonyme/engraver,engraver
http://www.antonyme.org/antonyme/engueulade,engueulade
http://www.antonyme.org/antonyme/engueuler,engueuler
http://www.antonyme.org/antonyme/enguirlander,enguirlander
http://www.antonyme.org/antonyme/enhardir,enhardir
http://www.antonyme.org/antonyme/%C3%A9nigmatique,énigmatique
http://www.antonyme.org/antonyme/%C3%A9nigmatiques,énigmatiques
http://www.antonyme.org/antonyme/enivrement,enivrement
http://www.antonyme.org/antonyme/enivrer,enivrer
http://www.antonyme.org/antonyme/enjamber,enjamber
http://www.antonyme.org/antonyme/enj%C3%B4ler,enjôler
http://www.antonyme.org/antonyme/enjoliver,enjoliver
http://www.antonyme.org/antonyme/enjou%C3%A9,enjoué
http://www.antonyme.org/antonyme/enjou%C3%A9e,enjouée
http://www.antonyme.org/antonyme/enjouement,enjouement
http://www.antonyme.org/antonyme/enlacer,enlacer
http://www.antonyme.org/antonyme/enlaidir,enlaidir
http://www.antonyme.org/antonyme/enlev%C3%A9,enlevé
http://www.antonyme.org/antonyme/enlever,enlever
http://www.antonyme.org/antonyme/enlev%C3%A9s,enlevés
http://www.antonyme.org/antonyme/enliser,enliser
http://www.antonyme.org/antonyme/ennemi,ennemi
http://www.antonyme.org/antonyme/ennemis,ennemis
http://www.antonyme.org/antonyme/ennoblir,ennoblir
http://www.antonyme.org/antonyme/ennuager,ennuager
http://www.antonyme.org/antonyme/ennui,ennui
http://www.antonyme.org/antonyme/ennuis,ennuis
http://www.antonyme.org/antonyme/ennuyant,ennuyant
http://www.antonyme.org/antonyme/ennuy%C3%A9,ennuyé
http://www.antonyme.org/antonyme/ennuyer,ennuyer
http://www.antonyme.org/antonyme/ennuyeuse,ennuyeuse
http://www.antonyme.org/antonyme/ennuyeux,ennuyeux
http://www.antonyme.org/antonyme/%C3%A9noncer,énoncer
http://www.antonyme.org/antonyme/enorgueillir,enorgueillir
http://www.antonyme.org/antonyme/%C3%A9norme,énorme
http://www.antonyme.org/antonyme/%C3%A9norm%C3%A9ment,énormément
http://www.antonyme.org/antonyme/%C3%A9normes,énormes
http://www.antonyme.org/antonyme/%C3%A9normit%C3%A9,énormité
http://www.antonyme.org/antonyme/enquiquinant,enquiquinant
http://www.antonyme.org/antonyme/enquiquiner,enquiquiner
http://www.antonyme.org/antonyme/enracin%C3%A9,enraciné
http://www.antonyme.org/antonyme/enracinement,enracinement
http://www.antonyme.org/antonyme/enraciner,enraciner
http://www.antonyme.org/antonyme/enrag%C3%A9,enragé
http://www.antonyme.org/antonyme/enrageant,enrageant
http://www.antonyme.org/antonyme/enrayer,enrayer
http://www.antonyme.org/antonyme/enr%C3%A9gimenter,enrégimenter
http://www.antonyme.org/antonyme/enregistrant,enregistrant
http://www.antonyme.org/antonyme/enregistr%C3%A9e,enregistrée
http://www.antonyme.org/antonyme/enregistr%C3%A9es,enregistrées
http://www.antonyme.org/antonyme/enregistrer,enregistrer
http://www.antonyme.org/antonyme/enregistr%C3%A9s,enregistrés
http://www.antonyme.org/antonyme/enrichi,enrichi
http://www.antonyme.org/antonyme/enrichie,enrichie
http://www.antonyme.org/antonyme/enrichir,enrichir
http://www.antonyme.org/antonyme/enrichissant,enrichissant
http://www.antonyme.org/antonyme/enrichissante,enrichissante
http://www.antonyme.org/antonyme/enrichissement,enrichissement
http://www.antonyme.org/antonyme/enrober,enrober
http://www.antonyme.org/antonyme/enr%C3%B4ler,enrôler
http://www.antonyme.org/antonyme/enrou%C3%A9,enroué
http://www.antonyme.org/antonyme/enrouiller,enrouiller
http://www.antonyme.org/antonyme/enroulement,enroulement
http://www.antonyme.org/antonyme/enrouler,enrouler
http://www.antonyme.org/antonyme/ensabler,ensabler
http://www.antonyme.org/antonyme/ensacher,ensacher
http://www.antonyme.org/antonyme/enseignant,enseignant
http://www.antonyme.org/antonyme/enseignante,enseignante
http://www.antonyme.org/antonyme/enseignants,enseignants
http://www.antonyme.org/antonyme/enseigner,enseigner
http://www.antonyme.org/antonyme/ensemble,ensemble
http://www.antonyme.org/antonyme/ensembles,ensembles
http://www.antonyme.org/antonyme/ensemencer,ensemencer
http://www.antonyme.org/antonyme/enserrer,enserrer
http://www.antonyme.org/antonyme/ensevelissement,ensevelissement
http://www.antonyme.org/antonyme/ensevelisseur,ensevelisseur
http://www.antonyme.org/antonyme/ensoleill%C3%A9,ensoleillé
http://www.antonyme.org/antonyme/ensoleill%C3%A9e,ensoleillée
http://www.antonyme.org/antonyme/ensoleiller,ensoleiller
http://www.antonyme.org/antonyme/ensommeill%C3%A9,ensommeillé
http://www.antonyme.org/antonyme/ensommeiller,ensommeiller
http://www.antonyme.org/antonyme/ensorcelant,ensorcelant
http://www.antonyme.org/antonyme/ensorcelante,ensorcelante
http://www.antonyme.org/antonyme/ensorcel%C3%A9,ensorcelé
http://www.antonyme.org/antonyme/ensorceler,ensorceler
http://www.antonyme.org/antonyme/ensorceleur,ensorceleur
http://www.antonyme.org/antonyme/ensorceleuse,ensorceleuse
http://www.antonyme.org/antonyme/ensorcellement,ensorcellement
http://www.antonyme.org/antonyme/ensuite,ensuite
http://www.antonyme.org/antonyme/ensuivre,ensuivre
http://www.antonyme.org/antonyme/ensuquer,ensuquer
http://www.antonyme.org/antonyme/entacher,entacher
http://www.antonyme.org/antonyme/entaill%C3%A9,entaillé
http://www.antonyme.org/antonyme/entailler,entailler
http://www.antonyme.org/antonyme/entam%C3%A9e,entamée
http://www.antonyme.org/antonyme/entamer,entamer
http://www.antonyme.org/antonyme/entassement,entassement
http://www.antonyme.org/antonyme/entasser,entasser
http://www.antonyme.org/antonyme/entend,entend
http://www.antonyme.org/antonyme/entendait,entendait
http://www.antonyme.org/antonyme/entendent,entendent
http://www.antonyme.org/antonyme/entendra,entendra
http://www.antonyme.org/antonyme/entendre,entendre
http://www.antonyme.org/antonyme/entendu,entendu
http://www.antonyme.org/antonyme/entendue,entendue
http://www.antonyme.org/antonyme/entendus,entendus
http://www.antonyme.org/antonyme/ent%C3%A9n%C3%A9brer,enténébrer
http://www.antonyme.org/antonyme/entente,entente
http://www.antonyme.org/antonyme/ent%C3%A9rinement,entérinement
http://www.antonyme.org/antonyme/ent%C3%A9riner,entériner
http://www.antonyme.org/antonyme/enterr%C3%A9,enterré
http://www.antonyme.org/antonyme/enterrement,enterrement
http://www.antonyme.org/antonyme/enterrer,enterrer
http://www.antonyme.org/antonyme/ent%C3%AAt%C3%A9,entêté
http://www.antonyme.org/antonyme/ent%C3%AAtement,entêtement
http://www.antonyme.org/antonyme/ent%C3%AAter,entêter
http://www.antonyme.org/antonyme/enthousiasme,enthousiasme
http://www.antonyme.org/antonyme/enthousiasm%C3%A9,enthousiasmé
http://www.antonyme.org/antonyme/enthousiasmer,enthousiasmer
http://www.antonyme.org/antonyme/enthousiaste,enthousiaste
http://www.antonyme.org/antonyme/enthousiastes,enthousiastes
http://www.antonyme.org/antonyme/enticher,enticher
http://www.antonyme.org/antonyme/entier,entier
http://www.antonyme.org/antonyme/enti%C3%A8re,entière
http://www.antonyme.org/antonyme/enti%C3%A8rement,entièrement
http://www.antonyme.org/antonyme/enti%C3%A8res,entières
http://www.antonyme.org/antonyme/enti%C3%A8ret%C3%A9,entièreté
http://www.antonyme.org/antonyme/entiers,entiers
http://www.antonyme.org/antonyme/entit%C3%A9,entité
http://www.antonyme.org/antonyme/entit%C3%A9s,entités
http://www.antonyme.org/antonyme/entortillage,entortillage
http://www.antonyme.org/antonyme/entortill%C3%A9,entortillé
http://www.antonyme.org/antonyme/entortillement,entortillement
http://www.antonyme.org/antonyme/entortiller,entortiller
http://www.antonyme.org/antonyme/entoure,entoure
http://www.antonyme.org/antonyme/entour%C3%A9,entouré
http://www.antonyme.org/antonyme/entour%C3%A9e,entourée
http://www.antonyme.org/antonyme/entourer,entourer
http://www.antonyme.org/antonyme/entracte,entracte
http://www.antonyme.org/antonyme/entrain,entrain
http://www.antonyme.org/antonyme/entra%C3%AEn%C3%A9e,entraînée
http://www.antonyme.org/antonyme/entra%C3%AEner,entraîner
http://www.antonyme.org/antonyme/entra%C3%AEnera,entraînera
http://www.antonyme.org/antonyme/entra%C3%AEnerait,entraînerait
http://www.antonyme.org/antonyme/entrant,entrant
http://www.antonyme.org/antonyme/entrave,entrave
http://www.antonyme.org/antonyme/entrav%C3%A9,entravé
http://www.antonyme.org/antonyme/entraver,entraver
http://www.antonyme.org/antonyme/entraves,entraves
http://www.antonyme.org/antonyme/entre,entre
http://www.antonyme.org/antonyme/entrechoquer,entrechoquer
http://www.antonyme.org/antonyme/entrecoup%C3%A9,entrecoupé
http://www.antonyme.org/antonyme/entr%C3%A9e,entrée
http://www.antonyme.org/antonyme/entr%C3%A9es,entrées
http://www.antonyme.org/antonyme/entregent,entregent
http://www.antonyme.org/antonyme/entrelacer,entrelacer
http://www.antonyme.org/antonyme/entrelarder,entrelarder
http://www.antonyme.org/antonyme/entrem%C3%AAler,entremêler
http://www.antonyme.org/antonyme/entremetteur,entremetteur
http://www.antonyme.org/antonyme/entremetteuse,entremetteuse
http://www.antonyme.org/antonyme/entrent,entrent
http://www.antonyme.org/antonyme/entrep%C3%B4ts,entrepôts
http://www.antonyme.org/antonyme/entreprenant,entreprenant
http://www.antonyme.org/antonyme/entreprenante,entreprenante
http://www.antonyme.org/antonyme/entreprend,entreprend
http://www.antonyme.org/antonyme/entreprendre,entreprendre
http://www.antonyme.org/antonyme/entrepreneur,entrepreneur
http://www.antonyme.org/antonyme/entrepreneurs,entrepreneurs
http://www.antonyme.org/antonyme/entreprise,entreprise
http://www.antonyme.org/antonyme/entreprises,entreprises
http://www.antonyme.org/antonyme/entrer,entrer
http://www.antonyme.org/antonyme/entrera,entrera
http://www.antonyme.org/antonyme/entr%C3%A9s,entrés
http://www.antonyme.org/antonyme/entretenir,entretenir
http://www.antonyme.org/antonyme/entretien,entretien
http://www.antonyme.org/antonyme/entretiennent,entretiennent
http://www.antonyme.org/antonyme/entretiens,entretiens
http://www.antonyme.org/antonyme/entretient,entretient
http://www.antonyme.org/antonyme/entrevue,entrevue
http://www.antonyme.org/antonyme/entrez,entrez
http://www.antonyme.org/antonyme/entrouvert,entrouvert
http://www.antonyme.org/antonyme/%C3%A9num%C3%A9rable,énumérable
http://www.antonyme.org/antonyme/%C3%A9num%C3%A9rer,énumérer
http://www.antonyme.org/antonyme/envahir,envahir
http://www.antonyme.org/antonyme/envahissant,envahissant
http://www.antonyme.org/antonyme/envahissement,envahissement
http://www.antonyme.org/antonyme/envahisseur,envahisseur
http://www.antonyme.org/antonyme/enveloppant,enveloppant
http://www.antonyme.org/antonyme/enveloppe,enveloppe
http://www.antonyme.org/antonyme/envelopp%C3%A9,enveloppé
http://www.antonyme.org/antonyme/enveloppement,enveloppement
http://www.antonyme.org/antonyme/envelopper,envelopper
http://www.antonyme.org/antonyme/envenimer,envenimer
http://www.antonyme.org/antonyme/envers,envers
http://www.antonyme.org/antonyme/enviable,enviable
http://www.antonyme.org/antonyme/envider,envider
http://www.antonyme.org/antonyme/envie,envie
http://www.antonyme.org/antonyme/envier,envier
http://www.antonyme.org/antonyme/envieux,envieux
http://www.antonyme.org/antonyme/environ,environ
http://www.antonyme.org/antonyme/environnant,environnant
http://www.antonyme.org/antonyme/environs,environs
http://www.antonyme.org/antonyme/envisageable,envisageable
http://www.antonyme.org/antonyme/envisag%C3%A9e,envisagée
http://www.antonyme.org/antonyme/envisag%C3%A9s,envisagés
http://www.antonyme.org/antonyme/envoi,envoi
http://www.antonyme.org/antonyme/envoie,envoie
http://www.antonyme.org/antonyme/envol,envol
http://www.antonyme.org/antonyme/envoler,envoler
http://www.antonyme.org/antonyme/envo%C3%BBtant,envoûtant
http://www.antonyme.org/antonyme/envo%C3%BBtante,envoûtante
http://www.antonyme.org/antonyme/envo%C3%BBt%C3%A9,envoûté
http://www.antonyme.org/antonyme/envo%C3%BBtement,envoûtement
http://www.antonyme.org/antonyme/envo%C3%BBter,envoûter
http://www.antonyme.org/antonyme/envoy%C3%A9,envoyé
http://www.antonyme.org/antonyme/envoy%C3%A9e,envoyée
http://www.antonyme.org/antonyme/envoy%C3%A9es,envoyées
http://www.antonyme.org/antonyme/envoyer,envoyer
http://www.antonyme.org/antonyme/envoy%C3%A9s,envoyés
http://www.antonyme.org/antonyme/envoyeur,envoyeur
http://www.antonyme.org/antonyme/%C3%A9pais,épais
http://www.antonyme.org/antonyme/%C3%A9paisse,épaisse
http://www.antonyme.org/antonyme/%C3%A9paisseur,épaisseur
http://www.antonyme.org/antonyme/%C3%A9paissir,épaissir
http://www.antonyme.org/antonyme/%C3%A9paississement,épaississement
http://www.antonyme.org/antonyme/%C3%A9panchement,épanchement
http://www.antonyme.org/antonyme/%C3%A9pancher,épancher
http://www.antonyme.org/antonyme/%C3%A9panoui,épanoui
http://www.antonyme.org/antonyme/%C3%A9panouir,épanouir
http://www.antonyme.org/antonyme/%C3%A9panouissement,épanouissement
http://www.antonyme.org/antonyme/%C3%A9pargnant,épargnant
http://www.antonyme.org/antonyme/%C3%A9pargnants,épargnants
http://www.antonyme.org/antonyme/%C3%A9pargne,épargne
http://www.antonyme.org/antonyme/%C3%A9pargn%C3%A9,épargné
http://www.antonyme.org/antonyme/%C3%A9pargn%C3%A9e,épargnée
http://www.antonyme.org/antonyme/%C3%A9pargner,épargner
http://www.antonyme.org/antonyme/%C3%A9parpill%C3%A9,éparpillé
http://www.antonyme.org/antonyme/%C3%A9parpillement,éparpillement
http://www.antonyme.org/antonyme/%C3%A9parpiller,éparpiller
http://www.antonyme.org/antonyme/%C3%A9pars,épars
http://www.antonyme.org/antonyme/%C3%A9patamment,épatamment
http://www.antonyme.org/antonyme/%C3%A9patant,épatant
http://www.antonyme.org/antonyme/%C3%A9pate,épate
http://www.antonyme.org/antonyme/%C3%A9pat%C3%A9,épaté
http://www.antonyme.org/antonyme/%C3%A9pater,épater
http://www.antonyme.org/antonyme/%C3%A9pauler,épauler
http://www.antonyme.org/antonyme/%C3%A9peler,épeler
http://www.antonyme.org/antonyme/%C3%A9perdu,éperdu
http://www.antonyme.org/antonyme/%C3%A9peurer,épeurer
http://www.antonyme.org/antonyme/%C3%A9ph%C3%A8be,éphèbe
http://www.antonyme.org/antonyme/%C3%A9ph%C3%A9m%C3%A8re,éphémère
http://www.antonyme.org/antonyme/%C3%A9pice,épice
http://www.antonyme.org/antonyme/%C3%A9pic%C3%A9,épicé
http://www.antonyme.org/antonyme/%C3%A9pic%C3%A9e,épicée
http://www.antonyme.org/antonyme/%C3%A9picentre,épicentre
http://www.antonyme.org/antonyme/%C3%A9pices,épices
http://www.antonyme.org/antonyme/%C3%A9picier,épicier
http://www.antonyme.org/antonyme/%C3%A9picurien,épicurien
http://www.antonyme.org/antonyme/%C3%A9picurienne,épicurienne
http://www.antonyme.org/antonyme/%C3%A9pid%C3%A9micit%C3%A9,épidémicité
http://www.antonyme.org/antonyme/%C3%A9pid%C3%A9mie,épidémie
http://www.antonyme.org/antonyme/%C3%A9pid%C3%A9mique,épidémique
http://www.antonyme.org/antonyme/%C3%A9pigone,épigone
http://www.antonyme.org/antonyme/%C3%A9pigramme,épigramme
http://www.antonyme.org/antonyme/%C3%A9pilogue,épilogue
http://www.antonyme.org/antonyme/%C3%A9piloguer,épiloguer
http://www.antonyme.org/antonyme/%C3%A9pineux,épineux
http://www.antonyme.org/antonyme/%C3%A9piph%C3%A9nom%C3%A8ne,épiphénomène
http://www.antonyme.org/antonyme/%C3%A9pique,épique
http://www.antonyme.org/antonyme/%C3%A9pisodique,épisodique
http://www.antonyme.org/antonyme/%C3%A9pisodiquement,épisodiquement
http://www.antonyme.org/antonyme/%C3%A9pith%C3%A8te,épithète
http://www.antonyme.org/antonyme/%C3%A9plor%C3%A9,éploré
http://www.antonyme.org/antonyme/%C3%A9ployer,éployer
http://www.antonyme.org/antonyme/%C3%A9pointer,épointer
http://www.antonyme.org/antonyme/%C3%A9ponge,éponge
http://www.antonyme.org/antonyme/%C3%A9ponger,éponger
http://www.antonyme.org/antonyme/%C3%A9pop%C3%A9e,épopée
http://www.antonyme.org/antonyme/%C3%A9poumoner,époumoner
http://www.antonyme.org/antonyme/%C3%A9pouse,épouse
http://www.antonyme.org/antonyme/%C3%A9pouser,épouser
http://www.antonyme.org/antonyme/%C3%A9pouses,épouses
http://www.antonyme.org/antonyme/%C3%A9poustouflant,époustouflant
http://www.antonyme.org/antonyme/%C3%A9poustoufler,époustoufler
http://www.antonyme.org/antonyme/%C3%A9pouvantable,épouvantable
http://www.antonyme.org/antonyme/%C3%A9pouvantablement,épouvantablement
http://www.antonyme.org/antonyme/%C3%A9pouvantail,épouvantail
http://www.antonyme.org/antonyme/%C3%A9pouvante,épouvante
http://www.antonyme.org/antonyme/%C3%A9pouvant%C3%A9,épouvanté
http://www.antonyme.org/antonyme/%C3%A9pouvantement,épouvantement
http://www.antonyme.org/antonyme/%C3%A9pouvanter,épouvanter
http://www.antonyme.org/antonyme/%C3%A9poux,époux
http://www.antonyme.org/antonyme/%C3%A9preuve,épreuve
http://www.antonyme.org/antonyme/%C3%A9preuves,épreuves
http://www.antonyme.org/antonyme/%C3%A9pris,épris
http://www.antonyme.org/antonyme/%C3%A9prise,éprise
http://www.antonyme.org/antonyme/%C3%A9prouvant,éprouvant
http://www.antonyme.org/antonyme/%C3%A9prouve,éprouve
http://www.antonyme.org/antonyme/%C3%A9prouv%C3%A9,éprouvé
http://www.antonyme.org/antonyme/%C3%A9prouv%C3%A9e,éprouvée
http://www.antonyme.org/antonyme/%C3%A9prouvent,éprouvent
http://www.antonyme.org/antonyme/%C3%A9prouver,éprouver
http://www.antonyme.org/antonyme/%C3%A9puisant,épuisant
http://www.antonyme.org/antonyme/%C3%A9puis%C3%A9,épuisé
http://www.antonyme.org/antonyme/%C3%A9puisement,épuisement
http://www.antonyme.org/antonyme/%C3%A9puiser,épuiser
http://www.antonyme.org/antonyme/%C3%A9puis%C3%A9s,épuisés
http://www.antonyme.org/antonyme/%C3%A9puration,épuration
http://www.antonyme.org/antonyme/%C3%A9purement,épurement
http://www.antonyme.org/antonyme/%C3%A9purer,épurer
http://www.antonyme.org/antonyme/%C3%A9quarrir,équarrir
http://www.antonyme.org/antonyme/%C3%A9quilibre,équilibre
http://www.antonyme.org/antonyme/%C3%A9quilibr%C3%A9,équilibré
http://www.antonyme.org/antonyme/%C3%A9quilibr%C3%A9e,équilibrée
http://www.antonyme.org/antonyme/%C3%A9quilibres,équilibres
http://www.antonyme.org/antonyme/%C3%A9quilibriste,équilibriste
http://www.antonyme.org/antonyme/%C3%A9quipe,équipe
http://www.antonyme.org/antonyme/%C3%A9quip%C3%A9,équipé
http://www.antonyme.org/antonyme/%C3%A9quiper,équiper
http://www.antonyme.org/antonyme/%C3%A9quipes,équipes
http://www.antonyme.org/antonyme/%C3%A9quip%C3%A9s,équipés
http://www.antonyme.org/antonyme/%C3%A9quipier,équipier
http://www.antonyme.org/antonyme/%C3%A9quipollence,équipollence
http://www.antonyme.org/antonyme/%C3%A9quitable,équitable
http://www.antonyme.org/antonyme/%C3%A9quitablement,équitablement
http://www.antonyme.org/antonyme/%C3%A9quit%C3%A9,équité
http://www.antonyme.org/antonyme/%C3%A9quivalant,équivalant
http://www.antonyme.org/antonyme/%C3%A9quivalence,équivalence
http://www.antonyme.org/antonyme/%C3%A9quivalent,équivalent
http://www.antonyme.org/antonyme/%C3%A9quivalente,équivalente
http://www.antonyme.org/antonyme/%C3%A9quivalentes,équivalentes
http://www.antonyme.org/antonyme/%C3%A9quivalents,équivalents
http://www.antonyme.org/antonyme/%C3%A9quivoque,équivoque
http://www.antonyme.org/antonyme/%C3%A9rafler,érafler
http://www.antonyme.org/antonyme/%C3%A9raflure,éraflure
http://www.antonyme.org/antonyme/%C3%A9raill%C3%A9,éraillé
http://www.antonyme.org/antonyme/%C3%A9railler,érailler
http://www.antonyme.org/antonyme/%C3%A9raillure,éraillure
http://www.antonyme.org/antonyme/%C3%A9rection,érection
http://www.antonyme.org/antonyme/%C3%A9reintant,éreintant
http://www.antonyme.org/antonyme/%C3%A9reintement,éreintement
http://www.antonyme.org/antonyme/%C3%A9reinter,éreinter
http://www.antonyme.org/antonyme/%C3%A9r%C3%A9mitique,érémitique
http://www.antonyme.org/antonyme/%C3%A9r%C3%A9mitisme,érémitisme
http://www.antonyme.org/antonyme/erg,erg
http://www.antonyme.org/antonyme/ergoter,ergoter
http://www.antonyme.org/antonyme/ergoteur,ergoteur
http://www.antonyme.org/antonyme/ergs,ergs
http://www.antonyme.org/antonyme/%C3%A9riger,ériger
http://www.antonyme.org/antonyme/ermite,ermite
http://www.antonyme.org/antonyme/%C3%A9roder,éroder
http://www.antonyme.org/antonyme/%C3%A9rotique,érotique
http://www.antonyme.org/antonyme/%C3%A9rotisme,érotisme
http://www.antonyme.org/antonyme/%C3%A9rotomane,érotomane
http://www.antonyme.org/antonyme/errant,errant
http://www.antonyme.org/antonyme/erratique,erratique
http://www.antonyme.org/antonyme/errements,errements
http://www.antonyme.org/antonyme/errer,errer
http://www.antonyme.org/antonyme/erreur,erreur
http://www.antonyme.org/antonyme/erreurs,erreurs
http://www.antonyme.org/antonyme/erron%C3%A9,erroné
http://www.antonyme.org/antonyme/erron%C3%A9e,erronée
http://www.antonyme.org/antonyme/erron%C3%A9ment,erronément
http://www.antonyme.org/antonyme/%C3%A9rudit,érudit
http://www.antonyme.org/antonyme/%C3%A9rudite,érudite
http://www.antonyme.org/antonyme/%C3%A9rudition,érudition
http://www.antonyme.org/antonyme/esbigner,esbigner
http://www.antonyme.org/antonyme/escalade,escalade
http://www.antonyme.org/antonyme/escalader,escalader
http://www.antonyme.org/antonyme/escale,escale
http://www.antonyme.org/antonyme/escamotage,escamotage
http://www.antonyme.org/antonyme/escamoter,escamoter
http://www.antonyme.org/antonyme/escarmouche,escarmouche
http://www.antonyme.org/antonyme/escarpe,escarpe
http://www.antonyme.org/antonyme/escarp%C3%A9,escarpé
http://www.antonyme.org/antonyme/escient,escient
http://www.antonyme.org/antonyme/esclaffer,esclaffer
http://www.antonyme.org/antonyme/esclandre,esclandre
http://www.antonyme.org/antonyme/esclavage,esclavage
http://www.antonyme.org/antonyme/esclavages,esclavages
http://www.antonyme.org/antonyme/esclavagisme,esclavagisme
http://www.antonyme.org/antonyme/esclavagiste,esclavagiste
http://www.antonyme.org/antonyme/esclave,esclave
http://www.antonyme.org/antonyme/esclaves,esclaves
http://www.antonyme.org/antonyme/escobarderie,escobarderie
http://www.antonyme.org/antonyme/escompter,escompter
http://www.antonyme.org/antonyme/escorter,escorter
http://www.antonyme.org/antonyme/escrimer,escrimer
http://www.antonyme.org/antonyme/escroc,escroc
http://www.antonyme.org/antonyme/escroquer,escroquer
http://www.antonyme.org/antonyme/%C3%A9sot%C3%A9rique,ésotérique
http://www.antonyme.org/antonyme/%C3%A9sot%C3%A9risme,ésotérisme
http://www.antonyme.org/antonyme/espace,espace
http://www.antonyme.org/antonyme/espac%C3%A9,espacé
http://www.antonyme.org/antonyme/espacement,espacement
http://www.antonyme.org/antonyme/espacer,espacer
http://www.antonyme.org/antonyme/espaces,espaces
http://www.antonyme.org/antonyme/esp%C3%A8ce,espèce
http://www.antonyme.org/antonyme/esp%C3%A9rait,espérait
http://www.antonyme.org/antonyme/esp%C3%A9rance,espérance
http://www.antonyme.org/antonyme/esp%C3%A9rances,espérances
http://www.antonyme.org/antonyme/esp%C3%A8rent,espèrent
http://www.antonyme.org/antonyme/esp%C3%A9rons,espérons
http://www.antonyme.org/antonyme/espi%C3%A8gle,espiègle
http://www.antonyme.org/antonyme/espi%C3%A8glerie,espièglerie
http://www.antonyme.org/antonyme/espoir,espoir
http://www.antonyme.org/antonyme/espoirs,espoirs
http://www.antonyme.org/antonyme/esprit,esprit
http://www.antonyme.org/antonyme/esprits,esprits
http://www.antonyme.org/antonyme/esquisse,esquisse
http://www.antonyme.org/antonyme/esquisser,esquisser
http://www.antonyme.org/antonyme/esquisses,esquisses
http://www.antonyme.org/antonyme/esquiver,esquiver
http://www.antonyme.org/antonyme/essai,essai
http://www.antonyme.org/antonyme/essaie,essaie
http://www.antonyme.org/antonyme/essaient,essaient
http://www.antonyme.org/antonyme/essaim,essaim
http://www.antonyme.org/antonyme/essaims,essaims
http://www.antonyme.org/antonyme/essais,essais
http://www.antonyme.org/antonyme/essay%C3%A9,essayé
http://www.antonyme.org/antonyme/essayer,essayer
http://www.antonyme.org/antonyme/essence,essence
http://www.antonyme.org/antonyme/essentialiste,essentialiste
http://www.antonyme.org/antonyme/essentiel,essentiel
http://www.antonyme.org/antonyme/essentielle,essentielle
http://www.antonyme.org/antonyme/essentiellement,essentiellement
http://www.antonyme.org/antonyme/essentielles,essentielles
http://www.antonyme.org/antonyme/essentiels,essentiels
http://www.antonyme.org/antonyme/essor,essor
http://www.antonyme.org/antonyme/essorer,essorer
http://www.antonyme.org/antonyme/essuyer,essuyer
http://www.antonyme.org/antonyme/est,est
http://www.antonyme.org/antonyme/estafette,estafette
http://www.antonyme.org/antonyme/ester,ester
http://www.antonyme.org/antonyme/esth%C3%A9tique,esthétique
http://www.antonyme.org/antonyme/esth%C3%A9tiques,esthétiques
http://www.antonyme.org/antonyme/estimable,estimable
http://www.antonyme.org/antonyme/estimaient,estimaient
http://www.antonyme.org/antonyme/estimait,estimait
http://www.antonyme.org/antonyme/estimant,estimant
http://www.antonyme.org/antonyme/estime,estime
http://www.antonyme.org/antonyme/estim%C3%A9,estimé
http://www.antonyme.org/antonyme/estim%C3%A9e,estimée
http://www.antonyme.org/antonyme/estiment,estiment
http://www.antonyme.org/antonyme/estimer,estimer
http://www.antonyme.org/antonyme/estim%C3%A9s,estimés
http://www.antonyme.org/antonyme/estival,estival
http://www.antonyme.org/antonyme/estivale,estivale
http://www.antonyme.org/antonyme/estomaquer,estomaquer
http://www.antonyme.org/antonyme/estomp%C3%A9,estompé
http://www.antonyme.org/antonyme/estomper,estomper
http://www.antonyme.org/antonyme/estrade,estrade
http://www.antonyme.org/antonyme/estropi%C3%A9,estropié
http://www.antonyme.org/antonyme/estropier,estropier
http://www.antonyme.org/antonyme/%C3%A9tabli,établi
http://www.antonyme.org/antonyme/%C3%A9tablie,établie
http://www.antonyme.org/antonyme/%C3%A9tablies,établies
http://www.antonyme.org/antonyme/%C3%A9tablir,établir
http://www.antonyme.org/antonyme/%C3%A9tablis,établis
http://www.antonyme.org/antonyme/%C3%A9tablissement,établissement
http://www.antonyme.org/antonyme/%C3%A9tablissements,établissements
http://www.antonyme.org/antonyme/%C3%A9tablit,établit
http://www.antonyme.org/antonyme/%C3%A9tage,étage
http://www.antonyme.org/antonyme/%C3%A9taient,étaient
http://www.antonyme.org/antonyme/%C3%A9tait,était
http://www.antonyme.org/antonyme/%C3%A9tale,étale
http://www.antonyme.org/antonyme/%C3%A9tal%C3%A9,étalé
http://www.antonyme.org/antonyme/%C3%A9taler,étaler
http://www.antonyme.org/antonyme/%C3%A9talon,étalon
http://www.antonyme.org/antonyme/%C3%A9tamper,étamper
http://www.antonyme.org/antonyme/%C3%A9tanche,étanche
http://www.antonyme.org/antonyme/%C3%A9tanch%C3%A9,étanché
http://www.antonyme.org/antonyme/%C3%A9tancher,étancher
http://www.antonyme.org/antonyme/%C3%A9tant,étant
http://www.antonyme.org/antonyme/%C3%A9tape,étape
http://www.antonyme.org/antonyme/%C3%A9tapes,étapes
http://www.antonyme.org/antonyme/Etat,Etat
http://www.antonyme.org/antonyme/%C3%A9tat,état
http://www.antonyme.org/antonyme/%C3%A9tat+d%27esprit,"état d'esprit"
http://www.antonyme.org/antonyme/%C3%A9tat+mental,"état mental"
http://www.antonyme.org/antonyme/%C3%A9tat-major,état-major
http://www.antonyme.org/antonyme/%C3%A9tatisation,étatisation
http://www.antonyme.org/antonyme/%C3%A9tatiser,étatiser
http://www.antonyme.org/antonyme/%C3%A9tatisme,étatisme
http://www.antonyme.org/antonyme/%C3%A9tats,états
http://www.antonyme.org/antonyme/%C3%A9tay%C3%A9,étayé
http://www.antonyme.org/antonyme/%C3%A9tayer,étayer
http://www.antonyme.org/antonyme/%C3%A9t%C3%A9,été
http://www.antonyme.org/antonyme/%C3%A9teignoir,éteignoir
http://www.antonyme.org/antonyme/%C3%A9teindre,éteindre
http://www.antonyme.org/antonyme/%C3%A9teint,éteint
http://www.antonyme.org/antonyme/%C3%A9teinte,éteinte
http://www.antonyme.org/antonyme/%C3%A9tendre,étendre
http://www.antonyme.org/antonyme/%C3%A9tendu,étendu
http://www.antonyme.org/antonyme/%C3%A9tendue,étendue
http://www.antonyme.org/antonyme/%C3%A9tendues,étendues
http://www.antonyme.org/antonyme/%C3%A9ternel,éternel
http://www.antonyme.org/antonyme/%C3%A9ternelle,éternelle
http://www.antonyme.org/antonyme/%C3%A9ternellement,éternellement
http://www.antonyme.org/antonyme/%C3%A9terniser,éterniser
http://www.antonyme.org/antonyme/%C3%A9ternit%C3%A9,éternité
http://www.antonyme.org/antonyme/%C3%A9th%C3%A9r%C3%A9,éthéré
http://www.antonyme.org/antonyme/%C3%A9th%C3%A9r%C3%A9e,éthérée
http://www.antonyme.org/antonyme/%C3%A9thique,éthique
http://www.antonyme.org/antonyme/ethnique,ethnique
http://www.antonyme.org/antonyme/%C3%A9thylisme,éthylisme
http://www.antonyme.org/antonyme/%C3%A9tincelant,étincelant
http://www.antonyme.org/antonyme/%C3%A9tincelante,étincelante
http://www.antonyme.org/antonyme/%C3%A9tinceler,étinceler
http://www.antonyme.org/antonyme/%C3%A9tincelle,étincelle
http://www.antonyme.org/antonyme/%C3%A9tiolement,étiolement
http://www.antonyme.org/antonyme/%C3%A9tions,étions
http://www.antonyme.org/antonyme/%C3%A9tique,étique
http://www.antonyme.org/antonyme/%C3%A9tiqueter,étiqueter
http://www.antonyme.org/antonyme/%C3%A9tirable,étirable
http://www.antonyme.org/antonyme/%C3%A9tirer,étirer
http://www.antonyme.org/antonyme/%C3%A9tisie,étisie
http://www.antonyme.org/antonyme/%C3%A9toile,étoile
http://www.antonyme.org/antonyme/%C3%A9toil%C3%A9,étoilé
http://www.antonyme.org/antonyme/%C3%A9toile+du+berger,"étoile du berger"
http://www.antonyme.org/antonyme/%C3%A9toile+du+nord,"étoile du nord"
http://www.antonyme.org/antonyme/%C3%A9toiles,étoiles
http://www.antonyme.org/antonyme/%C3%A9tonnant,étonnant
http://www.antonyme.org/antonyme/%C3%A9tonnante,étonnante
http://www.antonyme.org/antonyme/%C3%A9tonnants,étonnants
http://www.antonyme.org/antonyme/%C3%A9tonn%C3%A9,étonné
http://www.antonyme.org/antonyme/%C3%A9tonner,étonner
http://www.antonyme.org/antonyme/%C3%A9tonn%C3%A9s,étonnés
http://www.antonyme.org/antonyme/%C3%A9touffant,étouffant
http://www.antonyme.org/antonyme/%C3%A9touff%C3%A9,étouffé
http://www.antonyme.org/antonyme/%C3%A9touffement,étouffement
http://www.antonyme.org/antonyme/%C3%A9touffer,étouffer
http://www.antonyme.org/antonyme/%C3%A9tourderie,étourderie
http://www.antonyme.org/antonyme/%C3%A9tourdi,étourdi
http://www.antonyme.org/antonyme/%C3%A9tourdie,étourdie
http://www.antonyme.org/antonyme/%C3%A9tourdiment,étourdiment
http://www.antonyme.org/antonyme/%C3%A9tourdir,étourdir
http://www.antonyme.org/antonyme/%C3%A9tourdissant,étourdissant
http://www.antonyme.org/antonyme/%C3%A9tourdissantes,étourdissantes
http://www.antonyme.org/antonyme/%C3%A9trange,étrange
http://www.antonyme.org/antonyme/%C3%A9tranger,étranger
http://www.antonyme.org/antonyme/%C3%A9trang%C3%A8re,étrangère
http://www.antonyme.org/antonyme/%C3%A9trang%C3%A8res,étrangères
http://www.antonyme.org/antonyme/%C3%A9trangers,étrangers
http://www.antonyme.org/antonyme/%C3%A9tranges,étranges
http://www.antonyme.org/antonyme/%C3%A9trangl%C3%A9,étranglé
http://www.antonyme.org/antonyme/%C3%A9tranglement,étranglement
http://www.antonyme.org/antonyme/%C3%AAtre,être
http://www.antonyme.org/antonyme/%C3%A9tr%C3%A9cissement,étrécissement
http://www.antonyme.org/antonyme/%C3%A9treindre,étreindre
http://www.antonyme.org/antonyme/%C3%A9trenne,étrenne
http://www.antonyme.org/antonyme/%C3%A9trennes,étrennes
http://www.antonyme.org/antonyme/%C3%A9trier,étrier
http://www.antonyme.org/antonyme/%C3%A9triller,étriller
http://www.antonyme.org/antonyme/%C3%A9triqu%C3%A9,étriqué
http://www.antonyme.org/antonyme/%C3%A9triqu%C3%A9e,étriquée
http://www.antonyme.org/antonyme/%C3%A9triqu%C3%A9es,étriquées
http://www.antonyme.org/antonyme/%C3%A9troit,étroit
http://www.antonyme.org/antonyme/%C3%A9troite,étroite
http://www.antonyme.org/antonyme/%C3%A9troitement,étroitement
http://www.antonyme.org/antonyme/%C3%A9troites,étroites
http://www.antonyme.org/antonyme/%C3%A9troitesse,étroitesse
http://www.antonyme.org/antonyme/%C3%A9troits,étroits
http://www.antonyme.org/antonyme/%C3%A9tude,étude
http://www.antonyme.org/antonyme/%C3%A9tudes,études
http://www.antonyme.org/antonyme/%C3%A9tudiant,étudiant
http://www.antonyme.org/antonyme/%C3%A9tudiante,étudiante
http://www.antonyme.org/antonyme/%C3%A9tudiantes,étudiantes
http://www.antonyme.org/antonyme/%C3%A9tudiants,étudiants
http://www.antonyme.org/antonyme/%C3%A9tudie,étudie
http://www.antonyme.org/antonyme/%C3%A9tudi%C3%A9,étudié
http://www.antonyme.org/antonyme/%C3%A9tudi%C3%A9e,étudiée
http://www.antonyme.org/antonyme/%C3%A9tudier,étudier
http://www.antonyme.org/antonyme/%C3%A9tudi%C3%A9s,étudiés
http://www.antonyme.org/antonyme/%C3%A9tuve,étuve
http://www.antonyme.org/antonyme/eu,eu
http://www.antonyme.org/antonyme/eucologe,eucologe
http://www.antonyme.org/antonyme/euph%C3%A9miquement,euphémiquement
http://www.antonyme.org/antonyme/euphonie,euphonie
http://www.antonyme.org/antonyme/euphonique,euphonique
http://www.antonyme.org/antonyme/euphorie,euphorie
http://www.antonyme.org/antonyme/euphorique,euphorique
http://www.antonyme.org/antonyme/eurent,eurent
http://www.antonyme.org/antonyme/europ%C3%A9en,européen
http://www.antonyme.org/antonyme/Europ%C3%A9en,Européen
http://www.antonyme.org/antonyme/europ%C3%A9enne,européenne
http://www.antonyme.org/antonyme/europ%C3%A9ens,européens
http://www.antonyme.org/antonyme/eurythmie,eurythmie
http://www.antonyme.org/antonyme/eus,eus
http://www.antonyme.org/antonyme/eut,eut
http://www.antonyme.org/antonyme/e%C3%BBt,eût
http://www.antonyme.org/antonyme/%C3%A9vacuant,évacuant
http://www.antonyme.org/antonyme/%C3%A9vacuation,évacuation
http://www.antonyme.org/antonyme/%C3%A9vacuer,évacuer
http://www.antonyme.org/antonyme/%C3%A9vad%C3%A9,évadé
http://www.antonyme.org/antonyme/%C3%A9vad%C3%A9e,évadée
http://www.antonyme.org/antonyme/%C3%A9vader,évader
http://www.antonyme.org/antonyme/%C3%A9valuable,évaluable
http://www.antonyme.org/antonyme/%C3%A9valuer,évaluer
http://www.antonyme.org/antonyme/%C3%A9vanescence,évanescence
http://www.antonyme.org/antonyme/%C3%A9vanescent,évanescent
http://www.antonyme.org/antonyme/%C3%A9vanescente,évanescente
http://www.antonyme.org/antonyme/%C3%A9vang%C3%A9liser,évangéliser
http://www.antonyme.org/antonyme/Evangile,Evangile
http://www.antonyme.org/antonyme/%C3%A9vangile,évangile
http://www.antonyme.org/antonyme/%C3%A9vanouissement,évanouissement
http://www.antonyme.org/antonyme/%C3%A9vapor%C3%A9,évaporé
http://www.antonyme.org/antonyme/%C3%A9vapor%C3%A9e,évaporée
http://www.antonyme.org/antonyme/%C3%A9vaporer,évaporer
http://www.antonyme.org/antonyme/%C3%A9vas%C3%A9,évasé
http://www.antonyme.org/antonyme/%C3%A9vasement,évasement
http://www.antonyme.org/antonyme/%C3%A9vaser,évaser
http://www.antonyme.org/antonyme/%C3%A9vasif,évasif
http://www.antonyme.org/antonyme/%C3%A9vasion,évasion
http://www.antonyme.org/antonyme/%C3%A9vasive,évasive
http://www.antonyme.org/antonyme/%C3%A9vasivement,évasivement
http://www.antonyme.org/antonyme/%C3%A9veil,éveil
http://www.antonyme.org/antonyme/%C3%A9veill%C3%A9,éveillé
http://www.antonyme.org/antonyme/%C3%A9veill%C3%A9e,éveillée
http://www.antonyme.org/antonyme/%C3%A9veiller,éveiller
http://www.antonyme.org/antonyme/%C3%A9veilleuse,éveilleuse
http://www.antonyme.org/antonyme/%C3%A9veils,éveils
http://www.antonyme.org/antonyme/%C3%A9v%C3%A9nement,événement
http://www.antonyme.org/antonyme/%C3%A9v%C3%A8nement,évènement
http://www.antonyme.org/antonyme/%C3%A9v%C3%A9nements,événements
http://www.antonyme.org/antonyme/%C3%A9ventualit%C3%A9,éventualité
http://www.antonyme.org/antonyme/%C3%A9ventuel,éventuel
http://www.antonyme.org/antonyme/%C3%A9ventuelle,éventuelle
http://www.antonyme.org/antonyme/%C3%A9ventuellement,éventuellement
http://www.antonyme.org/antonyme/%C3%A9ventuelles,éventuelles
http://www.antonyme.org/antonyme/%C3%A9ventuels,éventuels
http://www.antonyme.org/antonyme/%C3%A9viction,éviction
http://www.antonyme.org/antonyme/%C3%A9videmment,évidemment
http://www.antonyme.org/antonyme/%C3%A9vidence,évidence
http://www.antonyme.org/antonyme/%C3%A9vident,évident
http://www.antonyme.org/antonyme/%C3%A9vidente,évidente
http://www.antonyme.org/antonyme/%C3%A9videntes,évidentes
http://www.antonyme.org/antonyme/%C3%A9vidure,évidure
http://www.antonyme.org/antonyme/%C3%A9vincer,évincer
http://www.antonyme.org/antonyme/%C3%A9vitable,évitable
http://www.antonyme.org/antonyme/%C3%A9vitant,évitant
http://www.antonyme.org/antonyme/%C3%A9viter,éviter
http://www.antonyme.org/antonyme/%C3%A9vocation,évocation
http://www.antonyme.org/antonyme/%C3%A9vocatrice,évocatrice
http://www.antonyme.org/antonyme/%C3%A9volue,évolue
http://www.antonyme.org/antonyme/%C3%A9volu%C3%A9,évolué
http://www.antonyme.org/antonyme/%C3%A9voluent,évoluent
http://www.antonyme.org/antonyme/%C3%A9volution,évolution
http://www.antonyme.org/antonyme/%C3%A9volutionnisme,évolutionnisme
http://www.antonyme.org/antonyme/%C3%A9volutionniste,évolutionniste
http://www.antonyme.org/antonyme/%C3%A9volutions,évolutions
http://www.antonyme.org/antonyme/%C3%A9voquait,évoquait
http://www.antonyme.org/antonyme/%C3%A9voquant,évoquant
http://www.antonyme.org/antonyme/%C3%A9voque,évoque
http://www.antonyme.org/antonyme/%C3%A9voqu%C3%A9,évoqué
http://www.antonyme.org/antonyme/%C3%A9voqu%C3%A9e,évoquée
http://www.antonyme.org/antonyme/%C3%A9voqu%C3%A9es,évoquées
http://www.antonyme.org/antonyme/%C3%A9voquent,évoquent
http://www.antonyme.org/antonyme/%C3%A9voquer,évoquer
http://www.antonyme.org/antonyme/%C3%A9voqu%C3%A9s,évoqués
http://www.antonyme.org/antonyme/exacerbation,exacerbation
http://www.antonyme.org/antonyme/exacerber,exacerber
http://www.antonyme.org/antonyme/exact,exact
http://www.antonyme.org/antonyme/exacte,exacte
http://www.antonyme.org/antonyme/exactement,exactement
http://www.antonyme.org/antonyme/exactes,exactes
http://www.antonyme.org/antonyme/exactitude,exactitude
http://www.antonyme.org/antonyme/exacts,exacts
http://www.antonyme.org/antonyme/exag%C3%A9ration,exagération
http://www.antonyme.org/antonyme/exag%C3%A9r%C3%A9,exagéré
http://www.antonyme.org/antonyme/exag%C3%A9r%C3%A9e,exagérée
http://www.antonyme.org/antonyme/exag%C3%A9r%C3%A9ment,exagérément
http://www.antonyme.org/antonyme/exag%C3%A9rer,exagérer
http://www.antonyme.org/antonyme/exag%C3%A8res,exagères
http://www.antonyme.org/antonyme/exaltant,exaltant
http://www.antonyme.org/antonyme/exaltation,exaltation
http://www.antonyme.org/antonyme/exalt%C3%A9,exalté
http://www.antonyme.org/antonyme/exalter,exalter
http://www.antonyme.org/antonyme/examen,examen
http://www.antonyme.org/antonyme/examens,examens
http://www.antonyme.org/antonyme/examiner,examiner
http://www.antonyme.org/antonyme/exasp%C3%A9rant,exaspérant
http://www.antonyme.org/antonyme/exasp%C3%A9ration,exaspération
http://www.antonyme.org/antonyme/exasp%C3%A9rations,exaspérations
http://www.antonyme.org/antonyme/exasp%C3%A9rer,exaspérer
http://www.antonyme.org/antonyme/exaucer,exaucer
http://www.antonyme.org/antonyme/excavation,excavation
http://www.antonyme.org/antonyme/excaver,excaver
http://www.antonyme.org/antonyme/exc%C3%A9d%C3%A9,excédé
http://www.antonyme.org/antonyme/exc%C3%A9dent,excédent
http://www.antonyme.org/antonyme/exc%C3%A9dents,excédents
http://www.antonyme.org/antonyme/exc%C3%A9der,excéder
http://www.antonyme.org/antonyme/excellemment,excellemment
http://www.antonyme.org/antonyme/excellence,excellence
http://www.antonyme.org/antonyme/excellent,excellent
http://www.antonyme.org/antonyme/excellente,excellente
http://www.antonyme.org/antonyme/excellentes,excellentes
http://www.antonyme.org/antonyme/excellents,excellents
http://www.antonyme.org/antonyme/exceller,exceller
http://www.antonyme.org/antonyme/excentrique,excentrique
http://www.antonyme.org/antonyme/except%C3%A9,excepté
http://www.antonyme.org/antonyme/excepter,excepter
http://www.antonyme.org/antonyme/exception,exception
http://www.antonyme.org/antonyme/exceptionnel,exceptionnel
http://www.antonyme.org/antonyme/exceptionnelle,exceptionnelle
http://www.antonyme.org/antonyme/exceptionnellement,exceptionnellement
http://www.antonyme.org/antonyme/exceptionnelles,exceptionnelles
http://www.antonyme.org/antonyme/exceptionnels,exceptionnels
http://www.antonyme.org/antonyme/exceptions,exceptions
http://www.antonyme.org/antonyme/exc%C3%A8s,excès
http://www.antonyme.org/antonyme/excessif,excessif
http://www.antonyme.org/antonyme/excessifs,excessifs
http://www.antonyme.org/antonyme/excessive,excessive
http://www.antonyme.org/antonyme/excessivement,excessivement
http://www.antonyme.org/antonyme/excitable,excitable
http://www.antonyme.org/antonyme/excitant,excitant
http://www.antonyme.org/antonyme/excitante,excitante
http://www.antonyme.org/antonyme/excitateur,excitateur
http://www.antonyme.org/antonyme/excitation,excitation
http://www.antonyme.org/antonyme/excit%C3%A9,excité
http://www.antonyme.org/antonyme/excit%C3%A9e,excitée
http://www.antonyme.org/antonyme/exciter,exciter
http://www.antonyme.org/antonyme/exclamation,exclamation
http://www.antonyme.org/antonyme/exclu,exclu
http://www.antonyme.org/antonyme/excluant,excluant
http://www.antonyme.org/antonyme/exclue,exclue
http://www.antonyme.org/antonyme/exclure,exclure
http://www.antonyme.org/antonyme/exclus,exclus
http://www.antonyme.org/antonyme/exclusif,exclusif
http://www.antonyme.org/antonyme/exclusion,exclusion
http://www.antonyme.org/antonyme/exclusive,exclusive
http://www.antonyme.org/antonyme/exclusivement,exclusivement
http://www.antonyme.org/antonyme/exclusivisme,exclusivisme
http://www.antonyme.org/antonyme/exclut,exclut
http://www.antonyme.org/antonyme/excommunication,excommunication
http://www.antonyme.org/antonyme/excommunier,excommunier
http://www.antonyme.org/antonyme/excoriation,excoriation
http://www.antonyme.org/antonyme/excorier,excorier
http://www.antonyme.org/antonyme/excusable,excusable
http://www.antonyme.org/antonyme/excuse,excuse
http://www.antonyme.org/antonyme/excuser,excuser
http://www.antonyme.org/antonyme/excuses,excuses
http://www.antonyme.org/antonyme/ex%C3%A9crable,exécrable
http://www.antonyme.org/antonyme/ex%C3%A9cration,exécration
http://www.antonyme.org/antonyme/ex%C3%A9crer,exécrer
http://www.antonyme.org/antonyme/ex%C3%A9cutable,exécutable
http://www.antonyme.org/antonyme/ex%C3%A9cutant,exécutant
http://www.antonyme.org/antonyme/ex%C3%A9cuter,exécuter
http://www.antonyme.org/antonyme/ex%C3%A9cut%C3%A9s,exécutés
http://www.antonyme.org/antonyme/ex%C3%A9cution,exécution
http://www.antonyme.org/antonyme/ex%C3%A9cutions,exécutions
http://www.antonyme.org/antonyme/ex%C3%A9cutoire,exécutoire
http://www.antonyme.org/antonyme/exemplaire,exemplaire
http://www.antonyme.org/antonyme/exemplairement,exemplairement
http://www.antonyme.org/antonyme/exemplaires,exemplaires
http://www.antonyme.org/antonyme/exemplarit%C3%A9,exemplarité
http://www.antonyme.org/antonyme/exemple,exemple
http://www.antonyme.org/antonyme/exemples,exemples
http://www.antonyme.org/antonyme/exempt,exempt
http://www.antonyme.org/antonyme/exemption,exemption
http://www.antonyme.org/antonyme/exerce,exerce
http://www.antonyme.org/antonyme/exerc%C3%A9,exercé
http://www.antonyme.org/antonyme/exerc%C3%A9e,exercée
http://www.antonyme.org/antonyme/exercent,exercent
http://www.antonyme.org/antonyme/exercer,exercer
http://www.antonyme.org/antonyme/exercice,exercice
http://www.antonyme.org/antonyme/exercices,exercices
http://www.antonyme.org/antonyme/exhalation,exhalation
http://www.antonyme.org/antonyme/exhaler,exhaler
http://www.antonyme.org/antonyme/exhaussement,exhaussement
http://www.antonyme.org/antonyme/exhausser,exhausser
http://www.antonyme.org/antonyme/exhaustif,exhaustif
http://www.antonyme.org/antonyme/exh%C3%A9r%C3%A9der,exhéréder
http://www.antonyme.org/antonyme/exhiber,exhiber
http://www.antonyme.org/antonyme/exhilarant,exhilarant
http://www.antonyme.org/antonyme/exhortation,exhortation
http://www.antonyme.org/antonyme/exhort%C3%A9,exhorté
http://www.antonyme.org/antonyme/exhorter,exhorter
http://www.antonyme.org/antonyme/exhumation,exhumation
http://www.antonyme.org/antonyme/exhumer,exhumer
http://www.antonyme.org/antonyme/exige,exige
http://www.antonyme.org/antonyme/exigeait,exigeait
http://www.antonyme.org/antonyme/exigeant,exigeant
http://www.antonyme.org/antonyme/exigeante,exigeante
http://www.antonyme.org/antonyme/exigeantes,exigeantes
http://www.antonyme.org/antonyme/exigeants,exigeants
http://www.antonyme.org/antonyme/exigence,exigence
http://www.antonyme.org/antonyme/exigences,exigences
http://www.antonyme.org/antonyme/exigent,exigent
http://www.antonyme.org/antonyme/exiger,exiger
http://www.antonyme.org/antonyme/exigu,exigu
http://www.antonyme.org/antonyme/exigu%C3%AFt%C3%A9,exiguïté
http://www.antonyme.org/antonyme/exil,exil
http://www.antonyme.org/antonyme/exiler,exiler
http://www.antonyme.org/antonyme/existait,existait
http://www.antonyme.org/antonyme/existant,existant
http://www.antonyme.org/antonyme/existantes,existantes
http://www.antonyme.org/antonyme/existants,existants
http://www.antonyme.org/antonyme/existe,existe
http://www.antonyme.org/antonyme/exist%C3%A9,existé
http://www.antonyme.org/antonyme/existence,existence
http://www.antonyme.org/antonyme/existent,existent
http://www.antonyme.org/antonyme/existentialisme,existentialisme
http://www.antonyme.org/antonyme/existentialiste,existentialiste
http://www.antonyme.org/antonyme/exister,exister
http://www.antonyme.org/antonyme/exode,exode
http://www.antonyme.org/antonyme/exog%C3%A8ne,exogène
http://www.antonyme.org/antonyme/exondation,exondation
http://www.antonyme.org/antonyme/exon%C3%A9ration,exonération
http://www.antonyme.org/antonyme/exon%C3%A9rations,exonérations
http://www.antonyme.org/antonyme/exorable,exorable
http://www.antonyme.org/antonyme/exorbitant,exorbitant
http://www.antonyme.org/antonyme/exorbitante,exorbitante
http://www.antonyme.org/antonyme/exorciser,exorciser
http://www.antonyme.org/antonyme/exorcisme,exorcisme
http://www.antonyme.org/antonyme/exorde,exorde
http://www.antonyme.org/antonyme/exot%C3%A9rique,exotérique
http://www.antonyme.org/antonyme/exotique,exotique
http://www.antonyme.org/antonyme/expansible,expansible
http://www.antonyme.org/antonyme/expansif,expansif
http://www.antonyme.org/antonyme/expansion,expansion
http://www.antonyme.org/antonyme/expansive,expansive
http://www.antonyme.org/antonyme/expatriation,expatriation
http://www.antonyme.org/antonyme/expatri%C3%A9,expatrié
http://www.antonyme.org/antonyme/expatri%C3%A9e,expatriée
http://www.antonyme.org/antonyme/expatrier,expatrier
http://www.antonyme.org/antonyme/expectation,expectation
http://www.antonyme.org/antonyme/expectative,expectative
http://www.antonyme.org/antonyme/expectorer,expectorer
http://www.antonyme.org/antonyme/exp%C3%A9dient,expédient
http://www.antonyme.org/antonyme/exp%C3%A9dier,expédier
http://www.antonyme.org/antonyme/exp%C3%A9diteur,expéditeur
http://www.antonyme.org/antonyme/exp%C3%A9ditif,expéditif
http://www.antonyme.org/antonyme/exp%C3%A9dition,expédition
http://www.antonyme.org/antonyme/exp%C3%A9ditions,expéditions
http://www.antonyme.org/antonyme/exp%C3%A9rience,expérience
http://www.antonyme.org/antonyme/exp%C3%A9riences,expériences
http://www.antonyme.org/antonyme/exp%C3%A9rimental,expérimental
http://www.antonyme.org/antonyme/exp%C3%A9rimentale,expérimentale
http://www.antonyme.org/antonyme/exp%C3%A9rimentales,expérimentales
http://www.antonyme.org/antonyme/exp%C3%A9riment%C3%A9,expérimenté
http://www.antonyme.org/antonyme/exp%C3%A9rimenter,expérimenter
http://www.antonyme.org/antonyme/exp%C3%A9riment%C3%A9s,expérimentés
http://www.antonyme.org/antonyme/expert,expert
http://www.antonyme.org/antonyme/experte,experte
http://www.antonyme.org/antonyme/expertement,expertement
http://www.antonyme.org/antonyme/experts,experts
http://www.antonyme.org/antonyme/expiable,expiable
http://www.antonyme.org/antonyme/expiation,expiation
http://www.antonyme.org/antonyme/expier,expier
http://www.antonyme.org/antonyme/expirateur,expirateur
http://www.antonyme.org/antonyme/expiration,expiration
http://www.antonyme.org/antonyme/expirer,expirer
http://www.antonyme.org/antonyme/explicable,explicable
http://www.antonyme.org/antonyme/explication,explication
http://www.antonyme.org/antonyme/explications,explications
http://www.antonyme.org/antonyme/explicite,explicite
http://www.antonyme.org/antonyme/explicit%C3%A9,explicité
http://www.antonyme.org/antonyme/expliciter,expliciter
http://www.antonyme.org/antonyme/expliquait,expliquait
http://www.antonyme.org/antonyme/expliquant,expliquant
http://www.antonyme.org/antonyme/explique,explique
http://www.antonyme.org/antonyme/expliqu%C3%A9,expliqué
http://www.antonyme.org/antonyme/expliquent,expliquent
http://www.antonyme.org/antonyme/expliquer,expliquer
http://www.antonyme.org/antonyme/exploit,exploit
http://www.antonyme.org/antonyme/exploitable,exploitable
http://www.antonyme.org/antonyme/exploitation,exploitation
http://www.antonyme.org/antonyme/exploite,exploite
http://www.antonyme.org/antonyme/exploit%C3%A9,exploité
http://www.antonyme.org/antonyme/exploit%C3%A9e,exploitée
http://www.antonyme.org/antonyme/exploit%C3%A9s,exploités
http://www.antonyme.org/antonyme/exploiteur,exploiteur
http://www.antonyme.org/antonyme/exploits,exploits
http://www.antonyme.org/antonyme/exploration,exploration
http://www.antonyme.org/antonyme/explorer,explorer
http://www.antonyme.org/antonyme/explosif,explosif
http://www.antonyme.org/antonyme/explosive,explosive
http://www.antonyme.org/antonyme/export,export
http://www.antonyme.org/antonyme/exportateur,exportateur
http://www.antonyme.org/antonyme/exportateurs,exportateurs
http://www.antonyme.org/antonyme/exportation,exportation
http://www.antonyme.org/antonyme/exportations,exportations
http://www.antonyme.org/antonyme/export%C3%A9,exporté
http://www.antonyme.org/antonyme/exposant,exposant
http://www.antonyme.org/antonyme/exposants,exposants
http://www.antonyme.org/antonyme/expose,expose
http://www.antonyme.org/antonyme/expos%C3%A9,exposé
http://www.antonyme.org/antonyme/expos%C3%A9e,exposée
http://www.antonyme.org/antonyme/expos%C3%A9es,exposées
http://www.antonyme.org/antonyme/exposent,exposent
http://www.antonyme.org/antonyme/exposer,exposer
http://www.antonyme.org/antonyme/expos%C3%A9s,exposés
http://www.antonyme.org/antonyme/exposition,exposition
http://www.antonyme.org/antonyme/expositions,expositions
http://www.antonyme.org/antonyme/expr%C3%A8s,exprès
http://www.antonyme.org/antonyme/express,express
http://www.antonyme.org/antonyme/expresse,expresse
http://www.antonyme.org/antonyme/express%C3%A9ment,expressément
http://www.antonyme.org/antonyme/expressif,expressif
http://www.antonyme.org/antonyme/expression,expression
http://www.antonyme.org/antonyme/expressions,expressions
http://www.antonyme.org/antonyme/expressive,expressive
http://www.antonyme.org/antonyme/exprimable,exprimable
http://www.antonyme.org/antonyme/exprimant,exprimant
http://www.antonyme.org/antonyme/exprime,exprime
http://www.antonyme.org/antonyme/exprim%C3%A9,exprimé
http://www.antonyme.org/antonyme/exprim%C3%A9e,exprimée
http://www.antonyme.org/antonyme/exprim%C3%A9es,exprimées
http://www.antonyme.org/antonyme/expriment,expriment
http://www.antonyme.org/antonyme/exprimer,exprimer
http://www.antonyme.org/antonyme/exprim%C3%A9s,exprimés
http://www.antonyme.org/antonyme/exproprier,exproprier
http://www.antonyme.org/antonyme/expulser,expulser
http://www.antonyme.org/antonyme/expulsion,expulsion
http://www.antonyme.org/antonyme/expurger,expurger
http://www.antonyme.org/antonyme/exquis,exquis
http://www.antonyme.org/antonyme/exquise,exquise
http://www.antonyme.org/antonyme/exsangue,exsangue
http://www.antonyme.org/antonyme/extase,extase
http://www.antonyme.org/antonyme/extasi%C3%A9,extasié
http://www.antonyme.org/antonyme/extensible,extensible
http://www.antonyme.org/antonyme/extensif,extensif
http://www.antonyme.org/antonyme/extension,extension
http://www.antonyme.org/antonyme/extensive,extensive
http://www.antonyme.org/antonyme/ext%C3%A9nuant,exténuant
http://www.antonyme.org/antonyme/ext%C3%A9nuation,exténuation
http://www.antonyme.org/antonyme/ext%C3%A9nuer,exténuer
http://www.antonyme.org/antonyme/ext%C3%A9rieur,extérieur
http://www.antonyme.org/antonyme/ext%C3%A9rieure,extérieure
http://www.antonyme.org/antonyme/ext%C3%A9rieurement,extérieurement
http://www.antonyme.org/antonyme/ext%C3%A9rieures,extérieures
http://www.antonyme.org/antonyme/ext%C3%A9rieurs,extérieurs
http://www.antonyme.org/antonyme/ext%C3%A9riorisation,extériorisation
http://www.antonyme.org/antonyme/ext%C3%A9rioriser,extérioriser
http://www.antonyme.org/antonyme/exterminateur,exterminateur
http://www.antonyme.org/antonyme/extermination,extermination
http://www.antonyme.org/antonyme/exterminatrice,exterminatrice
http://www.antonyme.org/antonyme/exterminer,exterminer
http://www.antonyme.org/antonyme/externe,externe
http://www.antonyme.org/antonyme/externes,externes
http://www.antonyme.org/antonyme/ext%C3%A9roceptif,extéroceptif
http://www.antonyme.org/antonyme/extinction,extinction
http://www.antonyme.org/antonyme/extinguible,extinguible
http://www.antonyme.org/antonyme/extirpable,extirpable
http://www.antonyme.org/antonyme/extirpation,extirpation
http://www.antonyme.org/antonyme/extirper,extirper
http://www.antonyme.org/antonyme/extra,extra
http://www.antonyme.org/antonyme/extra-muros,extra-muros
http://www.antonyme.org/antonyme/extraction,extraction
http://www.antonyme.org/antonyme/extractions,extractions
http://www.antonyme.org/antonyme/extrados,extrados
http://www.antonyme.org/antonyme/extragalactique,extragalactique
http://www.antonyme.org/antonyme/extraire,extraire
http://www.antonyme.org/antonyme/extrait,extrait
http://www.antonyme.org/antonyme/extrajudiciaire,extrajudiciaire
http://www.antonyme.org/antonyme/extral%C3%A9gaux,extralégaux
http://www.antonyme.org/antonyme/extraordinaire,extraordinaire
http://www.antonyme.org/antonyme/extraordinairement,extraordinairement
http://www.antonyme.org/antonyme/extraordinaires,extraordinaires
http://www.antonyme.org/antonyme/extrapolation,extrapolation
http://www.antonyme.org/antonyme/extrapoler,extrapoler
http://www.antonyme.org/antonyme/extravagant,extravagant
http://www.antonyme.org/antonyme/extravaguer,extravaguer
http://www.antonyme.org/antonyme/extr%C3%AAme,extrême
http://www.antonyme.org/antonyme/extr%C3%AAmement,extrêmement
http://www.antonyme.org/antonyme/extr%C3%AAmes,extrêmes
http://www.antonyme.org/antonyme/extr%C3%A9misme,extrémisme
http://www.antonyme.org/antonyme/extr%C3%A9miste,extrémiste
http://www.antonyme.org/antonyme/extr%C3%A9mistes,extrémistes
http://www.antonyme.org/antonyme/extr%C3%AAmit%C3%A9,extrêmité
http://www.antonyme.org/antonyme/extr%C3%A9mit%C3%A9,extrémité
http://www.antonyme.org/antonyme/extrins%C3%A8que,extrinsèque
http://www.antonyme.org/antonyme/exub%C3%A9rance,exubérance
http://www.antonyme.org/antonyme/exub%C3%A9rant,exubérant
http://www.antonyme.org/antonyme/exultant,exultant
http://www.antonyme.org/antonyme/exultation,exultation
http://www.antonyme.org/antonyme/exulter,exulter
http://www.antonyme.org/antonyme/exutoire,exutoire
http://www.antonyme.org/antonyme/timide,Timide
http://www.antonyme.org/antonyme/confirmer,Confirmer
http://www.antonyme.org/antonyme/misogyne,Misogyne
http://www.antonyme.org/antonyme/modeste,Modeste
http://www.antonyme.org/antonyme/tardif,Tardif
http://www.antonyme.org/antonyme/liberté,Liberté
http://www.antonyme.org/antonyme/sérieux,Sérieux
http://www.antonyme.org/antonyme/atout,Atout
http://www.antonyme.org/antonyme/confiance,Confiance
http://www.antonyme.org/antonyme/précéder,Précéder
http://www.antonyme.org/antonyme/important,Important
http://www.antonyme.org/antonyme/ponctuel,Ponctuel
http://www.antonyme.org/antonyme/monotone,Monotone
http://www.antonyme.org/antonyme/fiable,Fiable
http://www.antonyme.org/antonyme/original,Original
"http://www.antonyme.org/antonyme/à l'instar","à l instar"
http://www.antonyme.org/antonyme/trouver,Trouver
http://www.antonyme.org/antonyme/amour,Amour
http://www.antonyme.org/antonyme/faire,faire
"http://www.antonyme.org/antonyme/en plus","en plus"
http://www.antonyme.org/antonyme/anglais,anglais
http://www.antonyme.org/antonyme/mettre,mettre
"http://www.antonyme.org/antonyme/en effet","en effet"
http://www.antonyme.org/antonyme/contraire,contraire
http://www.antonyme.org/antonyme/être,être
http://www.antonyme.org/antonyme/avoir,avoir
http://www.antonyme.org/antonyme/problème,problème
http://www.antonyme.org/antonyme/pour,pour
http://www.antonyme.org/antonyme/travail,travail
http://www.antonyme.org/antonyme/créer,créer
http://www.antonyme.org/antonyme/demander,demander
http://www.antonyme.org/antonyme/bien,bien
http://www.antonyme.org/antonyme/important,important
http://www.antonyme.org/antonyme/prendre,prendre
http://www.antonyme.org/antonyme/experience,expérience
http://www.antonyme.org/antonyme/amour,amour
http://www.antonyme.org/antonyme/dire,dire
http://www.antonyme.org/antonyme/trouver,trouver
http://www.antonyme.org/antonyme/augmenter,augmenter
http://www.antonyme.org/antonyme/installer,installer
"http://www.antonyme.org/antonyme/en fait","en fait"
http://www.antonyme.org/antonyme/voir,voir
http://www.antonyme.org/antonyme/aimer,aimer
http://www.antonyme.org/antonyme/temps,temps
http://www.antonyme.org/antonyme/petit,petit
http://www.antonyme.org/antonyme/obtenir,obtenir
http://www.antonyme.org/antonyme/analyse,analyse
http://www.antonyme.org/antonyme/utiliser,utiliser
http://www.antonyme.org/antonyme/savoir,savoir
http://www.antonyme.org/antonyme/montrer,montrer
http://www.antonyme.org/antonyme/développer,développer
http://www.antonyme.org/antonyme/origine,origine
http://www.antonyme.org/antonyme/fin,fin
"http://www.antonyme.org/antonyme/du coup","du coup"
"http://www.antonyme.org/antonyme/en ligne","en ligne"
http://www.antonyme.org/antonyme/changer,changer
http://www.antonyme.org/antonyme/oeuvre,oeuvre
http://www.antonyme.org/antonyme/intéresser,intéresser
http://www.antonyme.org/antonyme/bonne,bonne
http://www.antonyme.org/antonyme/présentation,présentation
http://www.antonyme.org/antonyme/aide,aide
http://www.antonyme.org/antonyme/différent,différent
http://www.antonyme.org/antonyme/vie,vie
http://www.antonyme.org/antonyme/aider,aider
http://www.antonyme.org/antonyme/réaliser,réaliser
http://www.antonyme.org/antonyme/cause,cause
http://www.antonyme.org/antonyme/souhaiter,souhaiter
http://www.antonyme.org/antonyme/belle,belle
http://www.antonyme.org/antonyme/découvrir,découvrir
http://www.antonyme.org/antonyme/intéressant,intéressant
http://www.antonyme.org/antonyme/présenter,présenter
"http://www.antonyme.org/antonyme/suite à","suite à"
http://www.antonyme.org/antonyme/intégrer,intégrer
http://www.antonyme.org/antonyme/grand,grand
http://www.antonyme.org/antonyme/connaître,connaître
http://www.antonyme.org/antonyme/démonter,démonter
http://www.antonyme.org/antonyme/effectuer,effectuer
http://www.antonyme.org/antonyme/beau,beau
http://www.antonyme.org/antonyme/connaissance,connaissance
http://www.antonyme.org/antonyme/emploi,emploi
http://www.antonyme.org/antonyme/recherche,recherche
"http://www.antonyme.org/antonyme/par contre","par contre"
http://www.antonyme.org/antonyme/parler,parler
http://www.antonyme.org/antonyme/explication,explication
http://www.antonyme.org/antonyme/penser,penser
http://www.antonyme.org/antonyme/avec,avec
http://www.antonyme.org/antonyme/triste,triste
http://www.antonyme.org/antonyme/regarder,regarder
http://www.antonyme.org/antonyme/travailler,travailler
http://www.antonyme.org/antonyme/améliorer,améliorer
http://www.antonyme.org/antonyme/tristesse,tristesse
http://www.antonyme.org/antonyme/passer,passer
http://www.antonyme.org/antonyme/création,création
http://www.antonyme.org/antonyme/acquérir,acquérir
"http://www.antonyme.org/antonyme/ainsi que","ainsi que"
http://www.antonyme.org/antonyme/intérêt,intérêt
http://www.antonyme.org/antonyme/passionné,passionné
http://www.antonyme.org/antonyme/peur,peur
http://www.antonyme.org/antonyme/adapter,adapter
http://www.antonyme.org/antonyme/rechercher,rechercher
http://www.antonyme.org/antonyme/passion,passion
http://www.antonyme.org/antonyme/accord,accord
http://www.antonyme.org/antonyme/organisation,organisation
http://www.antonyme.org/antonyme/compétence,compétence
