http://www.antonyme.org/antonyme/f%25FChrer,f%FChrer
http://www.antonyme.org/antonyme/fable,fable
http://www.antonyme.org/antonyme/fabricant,fabricant
http://www.antonyme.org/antonyme/fabricante,fabricante
http://www.antonyme.org/antonyme/fabricants,fabricants
http://www.antonyme.org/antonyme/fabricateur,fabricateur
http://www.antonyme.org/antonyme/fabriqu%C3%A9es,fabriquées
http://www.antonyme.org/antonyme/fabriquent,fabriquent
http://www.antonyme.org/antonyme/fabriquer,fabriquer
http://www.antonyme.org/antonyme/fabuleuse,fabuleuse
http://www.antonyme.org/antonyme/fabuleux,fabuleux
http://www.antonyme.org/antonyme/fac-simil%C3%A9,fac-similé
http://www.antonyme.org/antonyme/fa%C3%A7ade,façade
http://www.antonyme.org/antonyme/face,face
http://www.antonyme.org/antonyme/faces,faces
http://www.antonyme.org/antonyme/fac%C3%A9tie,facétie
http://www.antonyme.org/antonyme/fac%C3%A9tieuse,facétieuse
http://www.antonyme.org/antonyme/fac%C3%A9tieusement,facétieusement
http://www.antonyme.org/antonyme/fac%C3%A9tieux,facétieux
http://www.antonyme.org/antonyme/facette,facette
http://www.antonyme.org/antonyme/facettes,facettes
http://www.antonyme.org/antonyme/f%C3%A2ch%C3%A9,fâché
http://www.antonyme.org/antonyme/f%C3%A2cher,fâcher
http://www.antonyme.org/antonyme/f%C3%A2cherie,fâcherie
http://www.antonyme.org/antonyme/f%C3%A2cheuse,fâcheuse
http://www.antonyme.org/antonyme/f%C3%A2cheusement,fâcheusement
http://www.antonyme.org/antonyme/f%C3%A2cheux,fâcheux
http://www.antonyme.org/antonyme/faci%C3%A8s,faciès
http://www.antonyme.org/antonyme/facile,facile
http://www.antonyme.org/antonyme/facilement,facilement
http://www.antonyme.org/antonyme/faciles,faciles
http://www.antonyme.org/antonyme/facilite,facilite
http://www.antonyme.org/antonyme/facilit%C3%A9,facilité
http://www.antonyme.org/antonyme/facilit%C3%A9e,facilitée
http://www.antonyme.org/antonyme/faciliter,faciliter
http://www.antonyme.org/antonyme/facilit%C3%A9s,facilités
http://www.antonyme.org/antonyme/fa%C3%A7on,façon
http://www.antonyme.org/antonyme/faconde,faconde
http://www.antonyme.org/antonyme/fa%C3%A7onner,façonner
http://www.antonyme.org/antonyme/fa%C3%A7onnier,façonnier
http://www.antonyme.org/antonyme/facteur,facteur
http://www.antonyme.org/antonyme/facteurs,facteurs
http://www.antonyme.org/antonyme/factice,factice
http://www.antonyme.org/antonyme/factieuse,factieuse
http://www.antonyme.org/antonyme/factieux,factieux
http://www.antonyme.org/antonyme/factuel,factuel
http://www.antonyme.org/antonyme/factuels,factuels
http://www.antonyme.org/antonyme/factum,factum
http://www.antonyme.org/antonyme/facturer,facturer
http://www.antonyme.org/antonyme/facturi%C3%A8re,facturière
http://www.antonyme.org/antonyme/facultatif,facultatif
http://www.antonyme.org/antonyme/facultative,facultative
http://www.antonyme.org/antonyme/facult%C3%A9,faculté
http://www.antonyme.org/antonyme/fadaise,fadaise
http://www.antonyme.org/antonyme/fadasse,fadasse
http://www.antonyme.org/antonyme/fadasserie,fadasserie
http://www.antonyme.org/antonyme/fade,fade
http://www.antonyme.org/antonyme/fad%C3%A9,fadé
http://www.antonyme.org/antonyme/fades,fades
http://www.antonyme.org/antonyme/fadeur,fadeur
http://www.antonyme.org/antonyme/fagot%C3%A9,fagoté
http://www.antonyme.org/antonyme/fagoter,fagoter
http://www.antonyme.org/antonyme/faiblarde,faiblarde
http://www.antonyme.org/antonyme/faible,faible
http://www.antonyme.org/antonyme/faiblement,faiblement
http://www.antonyme.org/antonyme/faibles,faibles
http://www.antonyme.org/antonyme/faiblesse,faiblesse
http://www.antonyme.org/antonyme/faiblesses,faiblesses
http://www.antonyme.org/antonyme/faiblir,faiblir
http://www.antonyme.org/antonyme/failles,failles
http://www.antonyme.org/antonyme/faillible,faillible
http://www.antonyme.org/antonyme/faillir,faillir
http://www.antonyme.org/antonyme/faillite,faillite
http://www.antonyme.org/antonyme/faim,faim
http://www.antonyme.org/antonyme/fain%C3%A9ant,fainéant
http://www.antonyme.org/antonyme/fain%C3%A9ante,fainéante
http://www.antonyme.org/antonyme/fain%C3%A9anter,fainéanter
http://www.antonyme.org/antonyme/fain%C3%A9antise,fainéantise
http://www.antonyme.org/antonyme/fair-play,fair-play
http://www.antonyme.org/antonyme/faire,faire
http://www.antonyme.org/antonyme/fais,fais
http://www.antonyme.org/antonyme/faisable,faisable
http://www.antonyme.org/antonyme/faisaient,faisaient
http://www.antonyme.org/antonyme/faisait,faisait
http://www.antonyme.org/antonyme/faisand%C3%A9,faisandé
http://www.antonyme.org/antonyme/faisant,faisant
http://www.antonyme.org/antonyme/faisceau,faisceau
http://www.antonyme.org/antonyme/faiseur,faiseur
http://www.antonyme.org/antonyme/faisons,faisons
http://www.antonyme.org/antonyme/fait,fait
http://www.antonyme.org/antonyme/faite,faite
http://www.antonyme.org/antonyme/fa%C3%AEte,faîte
http://www.antonyme.org/antonyme/faites,faites
http://www.antonyme.org/antonyme/faits,faits
http://www.antonyme.org/antonyme/faits+divers,"faits divers"
http://www.antonyme.org/antonyme/fakir,fakir
http://www.antonyme.org/antonyme/fakirs,fakirs
http://www.antonyme.org/antonyme/fallacieuse,fallacieuse
http://www.antonyme.org/antonyme/fallacieusement,fallacieusement
http://www.antonyme.org/antonyme/fallacieux,fallacieux
http://www.antonyme.org/antonyme/falot,falot
http://www.antonyme.org/antonyme/falsifi%C3%A9,falsifié
http://www.antonyme.org/antonyme/falsifier,falsifier
http://www.antonyme.org/antonyme/fam%C3%A9lique,famélique
http://www.antonyme.org/antonyme/fameuse,fameuse
http://www.antonyme.org/antonyme/fameusement,fameusement
http://www.antonyme.org/antonyme/fameuses,fameuses
http://www.antonyme.org/antonyme/fameux,fameux
http://www.antonyme.org/antonyme/familial,familial
http://www.antonyme.org/antonyme/familiale,familiale
http://www.antonyme.org/antonyme/familiariser,familiariser
http://www.antonyme.org/antonyme/familiarit%C3%A9,familiarité
http://www.antonyme.org/antonyme/familier,familier
http://www.antonyme.org/antonyme/famili%C3%A8re,familière
http://www.antonyme.org/antonyme/familiers,familiers
http://www.antonyme.org/antonyme/famille,famille
http://www.antonyme.org/antonyme/familles,familles
http://www.antonyme.org/antonyme/famine,famine
http://www.antonyme.org/antonyme/fanatique,fanatique
http://www.antonyme.org/antonyme/fanatiquement,fanatiquement
http://www.antonyme.org/antonyme/fanatiser,fanatiser
http://www.antonyme.org/antonyme/fanatisme,fanatisme
http://www.antonyme.org/antonyme/fan%C3%A9,fané
http://www.antonyme.org/antonyme/faner,faner
http://www.antonyme.org/antonyme/fanfaron,fanfaron
http://www.antonyme.org/antonyme/fanfaronnade,fanfaronnade
http://www.antonyme.org/antonyme/fanfaronne,fanfaronne
http://www.antonyme.org/antonyme/fantaisie,fantaisie
http://www.antonyme.org/antonyme/fantaisiste,fantaisiste
http://www.antonyme.org/antonyme/fantasmagorique,fantasmagorique
http://www.antonyme.org/antonyme/fantasme,fantasme
http://www.antonyme.org/antonyme/fantasque,fantasque
http://www.antonyme.org/antonyme/fantastique,fantastique
http://www.antonyme.org/antonyme/fantastiquement,fantastiquement
http://www.antonyme.org/antonyme/fantastiques,fantastiques
http://www.antonyme.org/antonyme/fant%C3%B4me,fantôme
http://www.antonyme.org/antonyme/faquin,faquin
http://www.antonyme.org/antonyme/faramineux,faramineux
http://www.antonyme.org/antonyme/faraud,faraud
http://www.antonyme.org/antonyme/faraude,faraude
http://www.antonyme.org/antonyme/farce,farce
http://www.antonyme.org/antonyme/farceur,farceur
http://www.antonyme.org/antonyme/farcir,farcir
http://www.antonyme.org/antonyme/fard,fard
http://www.antonyme.org/antonyme/fard%C3%A9,fardé
http://www.antonyme.org/antonyme/farder,farder
http://www.antonyme.org/antonyme/farfelu,farfelu
http://www.antonyme.org/antonyme/farfouiller,farfouiller
http://www.antonyme.org/antonyme/faribole,faribole
http://www.antonyme.org/antonyme/farinac%C3%A9,farinacé
http://www.antonyme.org/antonyme/farineux,farineux
http://www.antonyme.org/antonyme/farouche,farouche
http://www.antonyme.org/antonyme/fascicule,fascicule
http://www.antonyme.org/antonyme/fascinant,fascinant
http://www.antonyme.org/antonyme/fascinante,fascinante
http://www.antonyme.org/antonyme/fascinateur,fascinateur
http://www.antonyme.org/antonyme/fascination,fascination
http://www.antonyme.org/antonyme/fascinatrice,fascinatrice
http://www.antonyme.org/antonyme/fasciner,fasciner
http://www.antonyme.org/antonyme/fascisme,fascisme
http://www.antonyme.org/antonyme/fasciste,fasciste
http://www.antonyme.org/antonyme/fascistes,fascistes
http://www.antonyme.org/antonyme/fasse,fasse
http://www.antonyme.org/antonyme/fassent,fassent
http://www.antonyme.org/antonyme/faste,faste
http://www.antonyme.org/antonyme/fastidieuse,fastidieuse
http://www.antonyme.org/antonyme/fastidieux,fastidieux
http://www.antonyme.org/antonyme/fastueuse,fastueuse
http://www.antonyme.org/antonyme/fastueusement,fastueusement
http://www.antonyme.org/antonyme/fastueux,fastueux
http://www.antonyme.org/antonyme/fat,fat
http://www.antonyme.org/antonyme/fatal,fatal
http://www.antonyme.org/antonyme/fatale,fatale
http://www.antonyme.org/antonyme/fatalement,fatalement
http://www.antonyme.org/antonyme/fatalit%C3%A9,fatalité
http://www.antonyme.org/antonyme/fatigable,fatigable
http://www.antonyme.org/antonyme/fatigant,fatigant
http://www.antonyme.org/antonyme/fatigante,fatigante
http://www.antonyme.org/antonyme/fatigue,fatigue
http://www.antonyme.org/antonyme/fatigu%C3%A9,fatigué
http://www.antonyme.org/antonyme/fatigu%C3%A9e,fatiguée
http://www.antonyme.org/antonyme/fatiguer,fatiguer
http://www.antonyme.org/antonyme/fatras,fatras
http://www.antonyme.org/antonyme/fatuit%C3%A9,fatuité
http://www.antonyme.org/antonyme/faubourg,faubourg
http://www.antonyme.org/antonyme/faubourgs,faubourgs
http://www.antonyme.org/antonyme/fauche,fauche
http://www.antonyme.org/antonyme/fauch%C3%A9,fauché
http://www.antonyme.org/antonyme/faucher,faucher
http://www.antonyme.org/antonyme/faufiler,faufiler
http://www.antonyme.org/antonyme/fausse,fausse
http://www.antonyme.org/antonyme/fauss%C3%A9,faussé
http://www.antonyme.org/antonyme/fausse+couche,"fausse couche"
http://www.antonyme.org/antonyme/faussement,faussement
http://www.antonyme.org/antonyme/fausser,fausser
http://www.antonyme.org/antonyme/fausses,fausses
http://www.antonyme.org/antonyme/fausset%C3%A9,fausseté
http://www.antonyme.org/antonyme/faute,faute
http://www.antonyme.org/antonyme/faute+de,"faute de"
http://www.antonyme.org/antonyme/fautes,fautes
http://www.antonyme.org/antonyme/fautif,fautif
http://www.antonyme.org/antonyme/fauve,fauve
http://www.antonyme.org/antonyme/fauves,fauves
http://www.antonyme.org/antonyme/faux,faux
http://www.antonyme.org/antonyme/FAUX,FAUX
http://www.antonyme.org/antonyme/faux+jeton,"faux jeton"
http://www.antonyme.org/antonyme/faux+pas,"faux pas"
http://www.antonyme.org/antonyme/faux-semblant,faux-semblant
http://www.antonyme.org/antonyme/faveur,faveur
http://www.antonyme.org/antonyme/faveurs,faveurs
http://www.antonyme.org/antonyme/favorable,favorable
http://www.antonyme.org/antonyme/favorablement,favorablement
http://www.antonyme.org/antonyme/favorables,favorables
http://www.antonyme.org/antonyme/favori,favori
http://www.antonyme.org/antonyme/favoris,favoris
http://www.antonyme.org/antonyme/favorisant,favorisant
http://www.antonyme.org/antonyme/favorise,favorise
http://www.antonyme.org/antonyme/favoris%C3%A9,favorisé
http://www.antonyme.org/antonyme/favorisent,favorisent
http://www.antonyme.org/antonyme/favoriser,favoriser
http://www.antonyme.org/antonyme/favoritisme,favoritisme
http://www.antonyme.org/antonyme/f%C3%A9al,féal
http://www.antonyme.org/antonyme/f%C3%A9brile,fébrile
http://www.antonyme.org/antonyme/f%C3%A9cond,fécond
http://www.antonyme.org/antonyme/f%C3%A9condation,fécondation
http://www.antonyme.org/antonyme/f%C3%A9conde,féconde
http://www.antonyme.org/antonyme/f%C3%A9condit%C3%A9,fécondité
http://www.antonyme.org/antonyme/f%C3%A9d%C3%A9ralisme,fédéralisme
http://www.antonyme.org/antonyme/f%C3%A9d%C3%A9ration,fédération
http://www.antonyme.org/antonyme/f%C3%A9d%C3%A9r%C3%A9,fédéré
http://www.antonyme.org/antonyme/f%C3%A9d%C3%A9rer,fédérer
http://www.antonyme.org/antonyme/feeling,feeling
http://www.antonyme.org/antonyme/f%C3%A9erie,féerie
http://www.antonyme.org/antonyme/f%C3%A9erique,féerique
http://www.antonyme.org/antonyme/feignant,feignant
http://www.antonyme.org/antonyme/feignante,feignante
http://www.antonyme.org/antonyme/feint,feint
http://www.antonyme.org/antonyme/feinte,feinte
http://www.antonyme.org/antonyme/f%C3%AAl%C3%A9,fêlé
http://www.antonyme.org/antonyme/f%C3%A9licitation,félicitation
http://www.antonyme.org/antonyme/f%C3%A9licitations,félicitations
http://www.antonyme.org/antonyme/f%C3%A9licite,félicite
http://www.antonyme.org/antonyme/f%C3%A9licit%C3%A9,félicité
http://www.antonyme.org/antonyme/f%C3%A9liciter,féliciter
http://www.antonyme.org/antonyme/f%C3%A9lon,félon
http://www.antonyme.org/antonyme/f%C3%A9lonie,félonie
http://www.antonyme.org/antonyme/f%C3%A9lonne,félonne
http://www.antonyme.org/antonyme/femelle,femelle
http://www.antonyme.org/antonyme/f%C3%A9minin,féminin
http://www.antonyme.org/antonyme/f%C3%A9minine,féminine
http://www.antonyme.org/antonyme/f%C3%A9minines,féminines
http://www.antonyme.org/antonyme/f%C3%A9minins,féminins
http://www.antonyme.org/antonyme/f%C3%A9minit%C3%A9,féminité
http://www.antonyme.org/antonyme/femme,femme
http://www.antonyme.org/antonyme/femmes,femmes
http://www.antonyme.org/antonyme/fendiller,fendiller
http://www.antonyme.org/antonyme/fendre,fendre
http://www.antonyme.org/antonyme/f%C3%A9odal,féodal
http://www.antonyme.org/antonyme/fera,fera
http://www.antonyme.org/antonyme/ferai,ferai
http://www.antonyme.org/antonyme/feraient,feraient
http://www.antonyme.org/antonyme/ferait,ferait
http://www.antonyme.org/antonyme/f%C3%A9ri%C3%A9,férié
http://www.antonyme.org/antonyme/ferler,ferler
http://www.antonyme.org/antonyme/ferme,ferme
http://www.antonyme.org/antonyme/ferm%C3%A9,fermé
http://www.antonyme.org/antonyme/ferm%C3%A9e,fermée
http://www.antonyme.org/antonyme/ferm%C3%A9es,fermées
http://www.antonyme.org/antonyme/fermement,fermement
http://www.antonyme.org/antonyme/fermentable,fermentable
http://www.antonyme.org/antonyme/fermentation,fermentation
http://www.antonyme.org/antonyme/fermenter,fermenter
http://www.antonyme.org/antonyme/fermer,fermer
http://www.antonyme.org/antonyme/fermes,fermes
http://www.antonyme.org/antonyme/ferm%C3%A9s,fermés
http://www.antonyme.org/antonyme/fermet%C3%A9,fermeté
http://www.antonyme.org/antonyme/fermeture,fermeture
http://www.antonyme.org/antonyme/fermeture+%C3%A9clair,"fermeture éclair"
http://www.antonyme.org/antonyme/f%C3%A9roce,féroce
http://www.antonyme.org/antonyme/f%C3%A9rocit%C3%A9,férocité
http://www.antonyme.org/antonyme/ferons,ferons
http://www.antonyme.org/antonyme/feront,feront
http://www.antonyme.org/antonyme/ferrailler,ferrailler
http://www.antonyme.org/antonyme/ferr%C3%A9,ferré
http://www.antonyme.org/antonyme/ferr%C3%A9e,ferrée
http://www.antonyme.org/antonyme/ferr%C3%A9es,ferrées
http://www.antonyme.org/antonyme/fertile,fertile
http://www.antonyme.org/antonyme/fertilement,fertilement
http://www.antonyme.org/antonyme/fertilisation,fertilisation
http://www.antonyme.org/antonyme/fertilit%C3%A9,fertilité
http://www.antonyme.org/antonyme/f%C3%A9rule,férule
http://www.antonyme.org/antonyme/fervent,fervent
http://www.antonyme.org/antonyme/ferveur,ferveur
http://www.antonyme.org/antonyme/festin,festin
http://www.antonyme.org/antonyme/festoyer,festoyer
http://www.antonyme.org/antonyme/f%C3%AAtard,fêtard
http://www.antonyme.org/antonyme/f%C3%AAtarde,fêtarde
http://www.antonyme.org/antonyme/f%C3%AAte,fête
http://www.antonyme.org/antonyme/f%C3%A9tichisme,fétichisme
http://www.antonyme.org/antonyme/f%C3%A9tide,fétide
http://www.antonyme.org/antonyme/feu,feu
http://www.antonyme.org/antonyme/feudataire,feudataire
http://www.antonyme.org/antonyme/feuillaison,feuillaison
http://www.antonyme.org/antonyme/feuille,feuille
http://www.antonyme.org/antonyme/feuilleter,feuilleter
http://www.antonyme.org/antonyme/feuillu,feuillu
http://www.antonyme.org/antonyme/feuillue,feuillue
http://www.antonyme.org/antonyme/feutre,feutre
http://www.antonyme.org/antonyme/feutr%C3%A9,feutré
http://www.antonyme.org/antonyme/feutr%C3%A9e,feutrée
http://www.antonyme.org/antonyme/fiable,fiable
http://www.antonyme.org/antonyme/fiables,fiables
http://www.antonyme.org/antonyme/fian%C3%A7ailles,fiançailles
http://www.antonyme.org/antonyme/fianc%C3%A9,fiancé
http://www.antonyme.org/antonyme/fiasco,fiasco
http://www.antonyme.org/antonyme/ficeler,ficeler
http://www.antonyme.org/antonyme/fichier,fichier
http://www.antonyme.org/antonyme/fichtre,fichtre
http://www.antonyme.org/antonyme/fictif,fictif
http://www.antonyme.org/antonyme/fiction,fiction
http://www.antonyme.org/antonyme/fictionnel,fictionnel
http://www.antonyme.org/antonyme/fictions,fictions
http://www.antonyme.org/antonyme/fictive,fictive
http://www.antonyme.org/antonyme/Fidel,Fidel
http://www.antonyme.org/antonyme/fid%C3%A8le,fidèle
http://www.antonyme.org/antonyme/fid%C3%A8lement,fidèlement
http://www.antonyme.org/antonyme/fid%C3%A8les,fidèles
http://www.antonyme.org/antonyme/fid%C3%A9liser,fidéliser
http://www.antonyme.org/antonyme/fid%C3%A9lit%C3%A9,fidélité
http://www.antonyme.org/antonyme/fief,fief
http://www.antonyme.org/antonyme/fieff%C3%A9,fieffé
http://www.antonyme.org/antonyme/fiel,fiel
http://www.antonyme.org/antonyme/fielleux,fielleux
http://www.antonyme.org/antonyme/fiels,fiels
http://www.antonyme.org/antonyme/fier,fier
http://www.antonyme.org/antonyme/fi%C3%A8re,fière
http://www.antonyme.org/antonyme/fi%C3%A8rement,fièrement
http://www.antonyme.org/antonyme/fi%C3%A9rot,fiérot
http://www.antonyme.org/antonyme/fiers,fiers
http://www.antonyme.org/antonyme/fiert%C3%A9,fierté
http://www.antonyme.org/antonyme/fi%C3%A8vre,fièvre
http://www.antonyme.org/antonyme/fi%C3%A9vreux,fiévreux
http://www.antonyme.org/antonyme/fig%C3%A9,figé
http://www.antonyme.org/antonyme/fig%C3%A9e,figée
http://www.antonyme.org/antonyme/figer,figer
http://www.antonyme.org/antonyme/fignol%C3%A9,fignolé
http://www.antonyme.org/antonyme/fignoler,fignoler
http://www.antonyme.org/antonyme/figuratif,figuratif
http://www.antonyme.org/antonyme/figurative,figurative
http://www.antonyme.org/antonyme/figure,figure
http://www.antonyme.org/antonyme/figur%C3%A9,figuré
http://www.antonyme.org/antonyme/figurer,figurer
http://www.antonyme.org/antonyme/figures,figures
http://www.antonyme.org/antonyme/filament,filament
http://www.antonyme.org/antonyme/filandreux,filandreux
http://www.antonyme.org/antonyme/fildef%C3%A9riste,fildefériste
http://www.antonyme.org/antonyme/filer,filer
http://www.antonyme.org/antonyme/filet,filet
http://www.antonyme.org/antonyme/filets,filets
http://www.antonyme.org/antonyme/filiale,filiale
http://www.antonyme.org/antonyme/fili%C3%A8re,filière
http://www.antonyme.org/antonyme/fili%C3%A8res,filières
http://www.antonyme.org/antonyme/filiforme,filiforme
http://www.antonyme.org/antonyme/fille,fille
http://www.antonyme.org/antonyme/filles,filles
http://www.antonyme.org/antonyme/film%C3%A9,filmé
http://www.antonyme.org/antonyme/filon,filon
http://www.antonyme.org/antonyme/filou,filou
http://www.antonyme.org/antonyme/fils,fils
http://www.antonyme.org/antonyme/filtrage,filtrage
http://www.antonyme.org/antonyme/filtration,filtration
http://www.antonyme.org/antonyme/fin,fin
http://www.antonyme.org/antonyme/final,final
http://www.antonyme.org/antonyme/finale,finale
http://www.antonyme.org/antonyme/finalement,finalement
http://www.antonyme.org/antonyme/finales,finales
http://www.antonyme.org/antonyme/finalit%C3%A9,finalité
http://www.antonyme.org/antonyme/financ%C3%A9es,financées
http://www.antonyme.org/antonyme/financer,financer
http://www.antonyme.org/antonyme/finasserie,finasserie
http://www.antonyme.org/antonyme/finaud,finaud
http://www.antonyme.org/antonyme/finaude,finaude
http://www.antonyme.org/antonyme/fine,fine
http://www.antonyme.org/antonyme/finement,finement
http://www.antonyme.org/antonyme/finesse,finesse
http://www.antonyme.org/antonyme/fini,fini
http://www.antonyme.org/antonyme/finie,finie
http://www.antonyme.org/antonyme/finira,finira
http://www.antonyme.org/antonyme/finirait,finirait
http://www.antonyme.org/antonyme/finis,finis
http://www.antonyme.org/antonyme/finissent,finissent
http://www.antonyme.org/antonyme/finit,finit
http://www.antonyme.org/antonyme/finitude,finitude
http://www.antonyme.org/antonyme/fins,fins
http://www.antonyme.org/antonyme/firent,firent
http://www.antonyme.org/antonyme/fis,fis
http://www.antonyme.org/antonyme/fission,fission
http://www.antonyme.org/antonyme/fissurer,fissurer
http://www.antonyme.org/antonyme/fit,fit
http://www.antonyme.org/antonyme/fixant,fixant
http://www.antonyme.org/antonyme/fixation,fixation
http://www.antonyme.org/antonyme/fixe,fixe
http://www.antonyme.org/antonyme/fix%C3%A9,fixé
http://www.antonyme.org/antonyme/fix%C3%A9e,fixée
http://www.antonyme.org/antonyme/fix%C3%A9es,fixées
http://www.antonyme.org/antonyme/fixement,fixement
http://www.antonyme.org/antonyme/fixer,fixer
http://www.antonyme.org/antonyme/fixes,fixes
http://www.antonyme.org/antonyme/fix%C3%A9s,fixés
http://www.antonyme.org/antonyme/fixisme,fixisme
http://www.antonyme.org/antonyme/fixit%C3%A9,fixité
http://www.antonyme.org/antonyme/flaccidit%C3%A9,flaccidité
http://www.antonyme.org/antonyme/flageolant,flageolant
http://www.antonyme.org/antonyme/flagorner,flagorner
http://www.antonyme.org/antonyme/flagornerie,flagornerie
http://www.antonyme.org/antonyme/flagorneur,flagorneur
http://www.antonyme.org/antonyme/flagrant,flagrant
http://www.antonyme.org/antonyme/flair,flair
http://www.antonyme.org/antonyme/flairer,flairer
http://www.antonyme.org/antonyme/flamber,flamber
http://www.antonyme.org/antonyme/flamboiement,flamboiement
http://www.antonyme.org/antonyme/flamboyant,flamboyant
http://www.antonyme.org/antonyme/flamboyante,flamboyante
http://www.antonyme.org/antonyme/flamboyer,flamboyer
http://www.antonyme.org/antonyme/flamme,flamme
http://www.antonyme.org/antonyme/flammes,flammes
http://www.antonyme.org/antonyme/flanc,flanc
http://www.antonyme.org/antonyme/flancher,flancher
http://www.antonyme.org/antonyme/flancs,flancs
http://www.antonyme.org/antonyme/fl%C3%A2ner,flâner
http://www.antonyme.org/antonyme/fl%C3%A2nerie,flânerie
http://www.antonyme.org/antonyme/fl%C3%A2neuse,flâneuse
http://www.antonyme.org/antonyme/flanquer,flanquer
http://www.antonyme.org/antonyme/flasque,flasque
http://www.antonyme.org/antonyme/flatter,flatter
http://www.antonyme.org/antonyme/flatterie,flatterie
http://www.antonyme.org/antonyme/flatteur,flatteur
http://www.antonyme.org/antonyme/flatteuse,flatteuse
http://www.antonyme.org/antonyme/flavescent,flavescent
http://www.antonyme.org/antonyme/fl%C3%A9au,fléau
http://www.antonyme.org/antonyme/fl%C3%A9cher,flécher
http://www.antonyme.org/antonyme/fl%C3%A9chir,fléchir
http://www.antonyme.org/antonyme/fl%C3%A9chissement,fléchissement
http://www.antonyme.org/antonyme/flegmatique,flegmatique
http://www.antonyme.org/antonyme/flegme,flegme
http://www.antonyme.org/antonyme/flemmard,flemmard
http://www.antonyme.org/antonyme/flemmarde,flemmarde
http://www.antonyme.org/antonyme/flemmarder,flemmarder
http://www.antonyme.org/antonyme/flemmardise,flemmardise
http://www.antonyme.org/antonyme/flemme,flemme
http://www.antonyme.org/antonyme/fl%C3%A9trir,flétrir
http://www.antonyme.org/antonyme/fl%C3%A9trissement,flétrissement
http://www.antonyme.org/antonyme/fl%C3%A9trissure,flétrissure
http://www.antonyme.org/antonyme/fleur,fleur
http://www.antonyme.org/antonyme/fleuri,fleuri
http://www.antonyme.org/antonyme/fleurir,fleurir
http://www.antonyme.org/antonyme/fleurissent,fleurissent
http://www.antonyme.org/antonyme/fleurs,fleurs
http://www.antonyme.org/antonyme/flexibilit%C3%A9,flexibilité
http://www.antonyme.org/antonyme/flexible,flexible
http://www.antonyme.org/antonyme/flexionnel,flexionnel
http://www.antonyme.org/antonyme/flexionnelle,flexionnelle
http://www.antonyme.org/antonyme/flexueux,flexueux
http://www.antonyme.org/antonyme/flibustier,flibustier
http://www.antonyme.org/antonyme/flop,flop
http://www.antonyme.org/antonyme/flop%C3%A9e,flopée
http://www.antonyme.org/antonyme/floraison,floraison
http://www.antonyme.org/antonyme/flores,flores
http://www.antonyme.org/antonyme/florissant,florissant
http://www.antonyme.org/antonyme/florissante,florissante
http://www.antonyme.org/antonyme/flot,flot
http://www.antonyme.org/antonyme/flots,flots
http://www.antonyme.org/antonyme/flottant,flottant
http://www.antonyme.org/antonyme/flottante,flottante
http://www.antonyme.org/antonyme/flottement,flottement
http://www.antonyme.org/antonyme/flotter,flotter
http://www.antonyme.org/antonyme/flou,flou
http://www.antonyme.org/antonyme/floue,floue
http://www.antonyme.org/antonyme/flouer,flouer
http://www.antonyme.org/antonyme/flous,flous
http://www.antonyme.org/antonyme/fluctuant,fluctuant
http://www.antonyme.org/antonyme/fluctuation,fluctuation
http://www.antonyme.org/antonyme/fluctuations,fluctuations
http://www.antonyme.org/antonyme/fluet,fluet
http://www.antonyme.org/antonyme/fluide,fluide
http://www.antonyme.org/antonyme/fluidit%C3%A9,fluidité
http://www.antonyme.org/antonyme/fl%C3%BBte,flûte
http://www.antonyme.org/antonyme/fl%C3%BBt%C3%A9,flûté
http://www.antonyme.org/antonyme/flux,flux
http://www.antonyme.org/antonyme/flux+de,"flux de"
http://www.antonyme.org/antonyme/focaliser,focaliser
http://www.antonyme.org/antonyme/foi,foi
http://www.antonyme.org/antonyme/foirade,foirade
http://www.antonyme.org/antonyme/foires,foires
http://www.antonyme.org/antonyme/foireux,foireux
http://www.antonyme.org/antonyme/foison,foison
http://www.antonyme.org/antonyme/foisonnant,foisonnant
http://www.antonyme.org/antonyme/foisonnement,foisonnement
http://www.antonyme.org/antonyme/foisonner,foisonner
http://www.antonyme.org/antonyme/fol%C3%A2tre,folâtre
http://www.antonyme.org/antonyme/fol%C3%A2trer,folâtrer
http://www.antonyme.org/antonyme/folichon,folichon
http://www.antonyme.org/antonyme/folie,folie
http://www.antonyme.org/antonyme/foli%C3%A9,folié
http://www.antonyme.org/antonyme/folie+douce,"folie douce"
http://www.antonyme.org/antonyme/folies,folies
http://www.antonyme.org/antonyme/folle,folle
http://www.antonyme.org/antonyme/follement,follement
http://www.antonyme.org/antonyme/folles,folles
http://www.antonyme.org/antonyme/follet,follet
http://www.antonyme.org/antonyme/follette,follette
http://www.antonyme.org/antonyme/fomenteuse,fomenteuse
http://www.antonyme.org/antonyme/fonc%C3%A9,foncé
http://www.antonyme.org/antonyme/fonc%C3%A9e,foncée
http://www.antonyme.org/antonyme/foncer,foncer
http://www.antonyme.org/antonyme/fonceur,fonceur
http://www.antonyme.org/antonyme/fonceuse,fonceuse
http://www.antonyme.org/antonyme/foncier,foncier
http://www.antonyme.org/antonyme/fonci%C3%A8re,foncière
http://www.antonyme.org/antonyme/fonci%C3%A8rement,foncièrement
http://www.antonyme.org/antonyme/fonci%C3%A8res,foncières
http://www.antonyme.org/antonyme/fonciers,fonciers
http://www.antonyme.org/antonyme/fonction,fonction
http://www.antonyme.org/antonyme/fonctionnaire,fonctionnaire
http://www.antonyme.org/antonyme/fonctionnaires,fonctionnaires
http://www.antonyme.org/antonyme/fonctionnant,fonctionnant
http://www.antonyme.org/antonyme/fonctionne,fonctionne
http://www.antonyme.org/antonyme/fonctionn%C3%A9,fonctionné
http://www.antonyme.org/antonyme/fonctionnellement,fonctionnellement
http://www.antonyme.org/antonyme/fonctionnent,fonctionnent
http://www.antonyme.org/antonyme/fonctionner,fonctionner
http://www.antonyme.org/antonyme/fonctions,fonctions
http://www.antonyme.org/antonyme/fond,fond
http://www.antonyme.org/antonyme/fonda,fonda
http://www.antonyme.org/antonyme/fondamental,fondamental
http://www.antonyme.org/antonyme/fondamentale,fondamentale
http://www.antonyme.org/antonyme/fondamentales,fondamentales
http://www.antonyme.org/antonyme/fondamentaux,fondamentaux
http://www.antonyme.org/antonyme/fondateur,fondateur
http://www.antonyme.org/antonyme/fondateurs,fondateurs
http://www.antonyme.org/antonyme/fondation,fondation
http://www.antonyme.org/antonyme/fondations,fondations
http://www.antonyme.org/antonyme/fonde,fonde
http://www.antonyme.org/antonyme/fond%C3%A9,fondé
http://www.antonyme.org/antonyme/fond%C3%A9e,fondée
http://www.antonyme.org/antonyme/fond%C3%A9es,fondées
http://www.antonyme.org/antonyme/fondement,fondement
http://www.antonyme.org/antonyme/fondements,fondements
http://www.antonyme.org/antonyme/fonder,fonder
http://www.antonyme.org/antonyme/fond%C3%A9s,fondés
http://www.antonyme.org/antonyme/fondre,fondre
http://www.antonyme.org/antonyme/fonds,fonds
http://www.antonyme.org/antonyme/fondu,fondu
http://www.antonyme.org/antonyme/font,font
http://www.antonyme.org/antonyme/forain,forain
http://www.antonyme.org/antonyme/forban,forban
http://www.antonyme.org/antonyme/force,force
http://www.antonyme.org/antonyme/forc%C3%A9,forcé
http://www.antonyme.org/antonyme/forc%C3%A9e,forcée
http://www.antonyme.org/antonyme/forc%C3%A9ment,forcément
http://www.antonyme.org/antonyme/forcen%C3%A9,forcené
http://www.antonyme.org/antonyme/forcer,forcer
http://www.antonyme.org/antonyme/forces,forces
http://www.antonyme.org/antonyme/forc%C3%A9s,forcés
http://www.antonyme.org/antonyme/forcir,forcir
http://www.antonyme.org/antonyme/forclos,forclos
http://www.antonyme.org/antonyme/forclusion,forclusion
http://www.antonyme.org/antonyme/foret,foret
http://www.antonyme.org/antonyme/for%C3%AAt,forêt
http://www.antonyme.org/antonyme/for%C3%AAts,forêts
http://www.antonyme.org/antonyme/forfait,forfait
http://www.antonyme.org/antonyme/forfaiture,forfaiture
http://www.antonyme.org/antonyme/forfanterie,forfanterie
http://www.antonyme.org/antonyme/forg%C3%A9,forgé
http://www.antonyme.org/antonyme/forger,forger
http://www.antonyme.org/antonyme/forgeur,forgeur
http://www.antonyme.org/antonyme/formaliser,formaliser
http://www.antonyme.org/antonyme/formalisme,formalisme
http://www.antonyme.org/antonyme/formalit%C3%A9,formalité
http://www.antonyme.org/antonyme/formalit%C3%A9s,formalités
http://www.antonyme.org/antonyme/formateur,formateur
http://www.antonyme.org/antonyme/formateurs,formateurs
http://www.antonyme.org/antonyme/formation,formation
http://www.antonyme.org/antonyme/formations,formations
http://www.antonyme.org/antonyme/forme,forme
http://www.antonyme.org/antonyme/form%C3%A9,formé
http://www.antonyme.org/antonyme/form%C3%A9e,formée
http://www.antonyme.org/antonyme/form%C3%A9es,formées
http://www.antonyme.org/antonyme/formel,formel
http://www.antonyme.org/antonyme/formelle,formelle
http://www.antonyme.org/antonyme/formellement,formellement
http://www.antonyme.org/antonyme/formelles,formelles
http://www.antonyme.org/antonyme/formels,formels
http://www.antonyme.org/antonyme/forment,forment
http://www.antonyme.org/antonyme/former,former
http://www.antonyme.org/antonyme/formes,formes
http://www.antonyme.org/antonyme/form%C3%A9s,formés
http://www.antonyme.org/antonyme/formidable,formidable
http://www.antonyme.org/antonyme/formidablement,formidablement
http://www.antonyme.org/antonyme/formulable,formulable
http://www.antonyme.org/antonyme/formule,formule
http://www.antonyme.org/antonyme/formul%C3%A9,formulé
http://www.antonyme.org/antonyme/formul%C3%A9e,formulée
http://www.antonyme.org/antonyme/formul%C3%A9es,formulées
http://www.antonyme.org/antonyme/formuler,formuler
http://www.antonyme.org/antonyme/formules,formules
http://www.antonyme.org/antonyme/fort,fort
http://www.antonyme.org/antonyme/forte,forte
http://www.antonyme.org/antonyme/fortement,fortement
http://www.antonyme.org/antonyme/forteresse,forteresse
http://www.antonyme.org/antonyme/fortes,fortes
http://www.antonyme.org/antonyme/fortifiant,fortifiant
http://www.antonyme.org/antonyme/fortification,fortification
http://www.antonyme.org/antonyme/fortifi%C3%A9,fortifié
http://www.antonyme.org/antonyme/fortifier,fortifier
http://www.antonyme.org/antonyme/fortissimo,fortissimo
http://www.antonyme.org/antonyme/forts,forts
http://www.antonyme.org/antonyme/fortuit,fortuit
http://www.antonyme.org/antonyme/fortuite,fortuite
http://www.antonyme.org/antonyme/fortuitement,fortuitement
http://www.antonyme.org/antonyme/fortune,fortune
http://www.antonyme.org/antonyme/fortun%C3%A9,fortuné
http://www.antonyme.org/antonyme/fortun%C3%A9e,fortunée
http://www.antonyme.org/antonyme/fortunes,fortunes
http://www.antonyme.org/antonyme/fortun%C3%A9s,fortunés
http://www.antonyme.org/antonyme/fosse,fosse
http://www.antonyme.org/antonyme/foss%C3%A9,fossé
http://www.antonyme.org/antonyme/fossile,fossile
http://www.antonyme.org/antonyme/fossiles,fossiles
http://www.antonyme.org/antonyme/fossoyeur,fossoyeur
http://www.antonyme.org/antonyme/fou,fou
http://www.antonyme.org/antonyme/fou+rire,"fou rire"
http://www.antonyme.org/antonyme/fouet,fouet
http://www.antonyme.org/antonyme/fouetter,fouetter
http://www.antonyme.org/antonyme/fougue,fougue
http://www.antonyme.org/antonyme/fougueuse,fougueuse
http://www.antonyme.org/antonyme/fougueusement,fougueusement
http://www.antonyme.org/antonyme/fougueux,fougueux
http://www.antonyme.org/antonyme/fouille,fouille
http://www.antonyme.org/antonyme/fouill%C3%A9,fouillé
http://www.antonyme.org/antonyme/fouiller,fouiller
http://www.antonyme.org/antonyme/fouilles,fouilles
http://www.antonyme.org/antonyme/foulant,foulant
http://www.antonyme.org/antonyme/foule,foule
http://www.antonyme.org/antonyme/foule+de,"foule de"
http://www.antonyme.org/antonyme/foules,foules
http://www.antonyme.org/antonyme/foultitude,foultitude
http://www.antonyme.org/antonyme/four,four
http://www.antonyme.org/antonyme/fourbe,fourbe
http://www.antonyme.org/antonyme/fourberie,fourberie
http://www.antonyme.org/antonyme/fourbu,fourbu
http://www.antonyme.org/antonyme/fourche,fourche
http://www.antonyme.org/antonyme/fourmillant,fourmillant
http://www.antonyme.org/antonyme/fourmillement,fourmillement
http://www.antonyme.org/antonyme/fournaise,fournaise
http://www.antonyme.org/antonyme/fourni,fourni
http://www.antonyme.org/antonyme/fournie,fournie
http://www.antonyme.org/antonyme/fournies,fournies
http://www.antonyme.org/antonyme/fournir,fournir
http://www.antonyme.org/antonyme/fournira,fournira
http://www.antonyme.org/antonyme/fournis,fournis
http://www.antonyme.org/antonyme/fournissant,fournissant
http://www.antonyme.org/antonyme/fournissent,fournissent
http://www.antonyme.org/antonyme/fournisseur,fournisseur
http://www.antonyme.org/antonyme/fournisseurs,fournisseurs
http://www.antonyme.org/antonyme/fournit,fournit
http://www.antonyme.org/antonyme/fourrer,fourrer
http://www.antonyme.org/antonyme/fourri%C3%A9riste,fourriériste
http://www.antonyme.org/antonyme/fours,fours
http://www.antonyme.org/antonyme/fourvoyer,fourvoyer
http://www.antonyme.org/antonyme/fous,fous
http://www.antonyme.org/antonyme/foutriquet,foutriquet
http://www.antonyme.org/antonyme/foyer,foyer
http://www.antonyme.org/antonyme/foyers,foyers
http://www.antonyme.org/antonyme/fracas,fracas
http://www.antonyme.org/antonyme/fracassant,fracassant
http://www.antonyme.org/antonyme/fracass%C3%A9,fracassé
http://www.antonyme.org/antonyme/fracasser,fracasser
http://www.antonyme.org/antonyme/fraction,fraction
http://www.antonyme.org/antonyme/fractionnaire,fractionnaire
http://www.antonyme.org/antonyme/fractionnement,fractionnement
http://www.antonyme.org/antonyme/fractionner,fractionner
http://www.antonyme.org/antonyme/fractionnisme,fractionnisme
http://www.antonyme.org/antonyme/fracture,fracture
http://www.antonyme.org/antonyme/fractur%C3%A9,fracturé
http://www.antonyme.org/antonyme/fracturer,fracturer
http://www.antonyme.org/antonyme/fragile,fragile
http://www.antonyme.org/antonyme/fragiles,fragiles
http://www.antonyme.org/antonyme/fragiliser,fragiliser
http://www.antonyme.org/antonyme/fragilit%C3%A9,fragilité
http://www.antonyme.org/antonyme/fragment,fragment
http://www.antonyme.org/antonyme/fragmentaire,fragmentaire
http://www.antonyme.org/antonyme/fragmenter,fragmenter
http://www.antonyme.org/antonyme/fragments,fragments
http://www.antonyme.org/antonyme/fragrant,fragrant
http://www.antonyme.org/antonyme/fra%C3%AEche,fraîche
http://www.antonyme.org/antonyme/fra%C3%AEche+date,"fraîche date"
http://www.antonyme.org/antonyme/fra%C3%AEchement,fraîchement
http://www.antonyme.org/antonyme/fra%C3%AEches,fraîches
http://www.antonyme.org/antonyme/fra%C3%AEcheur,fraîcheur
http://www.antonyme.org/antonyme/frairie,frairie
http://www.antonyme.org/antonyme/frais,frais
http://www.antonyme.org/antonyme/fraiser,fraiser
http://www.antonyme.org/antonyme/fraisure,fraisure
http://www.antonyme.org/antonyme/franc,franc
http://www.antonyme.org/antonyme/franc-alleu,franc-alleu
http://www.antonyme.org/antonyme/franc-jeu,franc-jeu
http://www.antonyme.org/antonyme/franche,franche
http://www.antonyme.org/antonyme/franchement,franchement
http://www.antonyme.org/antonyme/franchi,franchi
http://www.antonyme.org/antonyme/franchie,franchie
http://www.antonyme.org/antonyme/franchir,franchir
http://www.antonyme.org/antonyme/franchise,franchise
http://www.antonyme.org/antonyme/franchises,franchises
http://www.antonyme.org/antonyme/franchissant,franchissant
http://www.antonyme.org/antonyme/franchit,franchit
http://www.antonyme.org/antonyme/franco,franco
http://www.antonyme.org/antonyme/francs,francs
http://www.antonyme.org/antonyme/Francs,Francs
http://www.antonyme.org/antonyme/frange,frange
http://www.antonyme.org/antonyme/frangin,frangin
http://www.antonyme.org/antonyme/frangine,frangine
http://www.antonyme.org/antonyme/franque,franque
http://www.antonyme.org/antonyme/frappant,frappant
http://www.antonyme.org/antonyme/frappante,frappante
http://www.antonyme.org/antonyme/frappe,frappe
http://www.antonyme.org/antonyme/frapp%C3%A9,frappé
http://www.antonyme.org/antonyme/frapp%C3%A9e,frappée
http://www.antonyme.org/antonyme/frapp%C3%A9es,frappées
http://www.antonyme.org/antonyme/frappent,frappent
http://www.antonyme.org/antonyme/frapper,frapper
http://www.antonyme.org/antonyme/frapp%C3%A9s,frappés
http://www.antonyme.org/antonyme/fraternel,fraternel
http://www.antonyme.org/antonyme/fraternisation,fraternisation
http://www.antonyme.org/antonyme/fraternit%C3%A9,fraternité
http://www.antonyme.org/antonyme/fraude,fraude
http://www.antonyme.org/antonyme/fraudes,fraudes
http://www.antonyme.org/antonyme/frauduleusement,frauduleusement
http://www.antonyme.org/antonyme/frauduleux,frauduleux
http://www.antonyme.org/antonyme/frayer,frayer
http://www.antonyme.org/antonyme/frayeur,frayeur
http://www.antonyme.org/antonyme/fredonnement,fredonnement
http://www.antonyme.org/antonyme/frein,frein
http://www.antonyme.org/antonyme/freiner,freiner
http://www.antonyme.org/antonyme/freins,freins
http://www.antonyme.org/antonyme/frelat%C3%A9,frelaté
http://www.antonyme.org/antonyme/frelater,frelater
http://www.antonyme.org/antonyme/fr%C3%AAle,frêle
http://www.antonyme.org/antonyme/fr%C3%A9missant,frémissant
http://www.antonyme.org/antonyme/fr%C3%A9missement,frémissement
http://www.antonyme.org/antonyme/fr%C3%A9n%C3%A9sie,frénésie
http://www.antonyme.org/antonyme/fr%C3%A9n%C3%A9tique,frénétique
http://www.antonyme.org/antonyme/fr%C3%A9n%C3%A9tiquement,frénétiquement
http://www.antonyme.org/antonyme/fr%C3%A9quemment,fréquemment
http://www.antonyme.org/antonyme/fr%C3%A9quence,fréquence
http://www.antonyme.org/antonyme/fr%C3%A9quences,fréquences
http://www.antonyme.org/antonyme/fr%C3%A9quent,fréquent
http://www.antonyme.org/antonyme/fr%C3%A9quentation,fréquentation
http://www.antonyme.org/antonyme/fr%C3%A9quente,fréquente
http://www.antonyme.org/antonyme/fr%C3%A9quent%C3%A9,fréquenté
http://www.antonyme.org/antonyme/fr%C3%A9quent%C3%A9e,fréquentée
http://www.antonyme.org/antonyme/fr%C3%A9quent%C3%A9es,fréquentées
http://www.antonyme.org/antonyme/fr%C3%A9quentent,fréquentent
http://www.antonyme.org/antonyme/fr%C3%A9quenter,fréquenter
http://www.antonyme.org/antonyme/fr%C3%A9quentes,fréquentes
http://www.antonyme.org/antonyme/fr%C3%A9quent%C3%A9s,fréquentés
http://www.antonyme.org/antonyme/fr%C3%A9quents,fréquents
http://www.antonyme.org/antonyme/fr%C3%A8re,frère
http://www.antonyme.org/antonyme/fr%C3%A8res,frères
http://www.antonyme.org/antonyme/fr%C3%A9teur,fréteur
http://www.antonyme.org/antonyme/fr%C3%A9tillant,frétillant
http://www.antonyme.org/antonyme/fr%C3%A9tillante,frétillante
http://www.antonyme.org/antonyme/friable,friable
http://www.antonyme.org/antonyme/fricasser,fricasser
http://www.antonyme.org/antonyme/fricatif,fricatif
http://www.antonyme.org/antonyme/fricative,fricative
http://www.antonyme.org/antonyme/friction,friction
http://www.antonyme.org/antonyme/frigidarium,frigidarium
http://www.antonyme.org/antonyme/frigide,frigide
http://www.antonyme.org/antonyme/frigidit%C3%A9,frigidité
http://www.antonyme.org/antonyme/frigorifier,frigorifier
http://www.antonyme.org/antonyme/frigorifique,frigorifique
http://www.antonyme.org/antonyme/frileuse,frileuse
http://www.antonyme.org/antonyme/frileux,frileux
http://www.antonyme.org/antonyme/frime,frime
http://www.antonyme.org/antonyme/fringant,fringant
http://www.antonyme.org/antonyme/fringante,fringante
http://www.antonyme.org/antonyme/fringuer,fringuer
http://www.antonyme.org/antonyme/fripe,fripe
http://www.antonyme.org/antonyme/frip%C3%A9,fripé
http://www.antonyme.org/antonyme/friperie,friperie
http://www.antonyme.org/antonyme/fripon,fripon
http://www.antonyme.org/antonyme/friponne,friponne
http://www.antonyme.org/antonyme/friponnerie,friponnerie
http://www.antonyme.org/antonyme/fripouille,fripouille
http://www.antonyme.org/antonyme/friqu%C3%A9,friqué
http://www.antonyme.org/antonyme/frire,frire
http://www.antonyme.org/antonyme/fris%C3%A9,frisé
http://www.antonyme.org/antonyme/friser,friser
http://www.antonyme.org/antonyme/frisquet,frisquet
http://www.antonyme.org/antonyme/frisson,frisson
http://www.antonyme.org/antonyme/frissonnant,frissonnant
http://www.antonyme.org/antonyme/frivole,frivole
http://www.antonyme.org/antonyme/frivolit%C3%A9,frivolité
http://www.antonyme.org/antonyme/froid,froid
http://www.antonyme.org/antonyme/froide,froide
http://www.antonyme.org/antonyme/froidement,froidement
http://www.antonyme.org/antonyme/froideur,froideur
http://www.antonyme.org/antonyme/froids,froids
http://www.antonyme.org/antonyme/froidure,froidure
http://www.antonyme.org/antonyme/froissant,froissant
http://www.antonyme.org/antonyme/froissement,froissement
http://www.antonyme.org/antonyme/froisser,froisser
http://www.antonyme.org/antonyme/fr%C3%B4l%C3%A9,frôlé
http://www.antonyme.org/antonyme/fr%C3%B4ler,frôler
http://www.antonyme.org/antonyme/froncer,froncer
http://www.antonyme.org/antonyme/fronder,fronder
http://www.antonyme.org/antonyme/frondeur,frondeur
http://www.antonyme.org/antonyme/frondeuse,frondeuse
http://www.antonyme.org/antonyme/front,front
http://www.antonyme.org/antonyme/frontail,frontail
http://www.antonyme.org/antonyme/frontali%C3%A8res,frontalières
http://www.antonyme.org/antonyme/fronti%C3%A8re,frontière
http://www.antonyme.org/antonyme/fronti%C3%A8res,frontières
http://www.antonyme.org/antonyme/frontispice,frontispice
http://www.antonyme.org/antonyme/fronton,fronton
http://www.antonyme.org/antonyme/fronts,fronts
http://www.antonyme.org/antonyme/frottage,frottage
http://www.antonyme.org/antonyme/frotter,frotter
http://www.antonyme.org/antonyme/froussard,froussard
http://www.antonyme.org/antonyme/froussarde,froussarde
http://www.antonyme.org/antonyme/frousse,frousse
http://www.antonyme.org/antonyme/fructifier,fructifier
http://www.antonyme.org/antonyme/fructueuse,fructueuse
http://www.antonyme.org/antonyme/fructueusement,fructueusement
http://www.antonyme.org/antonyme/fructueux,fructueux
http://www.antonyme.org/antonyme/frugal,frugal
http://www.antonyme.org/antonyme/frugalement,frugalement
http://www.antonyme.org/antonyme/frugalit%C3%A9,frugalité
http://www.antonyme.org/antonyme/fruit,fruit
http://www.antonyme.org/antonyme/fruits,fruits
http://www.antonyme.org/antonyme/fruste,fruste
http://www.antonyme.org/antonyme/frustration,frustration
http://www.antonyme.org/antonyme/frustrations,frustrations
http://www.antonyme.org/antonyme/frustrer,frustrer
http://www.antonyme.org/antonyme/fugace,fugace
http://www.antonyme.org/antonyme/fugacit%C3%A9,fugacité
http://www.antonyme.org/antonyme/fugitif,fugitif
http://www.antonyme.org/antonyme/fugitive,fugitive
http://www.antonyme.org/antonyme/fugitivement,fugitivement
http://www.antonyme.org/antonyme/fuguer,fuguer
http://www.antonyme.org/antonyme/fui,fui
http://www.antonyme.org/antonyme/fuient,fuient
http://www.antonyme.org/antonyme/fuir,fuir
http://www.antonyme.org/antonyme/fuit,fuit
http://www.antonyme.org/antonyme/fuite,fuite
http://www.antonyme.org/antonyme/fuites,fuites
http://www.antonyme.org/antonyme/fulgurant,fulgurant
http://www.antonyme.org/antonyme/fulgurante,fulgurante
http://www.antonyme.org/antonyme/fulgurer,fulgurer
http://www.antonyme.org/antonyme/fuligineux,fuligineux
http://www.antonyme.org/antonyme/fulmination,fulmination
http://www.antonyme.org/antonyme/fumable,fumable
http://www.antonyme.org/antonyme/fumeuse,fumeuse
http://www.antonyme.org/antonyme/fumeux,fumeux
http://www.antonyme.org/antonyme/fumiste,fumiste
http://www.antonyme.org/antonyme/fumisterie,fumisterie
http://www.antonyme.org/antonyme/funambule,funambule
http://www.antonyme.org/antonyme/fun%C3%A8bre,funèbre
http://www.antonyme.org/antonyme/fun%C3%A8bres,funèbres
http://www.antonyme.org/antonyme/fun%C3%A9railles,funérailles
http://www.antonyme.org/antonyme/funeste,funeste
http://www.antonyme.org/antonyme/furent,furent
http://www.antonyme.org/antonyme/fureteur,fureteur
http://www.antonyme.org/antonyme/fureteuse,fureteuse
http://www.antonyme.org/antonyme/fureur,fureur
http://www.antonyme.org/antonyme/furibond,furibond
http://www.antonyme.org/antonyme/furie,furie
http://www.antonyme.org/antonyme/furieuse,furieuse
http://www.antonyme.org/antonyme/furieux,furieux
http://www.antonyme.org/antonyme/furtif,furtif
http://www.antonyme.org/antonyme/furtivement,furtivement
http://www.antonyme.org/antonyme/furtivit%C3%A9,furtivité
http://www.antonyme.org/antonyme/fus,fus
http://www.antonyme.org/antonyme/fusel%C3%A9,fuselé
http://www.antonyme.org/antonyme/fusible,fusible
http://www.antonyme.org/antonyme/fusion,fusion
http://www.antonyme.org/antonyme/fusionner,fusionner
http://www.antonyme.org/antonyme/fusions,fusions
http://www.antonyme.org/antonyme/fustiger,fustiger
http://www.antonyme.org/antonyme/futaie,futaie
http://www.antonyme.org/antonyme/fut%C3%A9,futé
http://www.antonyme.org/antonyme/fut%C3%A9e,futée
http://www.antonyme.org/antonyme/futile,futile
http://www.antonyme.org/antonyme/futilement,futilement
http://www.antonyme.org/antonyme/futilit%C3%A9,futilité
http://www.antonyme.org/antonyme/futur,futur
http://www.antonyme.org/antonyme/future,future
http://www.antonyme.org/antonyme/futures,futures
http://www.antonyme.org/antonyme/futuriste,futuriste
http://www.antonyme.org/antonyme/futurs,futurs
http://www.antonyme.org/antonyme/fuyant,fuyant
http://www.antonyme.org/antonyme/fuyante,fuyante
http://www.antonyme.org/antonyme/fuyard,fuyard
http://www.antonyme.org/antonyme/fuyarde,fuyarde
http://www.antonyme.org/antonyme/timide,Timide
http://www.antonyme.org/antonyme/confirmer,Confirmer
http://www.antonyme.org/antonyme/misogyne,Misogyne
http://www.antonyme.org/antonyme/modeste,Modeste
http://www.antonyme.org/antonyme/tardif,Tardif
http://www.antonyme.org/antonyme/liberté,Liberté
http://www.antonyme.org/antonyme/sérieux,Sérieux
http://www.antonyme.org/antonyme/atout,Atout
http://www.antonyme.org/antonyme/confiance,Confiance
http://www.antonyme.org/antonyme/précéder,Précéder
http://www.antonyme.org/antonyme/important,Important
http://www.antonyme.org/antonyme/ponctuel,Ponctuel
http://www.antonyme.org/antonyme/monotone,Monotone
http://www.antonyme.org/antonyme/fiable,Fiable
http://www.antonyme.org/antonyme/original,Original
"http://www.antonyme.org/antonyme/à l'instar","à l instar"
http://www.antonyme.org/antonyme/trouver,Trouver
http://www.antonyme.org/antonyme/amour,Amour
http://www.antonyme.org/antonyme/faire,faire
"http://www.antonyme.org/antonyme/en plus","en plus"
http://www.antonyme.org/antonyme/anglais,anglais
http://www.antonyme.org/antonyme/mettre,mettre
"http://www.antonyme.org/antonyme/en effet","en effet"
http://www.antonyme.org/antonyme/contraire,contraire
http://www.antonyme.org/antonyme/être,être
http://www.antonyme.org/antonyme/avoir,avoir
http://www.antonyme.org/antonyme/problème,problème
http://www.antonyme.org/antonyme/pour,pour
http://www.antonyme.org/antonyme/travail,travail
http://www.antonyme.org/antonyme/créer,créer
http://www.antonyme.org/antonyme/demander,demander
http://www.antonyme.org/antonyme/bien,bien
http://www.antonyme.org/antonyme/important,important
http://www.antonyme.org/antonyme/prendre,prendre
http://www.antonyme.org/antonyme/experience,expérience
http://www.antonyme.org/antonyme/amour,amour
http://www.antonyme.org/antonyme/dire,dire
http://www.antonyme.org/antonyme/trouver,trouver
http://www.antonyme.org/antonyme/augmenter,augmenter
http://www.antonyme.org/antonyme/installer,installer
"http://www.antonyme.org/antonyme/en fait","en fait"
http://www.antonyme.org/antonyme/voir,voir
http://www.antonyme.org/antonyme/aimer,aimer
http://www.antonyme.org/antonyme/temps,temps
http://www.antonyme.org/antonyme/petit,petit
http://www.antonyme.org/antonyme/obtenir,obtenir
http://www.antonyme.org/antonyme/analyse,analyse
http://www.antonyme.org/antonyme/utiliser,utiliser
http://www.antonyme.org/antonyme/savoir,savoir
http://www.antonyme.org/antonyme/montrer,montrer
http://www.antonyme.org/antonyme/développer,développer
http://www.antonyme.org/antonyme/origine,origine
http://www.antonyme.org/antonyme/fin,fin
"http://www.antonyme.org/antonyme/du coup","du coup"
"http://www.antonyme.org/antonyme/en ligne","en ligne"
http://www.antonyme.org/antonyme/changer,changer
http://www.antonyme.org/antonyme/oeuvre,oeuvre
http://www.antonyme.org/antonyme/intéresser,intéresser
http://www.antonyme.org/antonyme/bonne,bonne
http://www.antonyme.org/antonyme/présentation,présentation
http://www.antonyme.org/antonyme/aide,aide
http://www.antonyme.org/antonyme/différent,différent
http://www.antonyme.org/antonyme/vie,vie
http://www.antonyme.org/antonyme/aider,aider
http://www.antonyme.org/antonyme/réaliser,réaliser
http://www.antonyme.org/antonyme/cause,cause
http://www.antonyme.org/antonyme/souhaiter,souhaiter
http://www.antonyme.org/antonyme/belle,belle
http://www.antonyme.org/antonyme/découvrir,découvrir
http://www.antonyme.org/antonyme/intéressant,intéressant
http://www.antonyme.org/antonyme/présenter,présenter
"http://www.antonyme.org/antonyme/suite à","suite à"
http://www.antonyme.org/antonyme/intégrer,intégrer
http://www.antonyme.org/antonyme/grand,grand
http://www.antonyme.org/antonyme/connaître,connaître
http://www.antonyme.org/antonyme/démonter,démonter
http://www.antonyme.org/antonyme/effectuer,effectuer
http://www.antonyme.org/antonyme/beau,beau
http://www.antonyme.org/antonyme/connaissance,connaissance
http://www.antonyme.org/antonyme/emploi,emploi
http://www.antonyme.org/antonyme/recherche,recherche
"http://www.antonyme.org/antonyme/par contre","par contre"
http://www.antonyme.org/antonyme/parler,parler
http://www.antonyme.org/antonyme/explication,explication
http://www.antonyme.org/antonyme/penser,penser
http://www.antonyme.org/antonyme/avec,avec
http://www.antonyme.org/antonyme/triste,triste
http://www.antonyme.org/antonyme/regarder,regarder
http://www.antonyme.org/antonyme/travailler,travailler
http://www.antonyme.org/antonyme/améliorer,améliorer
http://www.antonyme.org/antonyme/tristesse,tristesse
http://www.antonyme.org/antonyme/passer,passer
http://www.antonyme.org/antonyme/création,création
http://www.antonyme.org/antonyme/acquérir,acquérir
"http://www.antonyme.org/antonyme/ainsi que","ainsi que"
http://www.antonyme.org/antonyme/intérêt,intérêt
http://www.antonyme.org/antonyme/passionné,passionné
http://www.antonyme.org/antonyme/peur,peur
http://www.antonyme.org/antonyme/adapter,adapter
http://www.antonyme.org/antonyme/rechercher,rechercher
http://www.antonyme.org/antonyme/passion,passion
http://www.antonyme.org/antonyme/accord,accord
http://www.antonyme.org/antonyme/organisation,organisation
http://www.antonyme.org/antonyme/compétence,compétence
