http://www.antonyme.org/antonyme/gabarit,gabarit
http://www.antonyme.org/antonyme/gabegie,gabegie
http://www.antonyme.org/antonyme/g%C3%A2cher,gâcher
http://www.antonyme.org/antonyme/g%C3%A2cheuse,gâcheuse
http://www.antonyme.org/antonyme/g%C3%A2chis,gâchis
http://www.antonyme.org/antonyme/gadin,gadin
http://www.antonyme.org/antonyme/gaffe,gaffe
http://www.antonyme.org/antonyme/gaff%C3%A9s,gaffés
http://www.antonyme.org/antonyme/gaffeur,gaffeur
http://www.antonyme.org/antonyme/gage,gage
http://www.antonyme.org/antonyme/gager+,gager
http://www.antonyme.org/antonyme/gager,gager
http://www.antonyme.org/antonyme/gages,gages
http://www.antonyme.org/antonyme/gagnable,gagnable
http://www.antonyme.org/antonyme/gagnait,gagnait
http://www.antonyme.org/antonyme/gagnante,gagnante
http://www.antonyme.org/antonyme/gagnants,gagnants
http://www.antonyme.org/antonyme/gagne,gagne
http://www.antonyme.org/antonyme/gagne-pain,gagne-pain
http://www.antonyme.org/antonyme/gagn%C3%A9e,gagnée
http://www.antonyme.org/antonyme/gagnent,gagnent
http://www.antonyme.org/antonyme/gagner,gagner
http://www.antonyme.org/antonyme/gagnera,gagnera
http://www.antonyme.org/antonyme/gagneur,gagneur
http://www.antonyme.org/antonyme/gagneuse,gagneuse
http://www.antonyme.org/antonyme/gai,gai
http://www.antonyme.org/antonyme/gaie,gaie
http://www.antonyme.org/antonyme/gaiement,gaiement
http://www.antonyme.org/antonyme/gaiet%C3%A9,gaieté
http://www.antonyme.org/antonyme/gaillard,gaillard
http://www.antonyme.org/antonyme/gaillarde,gaillarde
http://www.antonyme.org/antonyme/gaillardement,gaillardement
http://www.antonyme.org/antonyme/ga%C3%AEment,gaîment
http://www.antonyme.org/antonyme/gain,gain
http://www.antonyme.org/antonyme/gains,gains
http://www.antonyme.org/antonyme/galactique,galactique
http://www.antonyme.org/antonyme/galamment,galamment
http://www.antonyme.org/antonyme/galant,galant
http://www.antonyme.org/antonyme/galante,galante
http://www.antonyme.org/antonyme/galanterie,galanterie
http://www.antonyme.org/antonyme/galbe,galbe
http://www.antonyme.org/antonyme/galb%C3%A9,galbé
http://www.antonyme.org/antonyme/gal%C3%A9jade,galéjade
http://www.antonyme.org/antonyme/galerie,galerie
http://www.antonyme.org/antonyme/galeries,galeries
http://www.antonyme.org/antonyme/galetas,galetas
http://www.antonyme.org/antonyme/galeux,galeux
http://www.antonyme.org/antonyme/gallican,gallican
http://www.antonyme.org/antonyme/galoper,galoper
http://www.antonyme.org/antonyme/galopin,galopin
http://www.antonyme.org/antonyme/galvaniser,galvaniser
http://www.antonyme.org/antonyme/galvauder,galvauder
http://www.antonyme.org/antonyme/gamin,gamin
http://www.antonyme.org/antonyme/gamins,gamins
http://www.antonyme.org/antonyme/gandin,gandin
http://www.antonyme.org/antonyme/gang,gang
http://www.antonyme.org/antonyme/gangster,gangster
http://www.antonyme.org/antonyme/gangsters,gangsters
http://www.antonyme.org/antonyme/gangue,gangue
http://www.antonyme.org/antonyme/garanti,garanti
http://www.antonyme.org/antonyme/garantie,garantie
http://www.antonyme.org/antonyme/garanties,garanties
http://www.antonyme.org/antonyme/garantir,garantir
http://www.antonyme.org/antonyme/garantis,garantis
http://www.antonyme.org/antonyme/garantissant,garantissant
http://www.antonyme.org/antonyme/garantit,garantit
http://www.antonyme.org/antonyme/gar%C3%A7on,garçon
http://www.antonyme.org/antonyme/gar%C3%A7ons,garçons
http://www.antonyme.org/antonyme/gardait,gardait
http://www.antonyme.org/antonyme/gardant,gardant
http://www.antonyme.org/antonyme/garde,garde
http://www.antonyme.org/antonyme/gard%C3%A9,gardé
http://www.antonyme.org/antonyme/garde-fou,garde-fou
http://www.antonyme.org/antonyme/gardent,gardent
http://www.antonyme.org/antonyme/garder,garder
http://www.antonyme.org/antonyme/gardera,gardera
http://www.antonyme.org/antonyme/gardes,gardes
http://www.antonyme.org/antonyme/gard%C3%A9s,gardés
http://www.antonyme.org/antonyme/gardien,gardien
http://www.antonyme.org/antonyme/gardiens,gardiens
http://www.antonyme.org/antonyme/gare,gare
http://www.antonyme.org/antonyme/gar%C3%A9,garé
http://www.antonyme.org/antonyme/garer,garer
http://www.antonyme.org/antonyme/gares,gares
http://www.antonyme.org/antonyme/garnement,garnement
http://www.antonyme.org/antonyme/garni,garni
http://www.antonyme.org/antonyme/garnir,garnir
http://www.antonyme.org/antonyme/garrottage,garrottage
http://www.antonyme.org/antonyme/garrotter,garrotter
http://www.antonyme.org/antonyme/gars,gars
http://www.antonyme.org/antonyme/gaspillage,gaspillage
http://www.antonyme.org/antonyme/gaspiller,gaspiller
http://www.antonyme.org/antonyme/gaspilleur,gaspilleur
http://www.antonyme.org/antonyme/gaspilleuse,gaspilleuse
http://www.antonyme.org/antonyme/gastronome,gastronome
http://www.antonyme.org/antonyme/g%C3%A2t%C3%A9,gâté
http://www.antonyme.org/antonyme/g%C3%A2t%C3%A9e,gâtée
http://www.antonyme.org/antonyme/g%C3%A2ter,gâter
http://www.antonyme.org/antonyme/g%C3%A2terie,gâterie
http://www.antonyme.org/antonyme/g%C3%A2tisme,gâtisme
http://www.antonyme.org/antonyme/gauche,gauche
http://www.antonyme.org/antonyme/gauchement,gauchement
http://www.antonyme.org/antonyme/gaucherie,gaucherie
http://www.antonyme.org/antonyme/gauchir,gauchir
http://www.antonyme.org/antonyme/gauchissement,gauchissement
http://www.antonyme.org/antonyme/gauchiste,gauchiste
http://www.antonyme.org/antonyme/gaulois,gaulois
http://www.antonyme.org/antonyme/gavage,gavage
http://www.antonyme.org/antonyme/gaver,gaver
http://www.antonyme.org/antonyme/gavroche,gavroche
http://www.antonyme.org/antonyme/gaz,gaz
http://www.antonyme.org/antonyme/gazer,gazer
http://www.antonyme.org/antonyme/gazeux,gazeux
http://www.antonyme.org/antonyme/gazouillis,gazouillis
http://www.antonyme.org/antonyme/g%C3%A9ant,géant
http://www.antonyme.org/antonyme/g%C3%A9ante,géante
http://www.antonyme.org/antonyme/g%C3%A9antes,géantes
http://www.antonyme.org/antonyme/g%C3%A9ants,géants
http://www.antonyme.org/antonyme/geignard,geignard
http://www.antonyme.org/antonyme/geignarde,geignarde
http://www.antonyme.org/antonyme/geindre,geindre
http://www.antonyme.org/antonyme/gel,gel
http://www.antonyme.org/antonyme/gel%C3%A9,gelé
http://www.antonyme.org/antonyme/geler,geler
http://www.antonyme.org/antonyme/g%C3%A9miner,géminer
http://www.antonyme.org/antonyme/g%C3%A9mir,gémir
http://www.antonyme.org/antonyme/g%C3%A9missant,gémissant
http://www.antonyme.org/antonyme/g%C3%AAnant,gênant
http://www.antonyme.org/antonyme/g%C3%AAne,gêne
http://www.antonyme.org/antonyme/g%C3%AAn%C3%A9,gêné
http://www.antonyme.org/antonyme/g%C3%A8ne,gène
http://www.antonyme.org/antonyme/g%C3%AAn%C3%A9e,gênée
http://www.antonyme.org/antonyme/g%C3%AAner,gêner
http://www.antonyme.org/antonyme/g%C3%A9n%C3%A9ral,général
http://www.antonyme.org/antonyme/g%C3%A9n%C3%A9rale,générale
http://www.antonyme.org/antonyme/g%C3%A9n%C3%A9ralement,généralement
http://www.antonyme.org/antonyme/g%C3%A9n%C3%A9rales,générales
http://www.antonyme.org/antonyme/g%C3%A9n%C3%A9ralisation,généralisation
http://www.antonyme.org/antonyme/g%C3%A9n%C3%A9ralis%C3%A9,généralisé
http://www.antonyme.org/antonyme/g%C3%A9n%C3%A9ralis%C3%A9e,généralisée
http://www.antonyme.org/antonyme/g%C3%A9n%C3%A9raliser,généraliser
http://www.antonyme.org/antonyme/g%C3%A9n%C3%A9raliste,généraliste
http://www.antonyme.org/antonyme/g%C3%A9n%C3%A9ralit%C3%A9,généralité
http://www.antonyme.org/antonyme/g%C3%A9n%C3%A9rateur,générateur
http://www.antonyme.org/antonyme/g%C3%A9n%C3%A9ration,génération
http://www.antonyme.org/antonyme/g%C3%A9n%C3%A9raux,généraux
http://www.antonyme.org/antonyme/g%C3%A9n%C3%A9reuse,généreuse
http://www.antonyme.org/antonyme/g%C3%A9n%C3%A9reusement,généreusement
http://www.antonyme.org/antonyme/g%C3%A9n%C3%A9reux,généreux
http://www.antonyme.org/antonyme/g%C3%A9n%C3%A9rique,générique
http://www.antonyme.org/antonyme/g%C3%A9n%C3%A9rosit%C3%A9,générosité
http://www.antonyme.org/antonyme/g%C3%AAn%C3%A9s,gênés
http://www.antonyme.org/antonyme/g%C3%A8nes,gènes
http://www.antonyme.org/antonyme/g%C3%A9n%C3%A9tique,génétique
http://www.antonyme.org/antonyme/g%C3%AAneur,gêneur
http://www.antonyme.org/antonyme/g%C3%A9nial,génial
http://www.antonyme.org/antonyme/g%C3%A9niale,géniale
http://www.antonyme.org/antonyme/g%C3%A9nialement,génialement
http://www.antonyme.org/antonyme/g%C3%A9nie,génie
http://www.antonyme.org/antonyme/g%C3%A9nique,génique
http://www.antonyme.org/antonyme/g%C3%A9nitrice,génitrice
http://www.antonyme.org/antonyme/genre,genre
http://www.antonyme.org/antonyme/gent,gent
http://www.antonyme.org/antonyme/gentil,gentil
http://www.antonyme.org/antonyme/gentilhomme,gentilhomme
http://www.antonyme.org/antonyme/gentilhommi%C3%A8re,gentilhommière
http://www.antonyme.org/antonyme/gentille,gentille
http://www.antonyme.org/antonyme/gentillesse,gentillesse
http://www.antonyme.org/antonyme/gentillette,gentillette
http://www.antonyme.org/antonyme/gentils,gentils
http://www.antonyme.org/antonyme/gentiment,gentiment
http://www.antonyme.org/antonyme/gentleman,gentleman
http://www.antonyme.org/antonyme/ge%C3%B4li%C3%A8re,geôlière
http://www.antonyme.org/antonyme/g%C3%A9om%C3%A9trique,géométrique
http://www.antonyme.org/antonyme/g%C3%A9om%C3%A9triquement,géométriquement
http://www.antonyme.org/antonyme/g%C3%A9rable,gérable
http://www.antonyme.org/antonyme/gerber,gerber
http://www.antonyme.org/antonyme/g%C3%A9rer,gérer
http://www.antonyme.org/antonyme/germe,germe
http://www.antonyme.org/antonyme/germer,germer
http://www.antonyme.org/antonyme/g%C3%A9ronte,géronte
http://www.antonyme.org/antonyme/g%C3%A9sine,gésine
http://www.antonyme.org/antonyme/gicl%C3%A9e,giclée
http://www.antonyme.org/antonyme/gifle,gifle
http://www.antonyme.org/antonyme/gigantesque,gigantesque
http://www.antonyme.org/antonyme/gigantesques,gigantesques
http://www.antonyme.org/antonyme/girond,girond
http://www.antonyme.org/antonyme/gironde,gironde
http://www.antonyme.org/antonyme/gisement,gisement
http://www.antonyme.org/antonyme/gitan,gitan
http://www.antonyme.org/antonyme/gitane,gitane
http://www.antonyme.org/antonyme/Gitane,Gitane
http://www.antonyme.org/antonyme/g%C3%AEter,gîter
http://www.antonyme.org/antonyme/givrer,givrer
http://www.antonyme.org/antonyme/glabre,glabre
http://www.antonyme.org/antonyme/gla%C3%A7ant,glaçant
http://www.antonyme.org/antonyme/glace,glace
http://www.antonyme.org/antonyme/glac%C3%A9,glacé
http://www.antonyme.org/antonyme/glacer,glacer
http://www.antonyme.org/antonyme/glacial,glacial
http://www.antonyme.org/antonyme/glacialement,glacialement
http://www.antonyme.org/antonyme/glaci%C3%A8re,glacière
http://www.antonyme.org/antonyme/glamoureux,glamoureux
http://www.antonyme.org/antonyme/glander,glander
http://www.antonyme.org/antonyme/glandeur,glandeur
http://www.antonyme.org/antonyme/glandeuse,glandeuse
http://www.antonyme.org/antonyme/glapissants,glapissants
http://www.antonyme.org/antonyme/glasnost,glasnost
http://www.antonyme.org/antonyme/glissement,glissement
http://www.antonyme.org/antonyme/glissent,glissent
http://www.antonyme.org/antonyme/glisser,glisser
http://www.antonyme.org/antonyme/global,global
http://www.antonyme.org/antonyme/globale,globale
http://www.antonyme.org/antonyme/globalement,globalement
http://www.antonyme.org/antonyme/globales,globales
http://www.antonyme.org/antonyme/globalit%C3%A9,globalité
http://www.antonyme.org/antonyme/globaux,globaux
http://www.antonyme.org/antonyme/globe,globe
http://www.antonyme.org/antonyme/gloire,gloire
http://www.antonyme.org/antonyme/glorieuse,glorieuse
http://www.antonyme.org/antonyme/glorieusement,glorieusement
http://www.antonyme.org/antonyme/glorieuses,glorieuses
http://www.antonyme.org/antonyme/glorieux,glorieux
http://www.antonyme.org/antonyme/glorificateur,glorificateur
http://www.antonyme.org/antonyme/glorification,glorification
http://www.antonyme.org/antonyme/glorifications,glorifications
http://www.antonyme.org/antonyme/glorificatrice,glorificatrice
http://www.antonyme.org/antonyme/glorifier,glorifier
http://www.antonyme.org/antonyme/gloriole,gloriole
http://www.antonyme.org/antonyme/glouton,glouton
http://www.antonyme.org/antonyme/gloutonne,gloutonne
http://www.antonyme.org/antonyme/gloutonnement,gloutonnement
http://www.antonyme.org/antonyme/gloutonnerie,gloutonnerie
http://www.antonyme.org/antonyme/gluant,gluant
http://www.antonyme.org/antonyme/gluante,gluante
http://www.antonyme.org/antonyme/gnome,gnome
http://www.antonyme.org/antonyme/gober,gober
http://www.antonyme.org/antonyme/godelureau,godelureau
http://www.antonyme.org/antonyme/godiche,godiche
http://www.antonyme.org/antonyme/goguenard,goguenard
http://www.antonyme.org/antonyme/goguenarde,goguenarde
http://www.antonyme.org/antonyme/goguenardise,goguenardise
http://www.antonyme.org/antonyme/goinfre,goinfre
http://www.antonyme.org/antonyme/goinfrerie,goinfrerie
http://www.antonyme.org/antonyme/golfe,golfe
http://www.antonyme.org/antonyme/gondoler,gondoler
http://www.antonyme.org/antonyme/gonflant,gonflant
http://www.antonyme.org/antonyme/gonfl%C3%A9,gonflé
http://www.antonyme.org/antonyme/gonflement,gonflement
http://www.antonyme.org/antonyme/gonfler,gonfler
http://www.antonyme.org/antonyme/gorge,gorge
http://www.antonyme.org/antonyme/gorg%C3%A9,gorgé
http://www.antonyme.org/antonyme/gorger,gorger
http://www.antonyme.org/antonyme/gosse,gosse
http://www.antonyme.org/antonyme/gouaille,gouaille
http://www.antonyme.org/antonyme/gouape,gouape
http://www.antonyme.org/antonyme/gouffre,gouffre
http://www.antonyme.org/antonyme/goujat,goujat
http://www.antonyme.org/antonyme/goujaterie,goujaterie
http://www.antonyme.org/antonyme/goule,goule
http://www.antonyme.org/antonyme/gouleyant,gouleyant
http://www.antonyme.org/antonyme/goulu,goulu
http://www.antonyme.org/antonyme/goulue,goulue
http://www.antonyme.org/antonyme/gourd,gourd
http://www.antonyme.org/antonyme/gourde,gourde
http://www.antonyme.org/antonyme/gourmand,gourmand
http://www.antonyme.org/antonyme/gourmande,gourmande
http://www.antonyme.org/antonyme/gourmander,gourmander
http://www.antonyme.org/antonyme/gourmandise,gourmandise
http://www.antonyme.org/antonyme/gourm%C3%A9,gourmé
http://www.antonyme.org/antonyme/gourmet,gourmet
http://www.antonyme.org/antonyme/go%C3%BBt,goût
http://www.antonyme.org/antonyme/go%C3%BBter,goûter
http://www.antonyme.org/antonyme/go%C3%BBteux,goûteux
http://www.antonyme.org/antonyme/go%C3%BBts,goûts
http://www.antonyme.org/antonyme/goutte,goutte
http://www.antonyme.org/antonyme/goutt%C3%A9,goutté
http://www.antonyme.org/antonyme/gouttes,gouttes
http://www.antonyme.org/antonyme/gouvernable,gouvernable
http://www.antonyme.org/antonyme/gouvernant,gouvernant
http://www.antonyme.org/antonyme/gouvernants,gouvernants
http://www.antonyme.org/antonyme/gouvern%C3%A9,gouverné
http://www.antonyme.org/antonyme/gouvernement,gouvernement
http://www.antonyme.org/antonyme/gouvernements,gouvernements
http://www.antonyme.org/antonyme/gouverner,gouverner
http://www.antonyme.org/antonyme/gouvernes,gouvernes
http://www.antonyme.org/antonyme/gouverneurs,gouverneurs
http://www.antonyme.org/antonyme/grabataire,grabataire
http://www.antonyme.org/antonyme/gr%C3%A2ce,grâce
http://www.antonyme.org/antonyme/gr%C3%A2ces,grâces
http://www.antonyme.org/antonyme/graciable,graciable
http://www.antonyme.org/antonyme/gracieuse,gracieuse
http://www.antonyme.org/antonyme/gracieusement,gracieusement
http://www.antonyme.org/antonyme/gracieuset%C3%A9,gracieuseté
http://www.antonyme.org/antonyme/gracieuset%C3%A9s,gracieusetés
http://www.antonyme.org/antonyme/gracieux,gracieux
http://www.antonyme.org/antonyme/gracile,gracile
http://www.antonyme.org/antonyme/gracilit%C3%A9,gracilité
http://www.antonyme.org/antonyme/gradation,gradation
http://www.antonyme.org/antonyme/gradin,gradin
http://www.antonyme.org/antonyme/graduel,graduel
http://www.antonyme.org/antonyme/graduelle,graduelle
http://www.antonyme.org/antonyme/graduellement,graduellement
http://www.antonyme.org/antonyme/grailler,grailler
http://www.antonyme.org/antonyme/graillonner,graillonner
http://www.antonyme.org/antonyme/grain,grain
http://www.antonyme.org/antonyme/grains,grains
http://www.antonyme.org/antonyme/graisse,graisse
http://www.antonyme.org/antonyme/graiss%C3%A9,graissé
http://www.antonyme.org/antonyme/graisser,graisser
http://www.antonyme.org/antonyme/graisseux,graisseux
http://www.antonyme.org/antonyme/grammatical,grammatical
http://www.antonyme.org/antonyme/grammaticale,grammaticale
http://www.antonyme.org/antonyme/gramme,gramme
http://www.antonyme.org/antonyme/grammes,grammes
http://www.antonyme.org/antonyme/grand,grand
http://www.antonyme.org/antonyme/grande,grande
http://www.antonyme.org/antonyme/grandement,grandement
http://www.antonyme.org/antonyme/grandes,grandes
http://www.antonyme.org/antonyme/grandeur,grandeur
http://www.antonyme.org/antonyme/grandiloquence,grandiloquence
http://www.antonyme.org/antonyme/grandiloquent,grandiloquent
http://www.antonyme.org/antonyme/grandiose,grandiose
http://www.antonyme.org/antonyme/grandioses,grandioses
http://www.antonyme.org/antonyme/grandir,grandir
http://www.antonyme.org/antonyme/grandissante,grandissante
http://www.antonyme.org/antonyme/grandissement,grandissement
http://www.antonyme.org/antonyme/grands,grands
http://www.antonyme.org/antonyme/grands-parents,grands-parents
http://www.antonyme.org/antonyme/granuleux,granuleux
http://www.antonyme.org/antonyme/graphique,graphique
http://www.antonyme.org/antonyme/gras,gras
http://www.antonyme.org/antonyme/grasse,grasse
http://www.antonyme.org/antonyme/grassement,grassement
http://www.antonyme.org/antonyme/grasses,grasses
http://www.antonyme.org/antonyme/grassouillet,grassouillet
http://www.antonyme.org/antonyme/grassouillette,grassouillette
http://www.antonyme.org/antonyme/gratifiant,gratifiant
http://www.antonyme.org/antonyme/gratification,gratification
http://www.antonyme.org/antonyme/gratifier,gratifier
http://www.antonyme.org/antonyme/gratin,gratin
http://www.antonyme.org/antonyme/gratis,gratis
http://www.antonyme.org/antonyme/gratitude,gratitude
http://www.antonyme.org/antonyme/gratter,gratter
http://www.antonyme.org/antonyme/gratuit,gratuit
http://www.antonyme.org/antonyme/gratuite,gratuite
http://www.antonyme.org/antonyme/gratuit%C3%A9,gratuité
http://www.antonyme.org/antonyme/gratuitement,gratuitement
http://www.antonyme.org/antonyme/gratuites,gratuites
http://www.antonyme.org/antonyme/gratulation,gratulation
http://www.antonyme.org/antonyme/grave,grave
http://www.antonyme.org/antonyme/grav%C3%A9,gravé
http://www.antonyme.org/antonyme/graveleux,graveleux
http://www.antonyme.org/antonyme/gravement,gravement
http://www.antonyme.org/antonyme/graves,graves
http://www.antonyme.org/antonyme/gravier,gravier
http://www.antonyme.org/antonyme/gravit%C3%A9,gravité
http://www.antonyme.org/antonyme/gr%C3%A9,gré
http://www.antonyme.org/antonyme/gredin,gredin
http://www.antonyme.org/antonyme/gredine,gredine
http://www.antonyme.org/antonyme/gr%C3%A9er,gréer
http://www.antonyme.org/antonyme/greffe,greffe
http://www.antonyme.org/antonyme/greff%C3%A9,greffé
http://www.antonyme.org/antonyme/greffer,greffer
http://www.antonyme.org/antonyme/greffes,greffes
http://www.antonyme.org/antonyme/greffon,greffon
http://www.antonyme.org/antonyme/gr%C3%AAle,grêle
http://www.antonyme.org/antonyme/gr%C3%AAl%C3%A9,grêlé
http://www.antonyme.org/antonyme/grelotter,grelotter
http://www.antonyme.org/antonyme/grenier,grenier
http://www.antonyme.org/antonyme/grenouille,grenouille
http://www.antonyme.org/antonyme/grev%C3%A9,grevé
http://www.antonyme.org/antonyme/gr%C3%A8ve,grève
http://www.antonyme.org/antonyme/gr%C3%A8ves,grèves
http://www.antonyme.org/antonyme/gribouillage,gribouillage
http://www.antonyme.org/antonyme/gribouiller,gribouiller
http://www.antonyme.org/antonyme/gribouillis,gribouillis
http://www.antonyme.org/antonyme/grief,grief
http://www.antonyme.org/antonyme/griefs,griefs
http://www.antonyme.org/antonyme/gri%C3%A8vement,grièvement
http://www.antonyme.org/antonyme/griffonnage,griffonnage
http://www.antonyme.org/antonyme/griffonner,griffonner
http://www.antonyme.org/antonyme/grignoter,grignoter
http://www.antonyme.org/antonyme/grillage,grillage
http://www.antonyme.org/antonyme/griller,griller
http://www.antonyme.org/antonyme/grilles,grilles
http://www.antonyme.org/antonyme/grimacer,grimacer
http://www.antonyme.org/antonyme/grimacier,grimacier
http://www.antonyme.org/antonyme/grimoire,grimoire
http://www.antonyme.org/antonyme/grimper,grimper
http://www.antonyme.org/antonyme/grincement,grincement
http://www.antonyme.org/antonyme/grincheux,grincheux
http://www.antonyme.org/antonyme/gringalet,gringalet
http://www.antonyme.org/antonyme/gringe,gringe
http://www.antonyme.org/antonyme/gripper,gripper
http://www.antonyme.org/antonyme/gris,gris
http://www.antonyme.org/antonyme/grisaille,grisaille
http://www.antonyme.org/antonyme/grisailler,grisailler
http://www.antonyme.org/antonyme/grise,grise
http://www.antonyme.org/antonyme/gris%C3%A9,grisé
http://www.antonyme.org/antonyme/griser,griser
http://www.antonyme.org/antonyme/griserie,griserie
http://www.antonyme.org/antonyme/grivois,grivois
http://www.antonyme.org/antonyme/grivoise,grivoise
http://www.antonyme.org/antonyme/grivoiserie,grivoiserie
http://www.antonyme.org/antonyme/grognasser,grognasser
http://www.antonyme.org/antonyme/grogner,grogner
http://www.antonyme.org/antonyme/grogneur,grogneur
http://www.antonyme.org/antonyme/grogneuse,grogneuse
http://www.antonyme.org/antonyme/grognon,grognon
http://www.antonyme.org/antonyme/grognonne,grognonne
http://www.antonyme.org/antonyme/grognonner,grognonner
http://www.antonyme.org/antonyme/grommeler,grommeler
http://www.antonyme.org/antonyme/grondement,grondement
http://www.antonyme.org/antonyme/gronder,gronder
http://www.antonyme.org/antonyme/gronderie,gronderie
http://www.antonyme.org/antonyme/grondeur,grondeur
http://www.antonyme.org/antonyme/grondeuse,grondeuse
http://www.antonyme.org/antonyme/gros,gros
http://www.antonyme.org/antonyme/gros+mot,"gros mot"
http://www.antonyme.org/antonyme/gross,gross
http://www.antonyme.org/antonyme/grosse,grosse
http://www.antonyme.org/antonyme/grosses,grosses
http://www.antonyme.org/antonyme/grosseur,grosseur
http://www.antonyme.org/antonyme/grossier,grossier
http://www.antonyme.org/antonyme/grossi%C3%A8re,grossière
http://www.antonyme.org/antonyme/grossi%C3%A8rement,grossièrement
http://www.antonyme.org/antonyme/grossi%C3%A8ret%C3%A9,grossièreté
http://www.antonyme.org/antonyme/grossir,grossir
http://www.antonyme.org/antonyme/grossissement,grossissement
http://www.antonyme.org/antonyme/grossiste,grossiste
http://www.antonyme.org/antonyme/grotesque,grotesque
http://www.antonyme.org/antonyme/grotesquement,grotesquement
http://www.antonyme.org/antonyme/grouillant,grouillant
http://www.antonyme.org/antonyme/grouillante,grouillante
http://www.antonyme.org/antonyme/grouillement,grouillement
http://www.antonyme.org/antonyme/grouiller,grouiller
http://www.antonyme.org/antonyme/groupe,groupe
http://www.antonyme.org/antonyme/group%C3%A9,groupé
http://www.antonyme.org/antonyme/groupement,groupement
http://www.antonyme.org/antonyme/groupements,groupements
http://www.antonyme.org/antonyme/grouper,grouper
http://www.antonyme.org/antonyme/groupes,groupes
http://www.antonyme.org/antonyme/gruger,gruger
http://www.antonyme.org/antonyme/grumeler,grumeler
http://www.antonyme.org/antonyme/gu%C3%A9,gué
http://www.antonyme.org/antonyme/gu%C3%A8re,guère
http://www.antonyme.org/antonyme/gu%C3%A9rilla,guérilla
http://www.antonyme.org/antonyme/gu%C3%A9rir,guérir
http://www.antonyme.org/antonyme/gu%C3%A9rison,guérison
http://www.antonyme.org/antonyme/gu%C3%A9rissable,guérissable
http://www.antonyme.org/antonyme/guerre,guerre
http://www.antonyme.org/antonyme/guerres,guerres
http://www.antonyme.org/antonyme/guerrier,guerrier
http://www.antonyme.org/antonyme/guerri%C3%A8re,guerrière
http://www.antonyme.org/antonyme/guerriers,guerriers
http://www.antonyme.org/antonyme/guerroyer,guerroyer
http://www.antonyme.org/antonyme/gueulement,gueulement
http://www.antonyme.org/antonyme/gueuleton,gueuleton
http://www.antonyme.org/antonyme/gueuserie,gueuserie
http://www.antonyme.org/antonyme/guicheti%C3%A8re,guichetière
http://www.antonyme.org/antonyme/guider,guider
http://www.antonyme.org/antonyme/guignard,guignard
http://www.antonyme.org/antonyme/guigne,guigne
http://www.antonyme.org/antonyme/guigner,guigner
http://www.antonyme.org/antonyme/guignol,guignol
http://www.antonyme.org/antonyme/guignon,guignon
http://www.antonyme.org/antonyme/guilleret,guilleret
http://www.antonyme.org/antonyme/guillerette,guillerette
http://www.antonyme.org/antonyme/guind%C3%A9,guindé
http://www.antonyme.org/antonyme/guinder,guinder
http://www.antonyme.org/antonyme/guipure,guipure
http://www.antonyme.org/antonyme/guttural,guttural
http://www.antonyme.org/antonyme/gymnaste,gymnaste
http://www.antonyme.org/antonyme/timide,Timide
http://www.antonyme.org/antonyme/confirmer,Confirmer
http://www.antonyme.org/antonyme/misogyne,Misogyne
http://www.antonyme.org/antonyme/modeste,Modeste
http://www.antonyme.org/antonyme/tardif,Tardif
http://www.antonyme.org/antonyme/liberté,Liberté
http://www.antonyme.org/antonyme/sérieux,Sérieux
http://www.antonyme.org/antonyme/atout,Atout
http://www.antonyme.org/antonyme/confiance,Confiance
http://www.antonyme.org/antonyme/précéder,Précéder
http://www.antonyme.org/antonyme/important,Important
http://www.antonyme.org/antonyme/ponctuel,Ponctuel
http://www.antonyme.org/antonyme/monotone,Monotone
http://www.antonyme.org/antonyme/fiable,Fiable
http://www.antonyme.org/antonyme/original,Original
"http://www.antonyme.org/antonyme/à l'instar","à l instar"
http://www.antonyme.org/antonyme/trouver,Trouver
http://www.antonyme.org/antonyme/amour,Amour
http://www.antonyme.org/antonyme/faire,faire
"http://www.antonyme.org/antonyme/en plus","en plus"
http://www.antonyme.org/antonyme/anglais,anglais
http://www.antonyme.org/antonyme/mettre,mettre
"http://www.antonyme.org/antonyme/en effet","en effet"
http://www.antonyme.org/antonyme/contraire,contraire
http://www.antonyme.org/antonyme/être,être
http://www.antonyme.org/antonyme/avoir,avoir
http://www.antonyme.org/antonyme/problème,problème
http://www.antonyme.org/antonyme/pour,pour
http://www.antonyme.org/antonyme/travail,travail
http://www.antonyme.org/antonyme/créer,créer
http://www.antonyme.org/antonyme/demander,demander
http://www.antonyme.org/antonyme/bien,bien
http://www.antonyme.org/antonyme/important,important
http://www.antonyme.org/antonyme/prendre,prendre
http://www.antonyme.org/antonyme/experience,expérience
http://www.antonyme.org/antonyme/amour,amour
http://www.antonyme.org/antonyme/dire,dire
http://www.antonyme.org/antonyme/trouver,trouver
http://www.antonyme.org/antonyme/augmenter,augmenter
http://www.antonyme.org/antonyme/installer,installer
"http://www.antonyme.org/antonyme/en fait","en fait"
http://www.antonyme.org/antonyme/voir,voir
http://www.antonyme.org/antonyme/aimer,aimer
http://www.antonyme.org/antonyme/temps,temps
http://www.antonyme.org/antonyme/petit,petit
http://www.antonyme.org/antonyme/obtenir,obtenir
http://www.antonyme.org/antonyme/analyse,analyse
http://www.antonyme.org/antonyme/utiliser,utiliser
http://www.antonyme.org/antonyme/savoir,savoir
http://www.antonyme.org/antonyme/montrer,montrer
http://www.antonyme.org/antonyme/développer,développer
http://www.antonyme.org/antonyme/origine,origine
http://www.antonyme.org/antonyme/fin,fin
"http://www.antonyme.org/antonyme/du coup","du coup"
"http://www.antonyme.org/antonyme/en ligne","en ligne"
http://www.antonyme.org/antonyme/changer,changer
http://www.antonyme.org/antonyme/oeuvre,oeuvre
http://www.antonyme.org/antonyme/intéresser,intéresser
http://www.antonyme.org/antonyme/bonne,bonne
http://www.antonyme.org/antonyme/présentation,présentation
http://www.antonyme.org/antonyme/aide,aide
http://www.antonyme.org/antonyme/différent,différent
http://www.antonyme.org/antonyme/vie,vie
http://www.antonyme.org/antonyme/aider,aider
http://www.antonyme.org/antonyme/réaliser,réaliser
http://www.antonyme.org/antonyme/cause,cause
http://www.antonyme.org/antonyme/souhaiter,souhaiter
http://www.antonyme.org/antonyme/belle,belle
http://www.antonyme.org/antonyme/découvrir,découvrir
http://www.antonyme.org/antonyme/intéressant,intéressant
http://www.antonyme.org/antonyme/présenter,présenter
"http://www.antonyme.org/antonyme/suite à","suite à"
http://www.antonyme.org/antonyme/intégrer,intégrer
http://www.antonyme.org/antonyme/grand,grand
http://www.antonyme.org/antonyme/connaître,connaître
http://www.antonyme.org/antonyme/démonter,démonter
http://www.antonyme.org/antonyme/effectuer,effectuer
http://www.antonyme.org/antonyme/beau,beau
http://www.antonyme.org/antonyme/connaissance,connaissance
http://www.antonyme.org/antonyme/emploi,emploi
http://www.antonyme.org/antonyme/recherche,recherche
"http://www.antonyme.org/antonyme/par contre","par contre"
http://www.antonyme.org/antonyme/parler,parler
http://www.antonyme.org/antonyme/explication,explication
http://www.antonyme.org/antonyme/penser,penser
http://www.antonyme.org/antonyme/avec,avec
http://www.antonyme.org/antonyme/triste,triste
http://www.antonyme.org/antonyme/regarder,regarder
http://www.antonyme.org/antonyme/travailler,travailler
http://www.antonyme.org/antonyme/améliorer,améliorer
http://www.antonyme.org/antonyme/tristesse,tristesse
http://www.antonyme.org/antonyme/passer,passer
http://www.antonyme.org/antonyme/création,création
http://www.antonyme.org/antonyme/acquérir,acquérir
"http://www.antonyme.org/antonyme/ainsi que","ainsi que"
http://www.antonyme.org/antonyme/intérêt,intérêt
http://www.antonyme.org/antonyme/passionné,passionné
http://www.antonyme.org/antonyme/peur,peur
http://www.antonyme.org/antonyme/adapter,adapter
http://www.antonyme.org/antonyme/rechercher,rechercher
http://www.antonyme.org/antonyme/passion,passion
http://www.antonyme.org/antonyme/accord,accord
http://www.antonyme.org/antonyme/organisation,organisation
http://www.antonyme.org/antonyme/compétence,compétence
