http://www.antonyme.org/antonyme/habile,habile
http://www.antonyme.org/antonyme/habilement,habilement
http://www.antonyme.org/antonyme/habilet%C3%A9,habileté
http://www.antonyme.org/antonyme/habilit%C3%A9,habilité
http://www.antonyme.org/antonyme/habillage,habillage
http://www.antonyme.org/antonyme/habill%C3%A9,habillé
http://www.antonyme.org/antonyme/habill%C3%A9e,habillée
http://www.antonyme.org/antonyme/habillement,habillement
http://www.antonyme.org/antonyme/habitable,habitable
http://www.antonyme.org/antonyme/habitant,habitant
http://www.antonyme.org/antonyme/habitante,habitante
http://www.antonyme.org/antonyme/habitants,habitants
http://www.antonyme.org/antonyme/habite,habite
http://www.antonyme.org/antonyme/habit%C3%A9,habité
http://www.antonyme.org/antonyme/habit%C3%A9e,habitée
http://www.antonyme.org/antonyme/habiter,habiter
http://www.antonyme.org/antonyme/habituation,habituation
http://www.antonyme.org/antonyme/habitude,habitude
http://www.antonyme.org/antonyme/habitudes,habitudes
http://www.antonyme.org/antonyme/habitu%C3%A9,habitué
http://www.antonyme.org/antonyme/habituel,habituel
http://www.antonyme.org/antonyme/habituelle,habituelle
http://www.antonyme.org/antonyme/habituellement,habituellement
http://www.antonyme.org/antonyme/habituelles,habituelles
http://www.antonyme.org/antonyme/habituels,habituels
http://www.antonyme.org/antonyme/habituer,habituer
http://www.antonyme.org/antonyme/h%C3%A2bleur,hâbleur
http://www.antonyme.org/antonyme/h%C3%A2bleuse,hâbleuse
http://www.antonyme.org/antonyme/hacher,hacher
http://www.antonyme.org/antonyme/hagard,hagard
http://www.antonyme.org/antonyme/haie,haie
http://www.antonyme.org/antonyme/haine,haine
http://www.antonyme.org/antonyme/haineuse,haineuse
http://www.antonyme.org/antonyme/haineusement,haineusement
http://www.antonyme.org/antonyme/ha%C3%AFr,haïr
http://www.antonyme.org/antonyme/ha%C3%AFssable,haïssable
http://www.antonyme.org/antonyme/h%C3%A2le,hâle
http://www.antonyme.org/antonyme/h%C3%A2l%C3%A9,hâlé
http://www.antonyme.org/antonyme/haler,haler
http://www.antonyme.org/antonyme/h%C3%A2ler,hâler
http://www.antonyme.org/antonyme/haleter,haleter
http://www.antonyme.org/antonyme/hallier,hallier
http://www.antonyme.org/antonyme/hallucinant,hallucinant
http://www.antonyme.org/antonyme/hallucination,hallucination
http://www.antonyme.org/antonyme/hallucin%C3%A9,halluciné
http://www.antonyme.org/antonyme/halluciner,halluciner
http://www.antonyme.org/antonyme/halte,halte
http://www.antonyme.org/antonyme/hameau,hameau
http://www.antonyme.org/antonyme/handicap,handicap
http://www.antonyme.org/antonyme/handicapant,handicapant
http://www.antonyme.org/antonyme/handicap%C3%A9,handicapé
http://www.antonyme.org/antonyme/handicaper,handicaper
http://www.antonyme.org/antonyme/handicap%C3%A9s,handicapés
http://www.antonyme.org/antonyme/handicaps,handicaps
http://www.antonyme.org/antonyme/hante,hante
http://www.antonyme.org/antonyme/hant%C3%A9,hanté
http://www.antonyme.org/antonyme/hant%C3%A9e,hantée
http://www.antonyme.org/antonyme/hanter,hanter
http://www.antonyme.org/antonyme/happer,happer
http://www.antonyme.org/antonyme/harangue,harangue
http://www.antonyme.org/antonyme/haranguer,haranguer
http://www.antonyme.org/antonyme/harassant,harassant
http://www.antonyme.org/antonyme/harass%C3%A9,harassé
http://www.antonyme.org/antonyme/harcelant,harcelant
http://www.antonyme.org/antonyme/harceler,harceler
http://www.antonyme.org/antonyme/hardi,hardi
http://www.antonyme.org/antonyme/hardie,hardie
http://www.antonyme.org/antonyme/hardiesse,hardiesse
http://www.antonyme.org/antonyme/hardiment,hardiment
http://www.antonyme.org/antonyme/hargneuse,hargneuse
http://www.antonyme.org/antonyme/hargneusement,hargneusement
http://www.antonyme.org/antonyme/hargneux,hargneux
http://www.antonyme.org/antonyme/haridelle,haridelle
http://www.antonyme.org/antonyme/harmonie,harmonie
http://www.antonyme.org/antonyme/harmonieuse,harmonieuse
http://www.antonyme.org/antonyme/harmonieusement,harmonieusement
http://www.antonyme.org/antonyme/harmonieux,harmonieux
http://www.antonyme.org/antonyme/harmoniser,harmoniser
http://www.antonyme.org/antonyme/harponner,harponner
http://www.antonyme.org/antonyme/hasard,hasard
http://www.antonyme.org/antonyme/hasard%C3%A9,hasardé
http://www.antonyme.org/antonyme/hasardeuse,hasardeuse
http://www.antonyme.org/antonyme/hasards,hasards
http://www.antonyme.org/antonyme/h%C3%A2te,hâte
http://www.antonyme.org/antonyme/h%C3%A2ter,hâter
http://www.antonyme.org/antonyme/h%C3%A2tif,hâtif
http://www.antonyme.org/antonyme/h%C3%A2tivement,hâtivement
http://www.antonyme.org/antonyme/hausse,hausse
http://www.antonyme.org/antonyme/hauss%C3%A9,haussé
http://www.antonyme.org/antonyme/hausser,hausser
http://www.antonyme.org/antonyme/hausses,hausses
http://www.antonyme.org/antonyme/haut,haut
http://www.antonyme.org/antonyme/haut-fond,haut-fond
http://www.antonyme.org/antonyme/haut-parleur,haut-parleur
http://www.antonyme.org/antonyme/hautain,hautain
http://www.antonyme.org/antonyme/hautaine,hautaine
http://www.antonyme.org/antonyme/haute,haute
http://www.antonyme.org/antonyme/hautement,hautement
http://www.antonyme.org/antonyme/hautes,hautes
http://www.antonyme.org/antonyme/hauteur,hauteur
http://www.antonyme.org/antonyme/hauts,hauts
http://www.antonyme.org/antonyme/hauturier,hauturier
http://www.antonyme.org/antonyme/hauturi%C3%A8re,hauturière
http://www.antonyme.org/antonyme/have,have
http://www.antonyme.org/antonyme/h%C3%A2ve,hâve
http://www.antonyme.org/antonyme/h%C3%A9berger,héberger
http://www.antonyme.org/antonyme/h%C3%A9b%C3%A9t%C3%A9,hébété
http://www.antonyme.org/antonyme/h%C3%A9b%C3%A9tement,hébétement
http://www.antonyme.org/antonyme/h%C3%A9b%C3%A9ter,hébéter
http://www.antonyme.org/antonyme/h%C3%A9b%C3%A9tude,hébétude
http://www.antonyme.org/antonyme/h%C3%A9catombe,hécatombe
http://www.antonyme.org/antonyme/h%C3%A9donisme,hédonisme
http://www.antonyme.org/antonyme/h%C3%A9doniste,hédoniste
http://www.antonyme.org/antonyme/h%C3%A9g%C3%A9monie,hégémonie
http://www.antonyme.org/antonyme/h%C3%A9g%C3%A9monies,hégémonies
http://www.antonyme.org/antonyme/h%C3%A9g%C3%A9monique,hégémonique
http://www.antonyme.org/antonyme/heimatlos,heimatlos
http://www.antonyme.org/antonyme/hein,hein
http://www.antonyme.org/antonyme/h%C3%A9ler,héler
http://www.antonyme.org/antonyme/h%C3%A9mistiche,hémistiche
http://www.antonyme.org/antonyme/hercule,hercule
http://www.antonyme.org/antonyme/hercul%C3%A9en,herculéen
http://www.antonyme.org/antonyme/h%C3%A8re,hère
http://www.antonyme.org/antonyme/h%C3%A9r%C3%A9ditaire,héréditaire
http://www.antonyme.org/antonyme/h%C3%A9r%C3%A9ditaires,héréditaires
http://www.antonyme.org/antonyme/h%C3%A9r%C3%A9dit%C3%A9,hérédité
http://www.antonyme.org/antonyme/h%C3%A9r%C3%A9sie,hérésie
http://www.antonyme.org/antonyme/h%C3%A9r%C3%A9tique,hérétique
http://www.antonyme.org/antonyme/h%C3%A9riss%C3%A9,hérissé
http://www.antonyme.org/antonyme/h%C3%A9risser,hérisser
http://www.antonyme.org/antonyme/h%C3%A9ritabilit%C3%A9,héritabilité
http://www.antonyme.org/antonyme/h%C3%A9rit%C3%A9,hérité
http://www.antonyme.org/antonyme/h%C3%A9riter,hériter
http://www.antonyme.org/antonyme/h%C3%A9ritier,héritier
http://www.antonyme.org/antonyme/h%C3%A9riti%C3%A8re,héritière
http://www.antonyme.org/antonyme/h%C3%A9ritiers,héritiers
http://www.antonyme.org/antonyme/hermaphrodite,hermaphrodite
http://www.antonyme.org/antonyme/herm%C3%A9tique,hermétique
http://www.antonyme.org/antonyme/h%C3%A9ro%C3%AFque,héroïque
http://www.antonyme.org/antonyme/h%C3%A9ro%C3%AFquement,héroïquement
http://www.antonyme.org/antonyme/h%C3%A9ro%C3%AFsme,héroïsme
http://www.antonyme.org/antonyme/h%C3%A9ros,héros
http://www.antonyme.org/antonyme/h%C3%A9sitant,hésitant
http://www.antonyme.org/antonyme/h%C3%A9sitation,hésitation
http://www.antonyme.org/antonyme/h%C3%A9sitations,hésitations
http://www.antonyme.org/antonyme/h%C3%A9site,hésite
http://www.antonyme.org/antonyme/h%C3%A9sit%C3%A9,hésité
http://www.antonyme.org/antonyme/h%C3%A9sitent,hésitent
http://www.antonyme.org/antonyme/h%C3%A9siter,hésiter
http://www.antonyme.org/antonyme/h%C3%A9t%C3%A9roclite,hétéroclite
http://www.antonyme.org/antonyme/h%C3%A9t%C3%A9rodoxe,hétérodoxe
http://www.antonyme.org/antonyme/h%C3%A9t%C3%A9rodoxie,hétérodoxie
http://www.antonyme.org/antonyme/h%C3%A9t%C3%A9rog%C3%A8ne,hétérogène
http://www.antonyme.org/antonyme/h%C3%A9t%C3%A9rog%C3%A9n%C3%A9it%C3%A9,hétérogénéité
http://www.antonyme.org/antonyme/h%C3%A9t%C3%A9rogreffe,hétérogreffe
http://www.antonyme.org/antonyme/h%C3%A9t%C3%A9roplastie,hétéroplastie
http://www.antonyme.org/antonyme/h%C3%A9t%C3%A9rosexualit%C3%A9,hétérosexualité
http://www.antonyme.org/antonyme/h%C3%A9t%C3%A9rosexuel,hétérosexuel
http://www.antonyme.org/antonyme/h%C3%A9t%C3%A9rosph%C3%A8re,hétérosphère
http://www.antonyme.org/antonyme/heureuse,heureuse
http://www.antonyme.org/antonyme/heureusement,heureusement
http://www.antonyme.org/antonyme/heureux,heureux
http://www.antonyme.org/antonyme/heurt,heurt
http://www.antonyme.org/antonyme/heurte,heurte
http://www.antonyme.org/antonyme/heurt%C3%A9,heurté
http://www.antonyme.org/antonyme/heurtent,heurtent
http://www.antonyme.org/antonyme/heurter,heurter
http://www.antonyme.org/antonyme/heurts,heurts
http://www.antonyme.org/antonyme/hiatus,hiatus
http://www.antonyme.org/antonyme/hibernal,hibernal
http://www.antonyme.org/antonyme/hic,hic
http://www.antonyme.org/antonyme/hideur,hideur
http://www.antonyme.org/antonyme/hideuse,hideuse
http://www.antonyme.org/antonyme/hideusement,hideusement
http://www.antonyme.org/antonyme/hideux,hideux
http://www.antonyme.org/antonyme/hier,hier
http://www.antonyme.org/antonyme/hi%C3%A9rarchie,hiérarchie
http://www.antonyme.org/antonyme/hi%C3%A9rarchiser,hiérarchiser
http://www.antonyme.org/antonyme/hi%C3%A9ratique,hiératique
http://www.antonyme.org/antonyme/hi%C3%A9roglyphe,hiéroglyphe
http://www.antonyme.org/antonyme/hi%C3%A9roglyphique,hiéroglyphique
http://www.antonyme.org/antonyme/hilarant,hilarant
http://www.antonyme.org/antonyme/hilare,hilare
http://www.antonyme.org/antonyme/hilarit%C3%A9,hilarité
http://www.antonyme.org/antonyme/hilarit%C3%A9s,hilarités
http://www.antonyme.org/antonyme/hinterland,hinterland
http://www.antonyme.org/antonyme/hippopotamesque,hippopotamesque
http://www.antonyme.org/antonyme/hirsute,hirsute
http://www.antonyme.org/antonyme/hisser,hisser
http://www.antonyme.org/antonyme/histoires,histoires
http://www.antonyme.org/antonyme/historique,historique
http://www.antonyme.org/antonyme/historiques,historiques
http://www.antonyme.org/antonyme/hiver,hiver
http://www.antonyme.org/antonyme/hivernage,hivernage
http://www.antonyme.org/antonyme/hivernal,hivernal
http://www.antonyme.org/antonyme/hocher,hocher
http://www.antonyme.org/antonyme/hol%C3%A0,holà
http://www.antonyme.org/antonyme/holding,holding
http://www.antonyme.org/antonyme/holocauste,holocauste
http://www.antonyme.org/antonyme/hom%C3%A9lie,homélie
http://www.antonyme.org/antonyme/hom%C3%A9opathie,homéopathie
http://www.antonyme.org/antonyme/hommage,hommage
http://www.antonyme.org/antonyme/hommages,hommages
http://www.antonyme.org/antonyme/hommasse,hommasse
http://www.antonyme.org/antonyme/homme,homme
http://www.antonyme.org/antonyme/hommes,hommes
http://www.antonyme.org/antonyme/homog%C3%A8ne,homogène
http://www.antonyme.org/antonyme/homog%C3%A9n%C3%A9it%C3%A9,homogénéité
http://www.antonyme.org/antonyme/homologation,homologation
http://www.antonyme.org/antonyme/homologue,homologue
http://www.antonyme.org/antonyme/homologu%C3%A9,homologué
http://www.antonyme.org/antonyme/homologuer,homologuer
http://www.antonyme.org/antonyme/homologues,homologues
http://www.antonyme.org/antonyme/homonyme,homonyme
http://www.antonyme.org/antonyme/homophonie,homophonie
http://www.antonyme.org/antonyme/homosexuel,homosexuel
http://www.antonyme.org/antonyme/hongre,hongre
http://www.antonyme.org/antonyme/honn%C3%AAte,honnête
http://www.antonyme.org/antonyme/honn%C3%AAtement,honnêtement
http://www.antonyme.org/antonyme/honn%C3%AAtes,honnêtes
http://www.antonyme.org/antonyme/honn%C3%AAtet%C3%A9,honnêteté
http://www.antonyme.org/antonyme/honneur,honneur
http://www.antonyme.org/antonyme/honneurs,honneurs
http://www.antonyme.org/antonyme/honnir,honnir
http://www.antonyme.org/antonyme/honorabilit%C3%A9,honorabilité
http://www.antonyme.org/antonyme/honorable,honorable
http://www.antonyme.org/antonyme/honorablement,honorablement
http://www.antonyme.org/antonyme/honorables,honorables
http://www.antonyme.org/antonyme/honorer,honorer
http://www.antonyme.org/antonyme/honte,honte
http://www.antonyme.org/antonyme/honteuse,honteuse
http://www.antonyme.org/antonyme/honteusement,honteusement
http://www.antonyme.org/antonyme/honteux,honteux
http://www.antonyme.org/antonyme/horde,horde
http://www.antonyme.org/antonyme/horizon,horizon
http://www.antonyme.org/antonyme/horizons,horizons
http://www.antonyme.org/antonyme/horizontal,horizontal
http://www.antonyme.org/antonyme/horizontalement,horizontalement
http://www.antonyme.org/antonyme/horizontalit%C3%A9,horizontalité
http://www.antonyme.org/antonyme/horreur,horreur
http://www.antonyme.org/antonyme/horreurs,horreurs
http://www.antonyme.org/antonyme/horrible,horrible
http://www.antonyme.org/antonyme/horriblement,horriblement
http://www.antonyme.org/antonyme/horrifi%C3%A9,horrifié
http://www.antonyme.org/antonyme/horrifier,horrifier
http://www.antonyme.org/antonyme/horripilant,horripilant
http://www.antonyme.org/antonyme/horripiler,horripiler
http://www.antonyme.org/antonyme/hors,hors
http://www.antonyme.org/antonyme/hors-la-loi,hors-la-loi
http://www.antonyme.org/antonyme/hospitalier,hospitalier
http://www.antonyme.org/antonyme/hospitali%C3%A8re,hospitalière
http://www.antonyme.org/antonyme/hospitaliers,hospitaliers
http://www.antonyme.org/antonyme/hostile,hostile
http://www.antonyme.org/antonyme/hostilement,hostilement
http://www.antonyme.org/antonyme/hostiles,hostiles
http://www.antonyme.org/antonyme/hostilit%C3%A9,hostilité
http://www.antonyme.org/antonyme/hostilit%C3%A9s,hostilités
http://www.antonyme.org/antonyme/h%C3%B4te,hôte
http://www.antonyme.org/antonyme/h%C3%B4tellerie,hôtellerie
http://www.antonyme.org/antonyme/h%C3%B4tes,hôtes
http://www.antonyme.org/antonyme/houle,houle
http://www.antonyme.org/antonyme/houleux,houleux
http://www.antonyme.org/antonyme/hourra,hourra
http://www.antonyme.org/antonyme/houseau,houseau
http://www.antonyme.org/antonyme/houspiller,houspiller
http://www.antonyme.org/antonyme/hue,hue
http://www.antonyme.org/antonyme/hu%C3%A9e,huée
http://www.antonyme.org/antonyme/huer,huer
http://www.antonyme.org/antonyme/huile,huile
http://www.antonyme.org/antonyme/huil%C3%A9,huilé
http://www.antonyme.org/antonyme/huiler,huiler
http://www.antonyme.org/antonyme/huileux,huileux
http://www.antonyme.org/antonyme/huissier,huissier
http://www.antonyme.org/antonyme/hululer,hululer
http://www.antonyme.org/antonyme/humain,humain
http://www.antonyme.org/antonyme/humaine,humaine
http://www.antonyme.org/antonyme/humainement,humainement
http://www.antonyme.org/antonyme/humaines,humaines
http://www.antonyme.org/antonyme/humains,humains
http://www.antonyme.org/antonyme/humanisme,humanisme
http://www.antonyme.org/antonyme/humanit%C3%A9,humanité
http://www.antonyme.org/antonyme/humble,humble
http://www.antonyme.org/antonyme/humblement,humblement
http://www.antonyme.org/antonyme/humbles,humbles
http://www.antonyme.org/antonyme/humectage,humectage
http://www.antonyme.org/antonyme/humecter,humecter
http://www.antonyme.org/antonyme/humer,humer
http://www.antonyme.org/antonyme/humeur,humeur
http://www.antonyme.org/antonyme/humide,humide
http://www.antonyme.org/antonyme/humidifier,humidifier
http://www.antonyme.org/antonyme/humidit%C3%A9,humidité
http://www.antonyme.org/antonyme/humiliant,humiliant
http://www.antonyme.org/antonyme/humiliation,humiliation
http://www.antonyme.org/antonyme/humiliations,humiliations
http://www.antonyme.org/antonyme/humilier,humilier
http://www.antonyme.org/antonyme/humilit%C3%A9,humilité
http://www.antonyme.org/antonyme/humoriste,humoriste
http://www.antonyme.org/antonyme/humoristique,humoristique
http://www.antonyme.org/antonyme/hupp%C3%A9,huppé
http://www.antonyme.org/antonyme/hurlement,hurlement
http://www.antonyme.org/antonyme/hurlements,hurlements
http://www.antonyme.org/antonyme/hurler,hurler
http://www.antonyme.org/antonyme/hurleur,hurleur
http://www.antonyme.org/antonyme/hurleuse,hurleuse
http://www.antonyme.org/antonyme/hurluberlu,hurluberlu
http://www.antonyme.org/antonyme/huron,huron
http://www.antonyme.org/antonyme/hutte,hutte
http://www.antonyme.org/antonyme/hyalin,hyalin
http://www.antonyme.org/antonyme/hybride,hybride
http://www.antonyme.org/antonyme/hybrider,hybrider
http://www.antonyme.org/antonyme/hybrides,hybrides
http://www.antonyme.org/antonyme/hydrofuge,hydrofuge
http://www.antonyme.org/antonyme/hydrophile,hydrophile
http://www.antonyme.org/antonyme/hygi%C3%A8ne,hygiène
http://www.antonyme.org/antonyme/hygi%C3%A9nique,hygiénique
http://www.antonyme.org/antonyme/hymen,hymen
http://www.antonyme.org/antonyme/hyperacousie,hyperacousie
http://www.antonyme.org/antonyme/hyperalg%C3%A9sie,hyperalgésie
http://www.antonyme.org/antonyme/hyperbole,hyperbole
http://www.antonyme.org/antonyme/hyperbolique,hyperbolique
http://www.antonyme.org/antonyme/hyperboliquement,hyperboliquement
http://www.antonyme.org/antonyme/hyper%C3%A9motif,hyperémotif
http://www.antonyme.org/antonyme/hyperesth%C3%A9sie,hyperesthésie
http://www.antonyme.org/antonyme/hyperm%C3%A9trope,hypermétrope
http://www.antonyme.org/antonyme/hypermn%C3%A9sie,hypermnésie
http://www.antonyme.org/antonyme/hyperphagie,hyperphagie
http://www.antonyme.org/antonyme/hyperplasie,hyperplasie
http://www.antonyme.org/antonyme/hypersensibilit%C3%A9,hypersensibilité
http://www.antonyme.org/antonyme/hypersomnie,hypersomnie
http://www.antonyme.org/antonyme/hypersth%C3%A9nie,hypersthénie
http://www.antonyme.org/antonyme/hyperthyro%C3%AFdie,hyperthyroïdie
http://www.antonyme.org/antonyme/hypertonie,hypertonie
http://www.antonyme.org/antonyme/hypertrophie,hypertrophie
http://www.antonyme.org/antonyme/hypertrophi%C3%A9,hypertrophié
http://www.antonyme.org/antonyme/hypervitaminose,hypervitaminose
http://www.antonyme.org/antonyme/hypnotiser,hypnotiser
http://www.antonyme.org/antonyme/hypoalg%C3%A9sie,hypoalgésie
http://www.antonyme.org/antonyme/hypoallergique,hypoallergique
http://www.antonyme.org/antonyme/hypocondriaque,hypocondriaque
http://www.antonyme.org/antonyme/hypocrisie,hypocrisie
http://www.antonyme.org/antonyme/hypocrite,hypocrite
http://www.antonyme.org/antonyme/hypocritement,hypocritement
http://www.antonyme.org/antonyme/hypog%C3%A9e,hypogée
http://www.antonyme.org/antonyme/hypos%C3%A9cr%C3%A9tion,hyposécrétion
http://www.antonyme.org/antonyme/hypotension,hypotension
http://www.antonyme.org/antonyme/hypoth%C3%A9quer,hypothéquer
http://www.antonyme.org/antonyme/hypoth%C3%A8se,hypothèse
http://www.antonyme.org/antonyme/hypoth%C3%A8ses,hypothèses
http://www.antonyme.org/antonyme/hypoth%C3%A9tique,hypothétique
http://www.antonyme.org/antonyme/hypoth%C3%A9tiquement,hypothétiquement
http://www.antonyme.org/antonyme/hypotonie,hypotonie
http://www.antonyme.org/antonyme/hypotrophie,hypotrophie
http://www.antonyme.org/antonyme/hyst%C3%A9rique,hystérique
http://www.antonyme.org/antonyme/timide,Timide
http://www.antonyme.org/antonyme/confirmer,Confirmer
http://www.antonyme.org/antonyme/misogyne,Misogyne
http://www.antonyme.org/antonyme/modeste,Modeste
http://www.antonyme.org/antonyme/tardif,Tardif
http://www.antonyme.org/antonyme/liberté,Liberté
http://www.antonyme.org/antonyme/sérieux,Sérieux
http://www.antonyme.org/antonyme/atout,Atout
http://www.antonyme.org/antonyme/confiance,Confiance
http://www.antonyme.org/antonyme/précéder,Précéder
http://www.antonyme.org/antonyme/important,Important
http://www.antonyme.org/antonyme/ponctuel,Ponctuel
http://www.antonyme.org/antonyme/monotone,Monotone
http://www.antonyme.org/antonyme/fiable,Fiable
http://www.antonyme.org/antonyme/original,Original
"http://www.antonyme.org/antonyme/à l'instar","à l instar"
http://www.antonyme.org/antonyme/trouver,Trouver
http://www.antonyme.org/antonyme/amour,Amour
http://www.antonyme.org/antonyme/faire,faire
"http://www.antonyme.org/antonyme/en plus","en plus"
http://www.antonyme.org/antonyme/anglais,anglais
http://www.antonyme.org/antonyme/mettre,mettre
"http://www.antonyme.org/antonyme/en effet","en effet"
http://www.antonyme.org/antonyme/contraire,contraire
http://www.antonyme.org/antonyme/être,être
http://www.antonyme.org/antonyme/avoir,avoir
http://www.antonyme.org/antonyme/problème,problème
http://www.antonyme.org/antonyme/pour,pour
http://www.antonyme.org/antonyme/travail,travail
http://www.antonyme.org/antonyme/créer,créer
http://www.antonyme.org/antonyme/demander,demander
http://www.antonyme.org/antonyme/bien,bien
http://www.antonyme.org/antonyme/important,important
http://www.antonyme.org/antonyme/prendre,prendre
http://www.antonyme.org/antonyme/experience,expérience
http://www.antonyme.org/antonyme/amour,amour
http://www.antonyme.org/antonyme/dire,dire
http://www.antonyme.org/antonyme/trouver,trouver
http://www.antonyme.org/antonyme/augmenter,augmenter
http://www.antonyme.org/antonyme/installer,installer
"http://www.antonyme.org/antonyme/en fait","en fait"
http://www.antonyme.org/antonyme/voir,voir
http://www.antonyme.org/antonyme/aimer,aimer
http://www.antonyme.org/antonyme/temps,temps
http://www.antonyme.org/antonyme/petit,petit
http://www.antonyme.org/antonyme/obtenir,obtenir
http://www.antonyme.org/antonyme/analyse,analyse
http://www.antonyme.org/antonyme/utiliser,utiliser
http://www.antonyme.org/antonyme/savoir,savoir
http://www.antonyme.org/antonyme/montrer,montrer
http://www.antonyme.org/antonyme/développer,développer
http://www.antonyme.org/antonyme/origine,origine
http://www.antonyme.org/antonyme/fin,fin
"http://www.antonyme.org/antonyme/du coup","du coup"
"http://www.antonyme.org/antonyme/en ligne","en ligne"
http://www.antonyme.org/antonyme/changer,changer
http://www.antonyme.org/antonyme/oeuvre,oeuvre
http://www.antonyme.org/antonyme/intéresser,intéresser
http://www.antonyme.org/antonyme/bonne,bonne
http://www.antonyme.org/antonyme/présentation,présentation
http://www.antonyme.org/antonyme/aide,aide
http://www.antonyme.org/antonyme/différent,différent
http://www.antonyme.org/antonyme/vie,vie
http://www.antonyme.org/antonyme/aider,aider
http://www.antonyme.org/antonyme/réaliser,réaliser
http://www.antonyme.org/antonyme/cause,cause
http://www.antonyme.org/antonyme/souhaiter,souhaiter
http://www.antonyme.org/antonyme/belle,belle
http://www.antonyme.org/antonyme/découvrir,découvrir
http://www.antonyme.org/antonyme/intéressant,intéressant
http://www.antonyme.org/antonyme/présenter,présenter
"http://www.antonyme.org/antonyme/suite à","suite à"
http://www.antonyme.org/antonyme/intégrer,intégrer
http://www.antonyme.org/antonyme/grand,grand
http://www.antonyme.org/antonyme/connaître,connaître
http://www.antonyme.org/antonyme/démonter,démonter
http://www.antonyme.org/antonyme/effectuer,effectuer
http://www.antonyme.org/antonyme/beau,beau
http://www.antonyme.org/antonyme/connaissance,connaissance
http://www.antonyme.org/antonyme/emploi,emploi
http://www.antonyme.org/antonyme/recherche,recherche
"http://www.antonyme.org/antonyme/par contre","par contre"
http://www.antonyme.org/antonyme/parler,parler
http://www.antonyme.org/antonyme/explication,explication
http://www.antonyme.org/antonyme/penser,penser
http://www.antonyme.org/antonyme/avec,avec
http://www.antonyme.org/antonyme/triste,triste
http://www.antonyme.org/antonyme/regarder,regarder
http://www.antonyme.org/antonyme/travailler,travailler
http://www.antonyme.org/antonyme/améliorer,améliorer
http://www.antonyme.org/antonyme/tristesse,tristesse
http://www.antonyme.org/antonyme/passer,passer
http://www.antonyme.org/antonyme/création,création
http://www.antonyme.org/antonyme/acquérir,acquérir
"http://www.antonyme.org/antonyme/ainsi que","ainsi que"
http://www.antonyme.org/antonyme/intérêt,intérêt
http://www.antonyme.org/antonyme/passionné,passionné
http://www.antonyme.org/antonyme/peur,peur
http://www.antonyme.org/antonyme/adapter,adapter
http://www.antonyme.org/antonyme/rechercher,rechercher
http://www.antonyme.org/antonyme/passion,passion
http://www.antonyme.org/antonyme/accord,accord
http://www.antonyme.org/antonyme/organisation,organisation
http://www.antonyme.org/antonyme/compétence,compétence
