http://www.antonyme.org/antonyme/ici,ici
http://www.antonyme.org/antonyme/id%C3%A9al,idéal
http://www.antonyme.org/antonyme/id%C3%A9ale,idéale
http://www.antonyme.org/antonyme/id%C3%A9alement,idéalement
http://www.antonyme.org/antonyme/id%C3%A9aliser,idéaliser
http://www.antonyme.org/antonyme/id%C3%A9alisme,idéalisme
http://www.antonyme.org/antonyme/id%C3%A9aliste,idéaliste
http://www.antonyme.org/antonyme/id%C3%A9aux,idéaux
http://www.antonyme.org/antonyme/id%C3%A9e,idée
http://www.antonyme.org/antonyme/id%C3%A9es,idées
http://www.antonyme.org/antonyme/identifi%C3%A9,identifié
http://www.antonyme.org/antonyme/identifier,identifier
http://www.antonyme.org/antonyme/identifi%C3%A9s,identifiés
http://www.antonyme.org/antonyme/identique,identique
http://www.antonyme.org/antonyme/identiquement,identiquement
http://www.antonyme.org/antonyme/identiques,identiques
http://www.antonyme.org/antonyme/identit%C3%A9,identité
http://www.antonyme.org/antonyme/identit%C3%A9s,identités
http://www.antonyme.org/antonyme/id%C3%A9ographique,idéographique
http://www.antonyme.org/antonyme/id%C3%A9ologie,idéologie
http://www.antonyme.org/antonyme/id%C3%A9ologies,idéologies
http://www.antonyme.org/antonyme/id%C3%A9ologique,idéologique
http://www.antonyme.org/antonyme/id%C3%A9ologiques,idéologiques
http://www.antonyme.org/antonyme/id%C3%A9ologue,idéologue
http://www.antonyme.org/antonyme/idiopathique,idiopathique
http://www.antonyme.org/antonyme/idiot,idiot
http://www.antonyme.org/antonyme/idiote,idiote
http://www.antonyme.org/antonyme/idiotie,idiotie
http://www.antonyme.org/antonyme/idoine,idoine
http://www.antonyme.org/antonyme/idol%C3%A2tre,idolâtre
http://www.antonyme.org/antonyme/idol%C3%A2trer,idolâtrer
http://www.antonyme.org/antonyme/idol%C3%A2trie,idolâtrie
http://www.antonyme.org/antonyme/idole,idole
http://www.antonyme.org/antonyme/ignare,ignare
http://www.antonyme.org/antonyme/ignifuge,ignifuge
http://www.antonyme.org/antonyme/ignoble,ignoble
http://www.antonyme.org/antonyme/ignominie,ignominie
http://www.antonyme.org/antonyme/ignominieusement,ignominieusement
http://www.antonyme.org/antonyme/ignominieux,ignominieux
http://www.antonyme.org/antonyme/ignorait,ignorait
http://www.antonyme.org/antonyme/ignorance,ignorance
http://www.antonyme.org/antonyme/ignorant,ignorant
http://www.antonyme.org/antonyme/ignorante,ignorante
http://www.antonyme.org/antonyme/ignore,ignore
http://www.antonyme.org/antonyme/ignor%C3%A9,ignoré
http://www.antonyme.org/antonyme/ignor%C3%A9e,ignorée
http://www.antonyme.org/antonyme/ignorent,ignorent
http://www.antonyme.org/antonyme/ignorer,ignorer
http://www.antonyme.org/antonyme/%C3%AEle,île
http://www.antonyme.org/antonyme/%C3%AEles,îles
http://www.antonyme.org/antonyme/ill%C3%A9gal,illégal
http://www.antonyme.org/antonyme/ill%C3%A9gale,illégale
http://www.antonyme.org/antonyme/ill%C3%A9galement,illégalement
http://www.antonyme.org/antonyme/ill%C3%A9gales,illégales
http://www.antonyme.org/antonyme/ill%C3%A9galit%C3%A9,illégalité
http://www.antonyme.org/antonyme/ill%C3%A9gaux,illégaux
http://www.antonyme.org/antonyme/ill%C3%A9gitime,illégitime
http://www.antonyme.org/antonyme/ill%C3%A9gitimement,illégitimement
http://www.antonyme.org/antonyme/ill%C3%A9gitimes,illégitimes
http://www.antonyme.org/antonyme/ill%C3%A9gitimit%C3%A9,illégitimité
http://www.antonyme.org/antonyme/illettr%C3%A9,illettré
http://www.antonyme.org/antonyme/illettrismes,illettrismes
http://www.antonyme.org/antonyme/illicite,illicite
http://www.antonyme.org/antonyme/illicitement,illicitement
http://www.antonyme.org/antonyme/illicites,illicites
http://www.antonyme.org/antonyme/illimit%C3%A9,illimité
http://www.antonyme.org/antonyme/illimit%C3%A9e,illimitée
http://www.antonyme.org/antonyme/illisibilit%C3%A9,illisibilité
http://www.antonyme.org/antonyme/illisible,illisible
http://www.antonyme.org/antonyme/illogique,illogique
http://www.antonyme.org/antonyme/illumination,illumination
http://www.antonyme.org/antonyme/illumin%C3%A9,illuminé
http://www.antonyme.org/antonyme/illusion,illusion
http://www.antonyme.org/antonyme/illusionner,illusionner
http://www.antonyme.org/antonyme/illusions,illusions
http://www.antonyme.org/antonyme/illusoire,illusoire
http://www.antonyme.org/antonyme/illusoirement,illusoirement
http://www.antonyme.org/antonyme/illustrant,illustrant
http://www.antonyme.org/antonyme/illustre,illustre
http://www.antonyme.org/antonyme/illustr%C3%A9,illustré
http://www.antonyme.org/antonyme/illustrent,illustrent
http://www.antonyme.org/antonyme/illustrer,illustrer
http://www.antonyme.org/antonyme/ilotisme,ilotisme
http://www.antonyme.org/antonyme/image,image
http://www.antonyme.org/antonyme/imaginable,imaginable
http://www.antonyme.org/antonyme/imaginaire,imaginaire
http://www.antonyme.org/antonyme/imaginaires,imaginaires
http://www.antonyme.org/antonyme/imaginatif,imaginatif
http://www.antonyme.org/antonyme/imagination,imagination
http://www.antonyme.org/antonyme/imaginative,imaginative
http://www.antonyme.org/antonyme/imb%C3%A9cile,imbécile
http://www.antonyme.org/antonyme/imb%C3%A9cillit%C3%A9,imbécillité
http://www.antonyme.org/antonyme/imberbe,imberbe
http://www.antonyme.org/antonyme/imbib%C3%A9,imbibé
http://www.antonyme.org/antonyme/imbiber,imbiber
http://www.antonyme.org/antonyme/imbrication,imbrication
http://www.antonyme.org/antonyme/imbriquer,imbriquer
http://www.antonyme.org/antonyme/imbuvable,imbuvable
http://www.antonyme.org/antonyme/imbuvables,imbuvables
http://www.antonyme.org/antonyme/imitateur,imitateur
http://www.antonyme.org/antonyme/imitation,imitation
http://www.antonyme.org/antonyme/imitative,imitative
http://www.antonyme.org/antonyme/imit%C3%A9,imité
http://www.antonyme.org/antonyme/imiter,imiter
http://www.antonyme.org/antonyme/immacul%C3%A9,immaculé
http://www.antonyme.org/antonyme/immacul%C3%A9e,immaculée
http://www.antonyme.org/antonyme/immangeable,immangeable
http://www.antonyme.org/antonyme/immanquable,immanquable
http://www.antonyme.org/antonyme/immarcescible,immarcescible
http://www.antonyme.org/antonyme/immariable,immariable
http://www.antonyme.org/antonyme/immat%C3%A9rialisme,immatérialisme
http://www.antonyme.org/antonyme/immat%C3%A9rialit%C3%A9,immatérialité
http://www.antonyme.org/antonyme/immat%C3%A9riel,immatériel
http://www.antonyme.org/antonyme/immat%C3%A9rielle,immatérielle
http://www.antonyme.org/antonyme/immat%C3%A9riels,immatériels
http://www.antonyme.org/antonyme/immature,immature
http://www.antonyme.org/antonyme/immaturit%C3%A9,immaturité
http://www.antonyme.org/antonyme/imm%C3%A9diat,immédiat
http://www.antonyme.org/antonyme/imm%C3%A9diate,immédiate
http://www.antonyme.org/antonyme/imm%C3%A9diatement,immédiatement
http://www.antonyme.org/antonyme/imm%C3%A9diates,immédiates
http://www.antonyme.org/antonyme/imm%C3%A9diats,immédiats
http://www.antonyme.org/antonyme/imm%C3%A9morial,immémorial
http://www.antonyme.org/antonyme/immense,immense
http://www.antonyme.org/antonyme/immenses,immenses
http://www.antonyme.org/antonyme/immensit%C3%A9,immensité
http://www.antonyme.org/antonyme/immensurable,immensurable
http://www.antonyme.org/antonyme/immerger,immerger
http://www.antonyme.org/antonyme/immersion,immersion
http://www.antonyme.org/antonyme/immettable,immettable
http://www.antonyme.org/antonyme/immeuble,immeuble
http://www.antonyme.org/antonyme/immigrant,immigrant
http://www.antonyme.org/antonyme/immigrants,immigrants
http://www.antonyme.org/antonyme/immigration,immigration
http://www.antonyme.org/antonyme/immigr%C3%A9,immigré
http://www.antonyme.org/antonyme/immigr%C3%A9s,immigrés
http://www.antonyme.org/antonyme/imminent,imminent
http://www.antonyme.org/antonyme/imminente,imminente
http://www.antonyme.org/antonyme/immobile,immobile
http://www.antonyme.org/antonyme/immobilier,immobilier
http://www.antonyme.org/antonyme/immobili%C3%A8re,immobilière
http://www.antonyme.org/antonyme/immobilisation,immobilisation
http://www.antonyme.org/antonyme/immobilisme,immobilisme
http://www.antonyme.org/antonyme/immobiliste,immobiliste
http://www.antonyme.org/antonyme/immobilit%C3%A9,immobilité
http://www.antonyme.org/antonyme/immod%C3%A9ration,immodération
http://www.antonyme.org/antonyme/immod%C3%A9r%C3%A9,immodéré
http://www.antonyme.org/antonyme/immod%C3%A9r%C3%A9ment,immodérément
http://www.antonyme.org/antonyme/immodeste,immodeste
http://www.antonyme.org/antonyme/immodestie,immodestie
http://www.antonyme.org/antonyme/immonde,immonde
http://www.antonyme.org/antonyme/immoral,immoral
http://www.antonyme.org/antonyme/immoralisme,immoralisme
http://www.antonyme.org/antonyme/immoralit%C3%A9,immoralité
http://www.antonyme.org/antonyme/immoraux,immoraux
http://www.antonyme.org/antonyme/immortalit%C3%A9,immortalité
http://www.antonyme.org/antonyme/immortel,immortel
http://www.antonyme.org/antonyme/immuabilit%C3%A9,immuabilité
http://www.antonyme.org/antonyme/immuable,immuable
http://www.antonyme.org/antonyme/immuablement,immuablement
http://www.antonyme.org/antonyme/immunisation,immunisation
http://www.antonyme.org/antonyme/immuniser,immuniser
http://www.antonyme.org/antonyme/immunit%C3%A9,immunité
http://www.antonyme.org/antonyme/immunit%C3%A9s,immunités
http://www.antonyme.org/antonyme/immutabilit%C3%A9,immutabilité
http://www.antonyme.org/antonyme/impact,impact
http://www.antonyme.org/antonyme/impair,impair
http://www.antonyme.org/antonyme/impalpable,impalpable
http://www.antonyme.org/antonyme/imparable,imparable
http://www.antonyme.org/antonyme/impardonnable,impardonnable
http://www.antonyme.org/antonyme/imparfait,imparfait
http://www.antonyme.org/antonyme/imparfaite,imparfaite
http://www.antonyme.org/antonyme/imparfaitement,imparfaitement
http://www.antonyme.org/antonyme/imparit%C3%A9,imparité
http://www.antonyme.org/antonyme/impartageable,impartageable
http://www.antonyme.org/antonyme/impartial,impartial
http://www.antonyme.org/antonyme/impartiale,impartiale
http://www.antonyme.org/antonyme/impartialement,impartialement
http://www.antonyme.org/antonyme/impartialit%C3%A9,impartialité
http://www.antonyme.org/antonyme/impasse,impasse
http://www.antonyme.org/antonyme/impassibilit%C3%A9,impassibilité
http://www.antonyme.org/antonyme/impassible,impassible
http://www.antonyme.org/antonyme/impassiblement,impassiblement
http://www.antonyme.org/antonyme/impatiemment,impatiemment
http://www.antonyme.org/antonyme/impatience,impatience
http://www.antonyme.org/antonyme/impatient,impatient
http://www.antonyme.org/antonyme/impatiente,impatiente
http://www.antonyme.org/antonyme/impatienter,impatienter
http://www.antonyme.org/antonyme/impavide,impavide
http://www.antonyme.org/antonyme/impavidit%C3%A9,impavidité
http://www.antonyme.org/antonyme/impayable,impayable
http://www.antonyme.org/antonyme/impeccable,impeccable
http://www.antonyme.org/antonyme/imp%C3%A9cunieuse,impécunieuse
http://www.antonyme.org/antonyme/imp%C3%A9cunieux,impécunieux
http://www.antonyme.org/antonyme/imp%C3%A9cuniosit%C3%A9,impécuniosité
http://www.antonyme.org/antonyme/imp%C3%A9n%C3%A9trabilit%C3%A9,impénétrabilité
http://www.antonyme.org/antonyme/imp%C3%A9n%C3%A9trable,impénétrable
http://www.antonyme.org/antonyme/imp%C3%A9nitence,impénitence
http://www.antonyme.org/antonyme/imp%C3%A9nitent,impénitent
http://www.antonyme.org/antonyme/impensable,impensable
http://www.antonyme.org/antonyme/imp%C3%A9ratif,impératif
http://www.antonyme.org/antonyme/imp%C3%A9ratifs,impératifs
http://www.antonyme.org/antonyme/imperceptibilit%C3%A9,imperceptibilité
http://www.antonyme.org/antonyme/imperceptible,imperceptible
http://www.antonyme.org/antonyme/imperceptiblement,imperceptiblement
http://www.antonyme.org/antonyme/imperfectible,imperfectible
http://www.antonyme.org/antonyme/imperfection,imperfection
http://www.antonyme.org/antonyme/imperforation,imperforation
http://www.antonyme.org/antonyme/imp%C3%A9rial,impérial
http://www.antonyme.org/antonyme/imp%C3%A9rialement,impérialement
http://www.antonyme.org/antonyme/imp%C3%A9riaux,impériaux
http://www.antonyme.org/antonyme/imp%C3%A9rieuse,impérieuse
http://www.antonyme.org/antonyme/imp%C3%A9rieux,impérieux
http://www.antonyme.org/antonyme/imp%C3%A9rissable,impérissable
http://www.antonyme.org/antonyme/imp%C3%A9ritie,impéritie
http://www.antonyme.org/antonyme/imperm%C3%A9able,imperméable
http://www.antonyme.org/antonyme/impersonnalit%C3%A9,impersonnalité
http://www.antonyme.org/antonyme/impersonnel,impersonnel
http://www.antonyme.org/antonyme/impersonnelle,impersonnelle
http://www.antonyme.org/antonyme/impersonnellement,impersonnellement
http://www.antonyme.org/antonyme/impertinence,impertinence
http://www.antonyme.org/antonyme/impertinent,impertinent
http://www.antonyme.org/antonyme/impertinente,impertinente
http://www.antonyme.org/antonyme/imperturbabilit%C3%A9,imperturbabilité
http://www.antonyme.org/antonyme/imperturbable,imperturbable
http://www.antonyme.org/antonyme/imperturbablement,imperturbablement
http://www.antonyme.org/antonyme/imp%C3%A9tueuse,impétueuse
http://www.antonyme.org/antonyme/imp%C3%A9tueusement,impétueusement
http://www.antonyme.org/antonyme/imp%C3%A9tueux,impétueux
http://www.antonyme.org/antonyme/imp%C3%A9tuosit%C3%A9,impétuosité
http://www.antonyme.org/antonyme/impie,impie
http://www.antonyme.org/antonyme/impi%C3%A9t%C3%A9,impiété
http://www.antonyme.org/antonyme/impitoyable,impitoyable
http://www.antonyme.org/antonyme/implacable,implacable
http://www.antonyme.org/antonyme/implantation,implantation
http://www.antonyme.org/antonyme/implantations,implantations
http://www.antonyme.org/antonyme/implant%C3%A9,implanté
http://www.antonyme.org/antonyme/implant%C3%A9e,implantée
http://www.antonyme.org/antonyme/implant%C3%A9es,implantées
http://www.antonyme.org/antonyme/implanter,implanter
http://www.antonyme.org/antonyme/implant%C3%A9s,implantés
http://www.antonyme.org/antonyme/implication,implication
http://www.antonyme.org/antonyme/implicite,implicite
http://www.antonyme.org/antonyme/implicitement,implicitement
http://www.antonyme.org/antonyme/impliquer,impliquer
http://www.antonyme.org/antonyme/impliqu%C3%A9s,impliqués
http://www.antonyme.org/antonyme/implorer,implorer
http://www.antonyme.org/antonyme/impoli,impoli
http://www.antonyme.org/antonyme/impolie,impolie
http://www.antonyme.org/antonyme/impoliment,impoliment
http://www.antonyme.org/antonyme/impolitesse,impolitesse
http://www.antonyme.org/antonyme/impolitique,impolitique
http://www.antonyme.org/antonyme/impond%C3%A9rable,impondérable
http://www.antonyme.org/antonyme/impond%C3%A9rables,impondérables
http://www.antonyme.org/antonyme/impopulaire,impopulaire
http://www.antonyme.org/antonyme/import,import
http://www.antonyme.org/antonyme/importable,importable
http://www.antonyme.org/antonyme/importance,importance
http://www.antonyme.org/antonyme/important,important
http://www.antonyme.org/antonyme/importante,importante
http://www.antonyme.org/antonyme/importantes,importantes
http://www.antonyme.org/antonyme/importants,importants
http://www.antonyme.org/antonyme/importateur,importateur
http://www.antonyme.org/antonyme/importateurs,importateurs
http://www.antonyme.org/antonyme/importation,importation
http://www.antonyme.org/antonyme/importations,importations
http://www.antonyme.org/antonyme/importatrice,importatrice
http://www.antonyme.org/antonyme/importe,importe
http://www.antonyme.org/antonyme/import%C3%A9,importé
http://www.antonyme.org/antonyme/import%C3%A9es,importées
http://www.antonyme.org/antonyme/importer,importer
http://www.antonyme.org/antonyme/import%C3%A9s,importés
http://www.antonyme.org/antonyme/importun,importun
http://www.antonyme.org/antonyme/importune,importune
http://www.antonyme.org/antonyme/importun%C3%A9,importuné
http://www.antonyme.org/antonyme/importun%C3%A9ment,importunément
http://www.antonyme.org/antonyme/importuner,importuner
http://www.antonyme.org/antonyme/importunit%C3%A9,importunité
http://www.antonyme.org/antonyme/imposait,imposait
http://www.antonyme.org/antonyme/imposant,imposant
http://www.antonyme.org/antonyme/imposante,imposante
http://www.antonyme.org/antonyme/impose,impose
http://www.antonyme.org/antonyme/impos%C3%A9,imposé
http://www.antonyme.org/antonyme/impos%C3%A9e,imposée
http://www.antonyme.org/antonyme/impos%C3%A9es,imposées
http://www.antonyme.org/antonyme/imposent,imposent
http://www.antonyme.org/antonyme/imposer,imposer
http://www.antonyme.org/antonyme/impos%C3%A9s,imposés
http://www.antonyme.org/antonyme/imposition,imposition
http://www.antonyme.org/antonyme/impossibilit%C3%A9,impossibilité
http://www.antonyme.org/antonyme/impossible,impossible
http://www.antonyme.org/antonyme/impossibles,impossibles
http://www.antonyme.org/antonyme/imposteur,imposteur
http://www.antonyme.org/antonyme/imposture,imposture
http://www.antonyme.org/antonyme/imp%C3%B4t,impôt
http://www.antonyme.org/antonyme/impotence,impotence
http://www.antonyme.org/antonyme/impotent,impotent
http://www.antonyme.org/antonyme/impotente,impotente
http://www.antonyme.org/antonyme/impraticabilit%C3%A9,impraticabilité
http://www.antonyme.org/antonyme/impraticable,impraticable
http://www.antonyme.org/antonyme/impr%C3%A9cis,imprécis
http://www.antonyme.org/antonyme/impr%C3%A9cision,imprécision
http://www.antonyme.org/antonyme/impr%C3%A9gn%C3%A9,imprégné
http://www.antonyme.org/antonyme/impr%C3%A9gner,imprégner
http://www.antonyme.org/antonyme/imprenable,imprenable
http://www.antonyme.org/antonyme/impr%C3%A9paration,impréparation
http://www.antonyme.org/antonyme/imprescriptible,imprescriptible
http://www.antonyme.org/antonyme/impression,impression
http://www.antonyme.org/antonyme/impressionnabilit%C3%A9,impressionnabilité
http://www.antonyme.org/antonyme/impressionnant,impressionnant
http://www.antonyme.org/antonyme/impressionnante,impressionnante
http://www.antonyme.org/antonyme/impressionner,impressionner
http://www.antonyme.org/antonyme/impr%C3%A9visibilit%C3%A9,imprévisibilité
http://www.antonyme.org/antonyme/impr%C3%A9visible,imprévisible
http://www.antonyme.org/antonyme/impr%C3%A9visibles,imprévisibles
http://www.antonyme.org/antonyme/impr%C3%A9vision,imprévision
http://www.antonyme.org/antonyme/impr%C3%A9voyance,imprévoyance
http://www.antonyme.org/antonyme/impr%C3%A9voyant,imprévoyant
http://www.antonyme.org/antonyme/impr%C3%A9voyante,imprévoyante
http://www.antonyme.org/antonyme/impr%C3%A9vu,imprévu
http://www.antonyme.org/antonyme/impr%C3%A9vue,imprévue
http://www.antonyme.org/antonyme/imprim%C3%A9,imprimé
http://www.antonyme.org/antonyme/imprimer,imprimer
http://www.antonyme.org/antonyme/imprim%C3%A9s,imprimés
http://www.antonyme.org/antonyme/improbabilit%C3%A9,improbabilité
http://www.antonyme.org/antonyme/improbable,improbable
http://www.antonyme.org/antonyme/improbateur,improbateur
http://www.antonyme.org/antonyme/improbation,improbation
http://www.antonyme.org/antonyme/improbatrice,improbatrice
http://www.antonyme.org/antonyme/improbe,improbe
http://www.antonyme.org/antonyme/improbit%C3%A9,improbité
http://www.antonyme.org/antonyme/improductif,improductif
http://www.antonyme.org/antonyme/improductive,improductive
http://www.antonyme.org/antonyme/improductivit%C3%A9,improductivité
http://www.antonyme.org/antonyme/impromptu,impromptu
http://www.antonyme.org/antonyme/impronon%C3%A7able,imprononçable
http://www.antonyme.org/antonyme/impropre,impropre
http://www.antonyme.org/antonyme/improprement,improprement
http://www.antonyme.org/antonyme/impropri%C3%A9t%C3%A9,impropriété
http://www.antonyme.org/antonyme/improuvable,improuvable
http://www.antonyme.org/antonyme/improvisation,improvisation
http://www.antonyme.org/antonyme/improvis%C3%A9,improvisé
http://www.antonyme.org/antonyme/improviser,improviser
http://www.antonyme.org/antonyme/improviste,improviste
http://www.antonyme.org/antonyme/imprudemment,imprudemment
http://www.antonyme.org/antonyme/imprudence,imprudence
http://www.antonyme.org/antonyme/imprudent,imprudent
http://www.antonyme.org/antonyme/imprudente,imprudente
http://www.antonyme.org/antonyme/impub%C3%A8re,impubère
http://www.antonyme.org/antonyme/impudemment,impudemment
http://www.antonyme.org/antonyme/impudence,impudence
http://www.antonyme.org/antonyme/impudent,impudent
http://www.antonyme.org/antonyme/impudeur,impudeur
http://www.antonyme.org/antonyme/impudicit%C3%A9,impudicité
http://www.antonyme.org/antonyme/impudique,impudique
http://www.antonyme.org/antonyme/impudiquement,impudiquement
http://www.antonyme.org/antonyme/impuissance,impuissance
http://www.antonyme.org/antonyme/impuissant,impuissant
http://www.antonyme.org/antonyme/impulser,impulser
http://www.antonyme.org/antonyme/impulsif,impulsif
http://www.antonyme.org/antonyme/impulsion,impulsion
http://www.antonyme.org/antonyme/impun%C3%A9ment,impunément
http://www.antonyme.org/antonyme/impunit%C3%A9,impunité
http://www.antonyme.org/antonyme/impur,impur
http://www.antonyme.org/antonyme/impure,impure
http://www.antonyme.org/antonyme/impuret%C3%A9,impureté
http://www.antonyme.org/antonyme/impurs,impurs
http://www.antonyme.org/antonyme/imputation,imputation
http://www.antonyme.org/antonyme/imputer,imputer
http://www.antonyme.org/antonyme/imputrescibilit%C3%A9,imputrescibilité
http://www.antonyme.org/antonyme/imputrescible,imputrescible
http://www.antonyme.org/antonyme/in,in
http://www.antonyme.org/antonyme/inabordable,inabordable
http://www.antonyme.org/antonyme/inabrogeable,inabrogeable
http://www.antonyme.org/antonyme/inaccentu%C3%A9,inaccentué
http://www.antonyme.org/antonyme/inacceptable,inacceptable
http://www.antonyme.org/antonyme/inacceptables,inacceptables
http://www.antonyme.org/antonyme/inaccessibilit%C3%A9,inaccessibilité
http://www.antonyme.org/antonyme/inaccessible,inaccessible
http://www.antonyme.org/antonyme/inaccessibles,inaccessibles
http://www.antonyme.org/antonyme/inaccompli,inaccompli
http://www.antonyme.org/antonyme/inaccomplie,inaccomplie
http://www.antonyme.org/antonyme/inaccordable,inaccordable
http://www.antonyme.org/antonyme/inaccoutum%C3%A9,inaccoutumé
http://www.antonyme.org/antonyme/inaccoutum%C3%A9s,inaccoutumés
http://www.antonyme.org/antonyme/inachev%C3%A9,inachevé
http://www.antonyme.org/antonyme/inachev%C3%A9e,inachevée
http://www.antonyme.org/antonyme/inach%C3%A8vement,inachèvement
http://www.antonyme.org/antonyme/inactif,inactif
http://www.antonyme.org/antonyme/inaction,inaction
http://www.antonyme.org/antonyme/inactive,inactive
http://www.antonyme.org/antonyme/inactivit%C3%A9,inactivité
http://www.antonyme.org/antonyme/inactuel,inactuel
http://www.antonyme.org/antonyme/inadaptation,inadaptation
http://www.antonyme.org/antonyme/inadapt%C3%A9,inadapté
http://www.antonyme.org/antonyme/inad%C3%A9quat,inadéquat
http://www.antonyme.org/antonyme/inad%C3%A9quation,inadéquation
http://www.antonyme.org/antonyme/inadmissible,inadmissible
http://www.antonyme.org/antonyme/inadvertance,inadvertance
http://www.antonyme.org/antonyme/inali%C3%A9nabilit%C3%A9,inaliénabilité
http://www.antonyme.org/antonyme/inali%C3%A9nable,inaliénable
http://www.antonyme.org/antonyme/inalt%C3%A9rabilit%C3%A9,inaltérabilité
http://www.antonyme.org/antonyme/inalt%C3%A9rable,inaltérable
http://www.antonyme.org/antonyme/inalt%C3%A9r%C3%A9,inaltéré
http://www.antonyme.org/antonyme/inam%C3%A9liorable,inaméliorable
http://www.antonyme.org/antonyme/inamical,inamical
http://www.antonyme.org/antonyme/inamovible,inamovible
http://www.antonyme.org/antonyme/inanim%C3%A9,inanimé
http://www.antonyme.org/antonyme/inanit%C3%A9,inanité
http://www.antonyme.org/antonyme/inanition,inanition
http://www.antonyme.org/antonyme/inapais%C3%A9,inapaisé
http://www.antonyme.org/antonyme/inapparent,inapparent
http://www.antonyme.org/antonyme/inapp%C3%A9tence,inappétence
http://www.antonyme.org/antonyme/inapplicable,inapplicable
http://www.antonyme.org/antonyme/inapplication,inapplication
http://www.antonyme.org/antonyme/inappliqu%C3%A9,inappliqué
http://www.antonyme.org/antonyme/inappr%C3%A9ciable,inappréciable
http://www.antonyme.org/antonyme/inapprivoisable,inapprivoisable
http://www.antonyme.org/antonyme/inapprochable,inapprochable
http://www.antonyme.org/antonyme/inappropri%C3%A9,inapproprié
http://www.antonyme.org/antonyme/inapte,inapte
http://www.antonyme.org/antonyme/inaptitude,inaptitude
http://www.antonyme.org/antonyme/inarticul%C3%A9,inarticulé
http://www.antonyme.org/antonyme/inassouvi,inassouvi
http://www.antonyme.org/antonyme/inassouvissable,inassouvissable
http://www.antonyme.org/antonyme/inassouvissement,inassouvissement
http://www.antonyme.org/antonyme/inattaquable,inattaquable
http://www.antonyme.org/antonyme/inattendu,inattendu
http://www.antonyme.org/antonyme/inattendue,inattendue
http://www.antonyme.org/antonyme/inattendus,inattendus
http://www.antonyme.org/antonyme/inattentif,inattentif
http://www.antonyme.org/antonyme/inattention,inattention
http://www.antonyme.org/antonyme/inaudible,inaudible
http://www.antonyme.org/antonyme/inauguration,inauguration
http://www.antonyme.org/antonyme/inaugure,inaugure
http://www.antonyme.org/antonyme/inaugur%C3%A9,inauguré
http://www.antonyme.org/antonyme/inaugur%C3%A9e,inaugurée
http://www.antonyme.org/antonyme/inauthentique,inauthentique
http://www.antonyme.org/antonyme/inavouable,inavouable
http://www.antonyme.org/antonyme/inavou%C3%A9,inavoué
http://www.antonyme.org/antonyme/incalculable,incalculable
http://www.antonyme.org/antonyme/incandescent,incandescent
http://www.antonyme.org/antonyme/incantation,incantation
http://www.antonyme.org/antonyme/incapable,incapable
http://www.antonyme.org/antonyme/incapables,incapables
http://www.antonyme.org/antonyme/incapacit%C3%A9,incapacité
http://www.antonyme.org/antonyme/incarc%C3%A9ration,incarcération
http://www.antonyme.org/antonyme/incarc%C3%A9rer,incarcérer
http://www.antonyme.org/antonyme/incarc%C3%A9r%C3%A9s,incarcérés
http://www.antonyme.org/antonyme/incarne,incarne
http://www.antonyme.org/antonyme/incarn%C3%A9,incarné
http://www.antonyme.org/antonyme/incartade,incartade
http://www.antonyme.org/antonyme/incendiaire,incendiaire
http://www.antonyme.org/antonyme/incendier,incendier
http://www.antonyme.org/antonyme/incertain,incertain
http://www.antonyme.org/antonyme/incertaine,incertaine
http://www.antonyme.org/antonyme/incertaines,incertaines
http://www.antonyme.org/antonyme/incertitude,incertitude
http://www.antonyme.org/antonyme/incertitudes,incertitudes
http://www.antonyme.org/antonyme/incessamment,incessamment
http://www.antonyme.org/antonyme/incessant,incessant
http://www.antonyme.org/antonyme/incessante,incessante
http://www.antonyme.org/antonyme/incessibilit%C3%A9,incessibilité
http://www.antonyme.org/antonyme/incessible,incessible
http://www.antonyme.org/antonyme/inchang%C3%A9,inchangé
http://www.antonyme.org/antonyme/inchangeable,inchangeable
http://www.antonyme.org/antonyme/incidemment,incidemment
http://www.antonyme.org/antonyme/incident,incident
http://www.antonyme.org/antonyme/incidente,incidente
http://www.antonyme.org/antonyme/incidents,incidents
http://www.antonyme.org/antonyme/incin%C3%A9rer,incinérer
http://www.antonyme.org/antonyme/incisif,incisif
http://www.antonyme.org/antonyme/incisive,incisive
http://www.antonyme.org/antonyme/incisives,incisives
http://www.antonyme.org/antonyme/incitatif,incitatif
http://www.antonyme.org/antonyme/incitatrice,incitatrice
http://www.antonyme.org/antonyme/incitent,incitent
http://www.antonyme.org/antonyme/inciter,inciter
http://www.antonyme.org/antonyme/incivil,incivil
http://www.antonyme.org/antonyme/incivilis%C3%A9,incivilisé
http://www.antonyme.org/antonyme/incivilit%C3%A9,incivilité
http://www.antonyme.org/antonyme/incivique,incivique
http://www.antonyme.org/antonyme/incivisme,incivisme
http://www.antonyme.org/antonyme/inclassable,inclassable
http://www.antonyme.org/antonyme/incl%C3%A9mence,inclémence
http://www.antonyme.org/antonyme/incl%C3%A9ment,inclément
http://www.antonyme.org/antonyme/inclinaison,inclinaison
http://www.antonyme.org/antonyme/inclination,inclination
http://www.antonyme.org/antonyme/inclin%C3%A9,incliné
http://www.antonyme.org/antonyme/incliner,incliner
http://www.antonyme.org/antonyme/incluant,incluant
http://www.antonyme.org/antonyme/inclure,inclure
http://www.antonyme.org/antonyme/inclus,inclus
http://www.antonyme.org/antonyme/inclusif,inclusif
http://www.antonyme.org/antonyme/inclusion,inclusion
http://www.antonyme.org/antonyme/inclusivement,inclusivement
http://www.antonyme.org/antonyme/incoercible,incoercible
http://www.antonyme.org/antonyme/incognito,incognito
http://www.antonyme.org/antonyme/incognoscible,incognoscible
http://www.antonyme.org/antonyme/incoh%C3%A9rence,incohérence
http://www.antonyme.org/antonyme/incoh%C3%A9rent,incohérent
http://www.antonyme.org/antonyme/incolore,incolore
http://www.antonyme.org/antonyme/incombustible,incombustible
http://www.antonyme.org/antonyme/incommensurable,incommensurable
http://www.antonyme.org/antonyme/incommodant,incommodant
http://www.antonyme.org/antonyme/incommode,incommode
http://www.antonyme.org/antonyme/incommod%C3%A9,incommodé
http://www.antonyme.org/antonyme/incommod%C3%A9ment,incommodément
http://www.antonyme.org/antonyme/incommoder,incommoder
http://www.antonyme.org/antonyme/incommodit%C3%A9,incommodité
http://www.antonyme.org/antonyme/incommunicabilit%C3%A9,incommunicabilité
http://www.antonyme.org/antonyme/incommunicable,incommunicable
http://www.antonyme.org/antonyme/incomparable,incomparable
http://www.antonyme.org/antonyme/incompatibilit%C3%A9,incompatibilité
http://www.antonyme.org/antonyme/incompatible,incompatible
http://www.antonyme.org/antonyme/incompatibles,incompatibles
http://www.antonyme.org/antonyme/incomp%C3%A9tence,incompétence
http://www.antonyme.org/antonyme/incomp%C3%A9tent,incompétent
http://www.antonyme.org/antonyme/incomp%C3%A9tente,incompétente
http://www.antonyme.org/antonyme/incomplet,incomplet
http://www.antonyme.org/antonyme/incompl%C3%A8te,incomplète
http://www.antonyme.org/antonyme/incompl%C3%A8tement,incomplètement
http://www.antonyme.org/antonyme/incompl%C3%A9tude,incomplétude
http://www.antonyme.org/antonyme/incompr%C3%A9hensibilit%C3%A9,incompréhensibilité
http://www.antonyme.org/antonyme/incompr%C3%A9hensible,incompréhensible
http://www.antonyme.org/antonyme/incompr%C3%A9hensif,incompréhensif
http://www.antonyme.org/antonyme/incompr%C3%A9hension,incompréhension
http://www.antonyme.org/antonyme/incompressible,incompressible
http://www.antonyme.org/antonyme/incompris,incompris
http://www.antonyme.org/antonyme/incomptable,incomptable
http://www.antonyme.org/antonyme/inconcevable,inconcevable
http://www.antonyme.org/antonyme/inconcevablement,inconcevablement
http://www.antonyme.org/antonyme/inconciliable,inconciliable
http://www.antonyme.org/antonyme/inconditionnel,inconditionnel
http://www.antonyme.org/antonyme/inconditionnellement,inconditionnellement
http://www.antonyme.org/antonyme/inconduite,inconduite
http://www.antonyme.org/antonyme/inconfort,inconfort
http://www.antonyme.org/antonyme/inconfortable,inconfortable
http://www.antonyme.org/antonyme/incongru,incongru
http://www.antonyme.org/antonyme/incongrue,incongrue
http://www.antonyme.org/antonyme/incongruit%C3%A9,incongruité
http://www.antonyme.org/antonyme/incongr%C3%BBment,incongrûment
http://www.antonyme.org/antonyme/inconnaissable,inconnaissable
http://www.antonyme.org/antonyme/inconnu,inconnu
http://www.antonyme.org/antonyme/inconnue,inconnue
http://www.antonyme.org/antonyme/inconnues,inconnues
http://www.antonyme.org/antonyme/inconnus,inconnus
http://www.antonyme.org/antonyme/inconsciemment,inconsciemment
http://www.antonyme.org/antonyme/inconscience,inconscience
http://www.antonyme.org/antonyme/inconscient,inconscient
http://www.antonyme.org/antonyme/incons%C3%A9quence,inconséquence
http://www.antonyme.org/antonyme/incons%C3%A9quent,inconséquent
http://www.antonyme.org/antonyme/inconsid%C3%A9r%C3%A9,inconsidéré
http://www.antonyme.org/antonyme/inconsid%C3%A9r%C3%A9ment,inconsidérément
http://www.antonyme.org/antonyme/inconsistance,inconsistance
http://www.antonyme.org/antonyme/inconsistant,inconsistant
http://www.antonyme.org/antonyme/inconsommable,inconsommable
http://www.antonyme.org/antonyme/inconstance,inconstance
http://www.antonyme.org/antonyme/inconstant,inconstant
http://www.antonyme.org/antonyme/inconstitutionnel,inconstitutionnel
http://www.antonyme.org/antonyme/inconstitutionnellement,inconstitutionnellement
http://www.antonyme.org/antonyme/incontestable,incontestable
http://www.antonyme.org/antonyme/incontestablement,incontestablement
http://www.antonyme.org/antonyme/incontest%C3%A9,incontesté
http://www.antonyme.org/antonyme/incontinence,incontinence
http://www.antonyme.org/antonyme/incontinent,incontinent
http://www.antonyme.org/antonyme/incontournable,incontournable
http://www.antonyme.org/antonyme/incontr%C3%B4lable,incontrôlable
http://www.antonyme.org/antonyme/incontr%C3%B4l%C3%A9,incontrôlé
http://www.antonyme.org/antonyme/inconvenance,inconvenance
http://www.antonyme.org/antonyme/inconvenant,inconvenant
http://www.antonyme.org/antonyme/inconv%C3%A9nient,inconvénient
http://www.antonyme.org/antonyme/inconv%C3%A9nients,inconvénients
http://www.antonyme.org/antonyme/inconvertible,inconvertible
http://www.antonyme.org/antonyme/incorporalit%C3%A9,incorporalité
http://www.antonyme.org/antonyme/incorporation,incorporation
http://www.antonyme.org/antonyme/incorpor%C3%A9it%C3%A9,incorporéité
http://www.antonyme.org/antonyme/incorporel,incorporel
http://www.antonyme.org/antonyme/incorporels,incorporels
http://www.antonyme.org/antonyme/incorporer,incorporer
http://www.antonyme.org/antonyme/incorrect,incorrect
http://www.antonyme.org/antonyme/incorrectement,incorrectement
http://www.antonyme.org/antonyme/incorrection,incorrection
http://www.antonyme.org/antonyme/incorrigible,incorrigible
http://www.antonyme.org/antonyme/incorruptibilit%C3%A9,incorruptibilité
http://www.antonyme.org/antonyme/incorruptible,incorruptible
http://www.antonyme.org/antonyme/incr%C3%A9dibilit%C3%A9,incrédibilité
http://www.antonyme.org/antonyme/incr%C3%A9dule,incrédule
http://www.antonyme.org/antonyme/incr%C3%A9dulit%C3%A9,incrédulité
http://www.antonyme.org/antonyme/incr%C3%A9ment,incrément
http://www.antonyme.org/antonyme/increvable,increvable
http://www.antonyme.org/antonyme/incriminer,incriminer
http://www.antonyme.org/antonyme/incroyable,incroyable
http://www.antonyme.org/antonyme/incroyablement,incroyablement
http://www.antonyme.org/antonyme/incroyance,incroyance
http://www.antonyme.org/antonyme/incroyant,incroyant
http://www.antonyme.org/antonyme/incroyante,incroyante
http://www.antonyme.org/antonyme/incrustation,incrustation
http://www.antonyme.org/antonyme/incruster,incruster
http://www.antonyme.org/antonyme/incube,incube
http://www.antonyme.org/antonyme/inculpation,inculpation
http://www.antonyme.org/antonyme/inculpations,inculpations
http://www.antonyme.org/antonyme/inculp%C3%A9e,inculpée
http://www.antonyme.org/antonyme/inculper,inculper
http://www.antonyme.org/antonyme/inculquer,inculquer
http://www.antonyme.org/antonyme/inculte,inculte
http://www.antonyme.org/antonyme/incultivable,incultivable
http://www.antonyme.org/antonyme/inculture,inculture
http://www.antonyme.org/antonyme/incurable,incurable
http://www.antonyme.org/antonyme/incurie,incurie
http://www.antonyme.org/antonyme/incuriosit%C3%A9,incuriosité
http://www.antonyme.org/antonyme/incurvation,incurvation
http://www.antonyme.org/antonyme/ind%C3%A9boulonnable,indéboulonnable
http://www.antonyme.org/antonyme/ind%C3%A9cemment,indécemment
http://www.antonyme.org/antonyme/ind%C3%A9cence,indécence
http://www.antonyme.org/antonyme/ind%C3%A9cent,indécent
http://www.antonyme.org/antonyme/ind%C3%A9cente,indécente
http://www.antonyme.org/antonyme/ind%C3%A9chiffrable,indéchiffrable
http://www.antonyme.org/antonyme/ind%C3%A9cidable,indécidable
http://www.antonyme.org/antonyme/ind%C3%A9cis,indécis
http://www.antonyme.org/antonyme/ind%C3%A9cision,indécision
http://www.antonyme.org/antonyme/ind%C3%A9composable,indécomposable
http://www.antonyme.org/antonyme/ind%C3%A9crottable,indécrottable
http://www.antonyme.org/antonyme/ind%C3%A9fectibilit%C3%A9,indéfectibilité
http://www.antonyme.org/antonyme/ind%C3%A9fectible,indéfectible
http://www.antonyme.org/antonyme/ind%C3%A9fendable,indéfendable
http://www.antonyme.org/antonyme/ind%C3%A9fini,indéfini
http://www.antonyme.org/antonyme/ind%C3%A9finissable,indéfinissable
http://www.antonyme.org/antonyme/ind%C3%A9l%C3%A9bile,indélébile
http://www.antonyme.org/antonyme/ind%C3%A9licat,indélicat
http://www.antonyme.org/antonyme/ind%C3%A9licate,indélicate
http://www.antonyme.org/antonyme/ind%C3%A9licatement,indélicatement
http://www.antonyme.org/antonyme/ind%C3%A9licatesse,indélicatesse
http://www.antonyme.org/antonyme/indemne,indemne
http://www.antonyme.org/antonyme/indemnes,indemnes
http://www.antonyme.org/antonyme/indemnit%C3%A9,indemnité
http://www.antonyme.org/antonyme/indemnit%C3%A9s,indemnités
http://www.antonyme.org/antonyme/ind%C3%A9montrable,indémontrable
http://www.antonyme.org/antonyme/ind%C3%A9niable,indéniable
http://www.antonyme.org/antonyme/ind%C3%A9niablement,indéniablement
http://www.antonyme.org/antonyme/ind%C3%A9pendamment,indépendamment
http://www.antonyme.org/antonyme/ind%C3%A9pendance,indépendance
http://www.antonyme.org/antonyme/ind%C3%A9pendant,indépendant
http://www.antonyme.org/antonyme/ind%C3%A9pendante,indépendante
http://www.antonyme.org/antonyme/ind%C3%A9pendantes,indépendantes
http://www.antonyme.org/antonyme/ind%C3%A9pendants,indépendants
http://www.antonyme.org/antonyme/ind%C3%A9racinable,indéracinable
http://www.antonyme.org/antonyme/indescriptible,indescriptible
http://www.antonyme.org/antonyme/ind%C3%A9sirable,indésirable
http://www.antonyme.org/antonyme/indestructibilit%C3%A9,indestructibilité
http://www.antonyme.org/antonyme/indestructible,indestructible
http://www.antonyme.org/antonyme/ind%C3%A9terminable,indéterminable
http://www.antonyme.org/antonyme/ind%C3%A9termination,indétermination
http://www.antonyme.org/antonyme/ind%C3%A9termin%C3%A9,indéterminé
http://www.antonyme.org/antonyme/ind%C3%A9termin%C3%A9e,indéterminée
http://www.antonyme.org/antonyme/ind%C3%A9terminisme,indéterminisme
http://www.antonyme.org/antonyme/ind%C3%A9votion,indévotion
http://www.antonyme.org/antonyme/indicatif,indicatif
http://www.antonyme.org/antonyme/indices,indices
http://www.antonyme.org/antonyme/indicible,indicible
http://www.antonyme.org/antonyme/indiff%C3%A9remment,indifféremment
http://www.antonyme.org/antonyme/indiff%C3%A9rence,indifférence
http://www.antonyme.org/antonyme/indiff%C3%A9rent,indifférent
http://www.antonyme.org/antonyme/indiff%C3%A9rente,indifférente
http://www.antonyme.org/antonyme/indiff%C3%A9rents,indifférents
http://www.antonyme.org/antonyme/indiff%C3%A9rer,indifférer
http://www.antonyme.org/antonyme/indigence,indigence
http://www.antonyme.org/antonyme/indig%C3%A8ne,indigène
http://www.antonyme.org/antonyme/indig%C3%A8nes,indigènes
http://www.antonyme.org/antonyme/indigent,indigent
http://www.antonyme.org/antonyme/indigeste,indigeste
http://www.antonyme.org/antonyme/indigestion,indigestion
http://www.antonyme.org/antonyme/indignation,indignation
http://www.antonyme.org/antonyme/indigne,indigne
http://www.antonyme.org/antonyme/indign%C3%A9,indigné
http://www.antonyme.org/antonyme/indignement,indignement
http://www.antonyme.org/antonyme/indigner,indigner
http://www.antonyme.org/antonyme/indignit%C3%A9,indignité
http://www.antonyme.org/antonyme/indiquait,indiquait
http://www.antonyme.org/antonyme/indique,indique
http://www.antonyme.org/antonyme/indiqu%C3%A9,indiqué
http://www.antonyme.org/antonyme/indiqu%C3%A9e,indiquée
http://www.antonyme.org/antonyme/indiquer,indiquer
http://www.antonyme.org/antonyme/indirect,indirect
http://www.antonyme.org/antonyme/indirecte,indirecte
http://www.antonyme.org/antonyme/indirectement,indirectement
http://www.antonyme.org/antonyme/indirects,indirects
http://www.antonyme.org/antonyme/indiscernable,indiscernable
http://www.antonyme.org/antonyme/indisciplinable,indisciplinable
http://www.antonyme.org/antonyme/indiscipline,indiscipline
http://www.antonyme.org/antonyme/indisciplin%C3%A9,indiscipliné
http://www.antonyme.org/antonyme/indiscret,indiscret
http://www.antonyme.org/antonyme/indiscr%C3%A8tement,indiscrètement
http://www.antonyme.org/antonyme/indiscr%C3%A9tion,indiscrétion
http://www.antonyme.org/antonyme/indiscutable,indiscutable
http://www.antonyme.org/antonyme/indispensable,indispensable
http://www.antonyme.org/antonyme/indispensables,indispensables
http://www.antonyme.org/antonyme/indispos%C3%A9,indisposé
http://www.antonyme.org/antonyme/indisposer,indisposer
http://www.antonyme.org/antonyme/indisposition,indisposition
http://www.antonyme.org/antonyme/indissociable,indissociable
http://www.antonyme.org/antonyme/indissoluble,indissoluble
http://www.antonyme.org/antonyme/indistinct,indistinct
http://www.antonyme.org/antonyme/indistinctement,indistinctement
http://www.antonyme.org/antonyme/individu,individu
http://www.antonyme.org/antonyme/individualisation,individualisation
http://www.antonyme.org/antonyme/individualiser,individualiser
http://www.antonyme.org/antonyme/individualisme,individualisme
http://www.antonyme.org/antonyme/individualiste,individualiste
http://www.antonyme.org/antonyme/individualistes,individualistes
http://www.antonyme.org/antonyme/individuel,individuel
http://www.antonyme.org/antonyme/individuelle,individuelle
http://www.antonyme.org/antonyme/individuellement,individuellement
http://www.antonyme.org/antonyme/individuelles,individuelles
http://www.antonyme.org/antonyme/individuels,individuels
http://www.antonyme.org/antonyme/individus,individus
http://www.antonyme.org/antonyme/indivis,indivis
http://www.antonyme.org/antonyme/indivisibilit%C3%A9,indivisibilité
http://www.antonyme.org/antonyme/indivisible,indivisible
http://www.antonyme.org/antonyme/indivision,indivision
http://www.antonyme.org/antonyme/indocile,indocile
http://www.antonyme.org/antonyme/indocilit%C3%A9,indocilité
http://www.antonyme.org/antonyme/indolemment,indolemment
http://www.antonyme.org/antonyme/indolence,indolence
http://www.antonyme.org/antonyme/indolent,indolent
http://www.antonyme.org/antonyme/indolente,indolente
http://www.antonyme.org/antonyme/indolore,indolore
http://www.antonyme.org/antonyme/indomptable,indomptable
http://www.antonyme.org/antonyme/indompt%C3%A9,indompté
http://www.antonyme.org/antonyme/indu,indu
http://www.antonyme.org/antonyme/indubitable,indubitable
http://www.antonyme.org/antonyme/indubitablement,indubitablement
http://www.antonyme.org/antonyme/inductif,inductif
http://www.antonyme.org/antonyme/induction,induction
http://www.antonyme.org/antonyme/induire,induire
http://www.antonyme.org/antonyme/induit,induit
http://www.antonyme.org/antonyme/indulgence,indulgence
http://www.antonyme.org/antonyme/indulgent,indulgent
http://www.antonyme.org/antonyme/indulgente,indulgente
http://www.antonyme.org/antonyme/indulgents,indulgents
http://www.antonyme.org/antonyme/industrie,industrie
http://www.antonyme.org/antonyme/industriel,industriel
http://www.antonyme.org/antonyme/industrielle,industrielle
http://www.antonyme.org/antonyme/industrielles,industrielles
http://www.antonyme.org/antonyme/industriels,industriels
http://www.antonyme.org/antonyme/industries,industries
http://www.antonyme.org/antonyme/industrieuse,industrieuse
http://www.antonyme.org/antonyme/in%C3%A9branlable,inébranlable
http://www.antonyme.org/antonyme/in%C3%A9branlablement,inébranlablement
http://www.antonyme.org/antonyme/in%C3%A9changeable,inéchangeable
http://www.antonyme.org/antonyme/in%C3%A9clair%C3%A9,inéclairé
http://www.antonyme.org/antonyme/in%C3%A9dit,inédit
http://www.antonyme.org/antonyme/in%C3%A9dite,inédite
http://www.antonyme.org/antonyme/in%C3%A9dits,inédits
http://www.antonyme.org/antonyme/ineffa%C3%A7able,ineffaçable
http://www.antonyme.org/antonyme/inefficace,inefficace
http://www.antonyme.org/antonyme/inefficacement,inefficacement
http://www.antonyme.org/antonyme/inefficacit%C3%A9,inefficacité
http://www.antonyme.org/antonyme/in%C3%A9gal,inégal
http://www.antonyme.org/antonyme/in%C3%A9galable,inégalable
http://www.antonyme.org/antonyme/in%C3%A9galement,inégalement
http://www.antonyme.org/antonyme/in%C3%A9galit%C3%A9,inégalité
http://www.antonyme.org/antonyme/in%C3%A9galit%C3%A9s,inégalités
http://www.antonyme.org/antonyme/in%C3%A9lastique,inélastique
http://www.antonyme.org/antonyme/in%C3%A9l%C3%A9gance,inélégance
http://www.antonyme.org/antonyme/in%C3%A9l%C3%A9gant,inélégant
http://www.antonyme.org/antonyme/in%C3%A9luctable,inéluctable
http://www.antonyme.org/antonyme/in%C3%A9luctablement,inéluctablement
http://www.antonyme.org/antonyme/in%C3%A9motivit%C3%A9,inémotivité
http://www.antonyme.org/antonyme/inemployable,inemployable
http://www.antonyme.org/antonyme/inemploy%C3%A9,inemployé
http://www.antonyme.org/antonyme/inentam%C3%A9,inentamé
http://www.antonyme.org/antonyme/inenvisageable,inenvisageable
http://www.antonyme.org/antonyme/in%C3%A9prouv%C3%A9,inéprouvé
http://www.antonyme.org/antonyme/inepte,inepte
http://www.antonyme.org/antonyme/ineptie,ineptie
http://www.antonyme.org/antonyme/in%C3%A9puisable,inépuisable
http://www.antonyme.org/antonyme/in%C3%A9puis%C3%A9,inépuisé
http://www.antonyme.org/antonyme/in%C3%A9quitable,inéquitable
http://www.antonyme.org/antonyme/inerte,inerte
http://www.antonyme.org/antonyme/inertie,inertie
http://www.antonyme.org/antonyme/inesp%C3%A9r%C3%A9,inespéré
http://www.antonyme.org/antonyme/inestimable,inestimable
http://www.antonyme.org/antonyme/in%C3%A9vitable,inévitable
http://www.antonyme.org/antonyme/in%C3%A9vitablement,inévitablement
http://www.antonyme.org/antonyme/in%C3%A9vitables,inévitables
http://www.antonyme.org/antonyme/inexact,inexact
http://www.antonyme.org/antonyme/inexacte,inexacte
http://www.antonyme.org/antonyme/inexactement,inexactement
http://www.antonyme.org/antonyme/inexactitude,inexactitude
http://www.antonyme.org/antonyme/inexcusable,inexcusable
http://www.antonyme.org/antonyme/inex%C3%A9cutable,inexécutable
http://www.antonyme.org/antonyme/inex%C3%A9cution,inexécution
http://www.antonyme.org/antonyme/inexerc%C3%A9,inexercé
http://www.antonyme.org/antonyme/inexigible,inexigible
http://www.antonyme.org/antonyme/inexistant,inexistant
http://www.antonyme.org/antonyme/inexistante,inexistante
http://www.antonyme.org/antonyme/inexistence,inexistence
http://www.antonyme.org/antonyme/inexorable,inexorable
http://www.antonyme.org/antonyme/inexp%C3%A9rience,inexpérience
http://www.antonyme.org/antonyme/inexp%C3%A9riment%C3%A9,inexpérimenté
http://www.antonyme.org/antonyme/inexp%C3%A9riment%C3%A9e,inexpérimentée
http://www.antonyme.org/antonyme/inexp%C3%A9riment%C3%A9s,inexpérimentés
http://www.antonyme.org/antonyme/inexpert,inexpert
http://www.antonyme.org/antonyme/inexpiable,inexpiable
http://www.antonyme.org/antonyme/inexplicable,inexplicable
http://www.antonyme.org/antonyme/inexpliqu%C3%A9,inexpliqué
http://www.antonyme.org/antonyme/inexploitable,inexploitable
http://www.antonyme.org/antonyme/inexplor%C3%A9,inexploré
http://www.antonyme.org/antonyme/inexplor%C3%A9e,inexplorée
http://www.antonyme.org/antonyme/inexpressif,inexpressif
http://www.antonyme.org/antonyme/inexprimable,inexprimable
http://www.antonyme.org/antonyme/inexprim%C3%A9,inexprimé
http://www.antonyme.org/antonyme/inextensible,inextensible
http://www.antonyme.org/antonyme/inextirpable,inextirpable
http://www.antonyme.org/antonyme/inextricable,inextricable
http://www.antonyme.org/antonyme/infaillibilit%C3%A9,infaillibilité
http://www.antonyme.org/antonyme/infaillible,infaillible
http://www.antonyme.org/antonyme/infaisable,infaisable
http://www.antonyme.org/antonyme/infamant,infamant
http://www.antonyme.org/antonyme/infamante,infamante
http://www.antonyme.org/antonyme/inf%C3%A2me,infâme
http://www.antonyme.org/antonyme/infamie,infamie
http://www.antonyme.org/antonyme/infanterie,infanterie
http://www.antonyme.org/antonyme/infantile,infantile
http://www.antonyme.org/antonyme/infatigable,infatigable
http://www.antonyme.org/antonyme/infatigablement,infatigablement
http://www.antonyme.org/antonyme/infatu%C3%A9,infatué
http://www.antonyme.org/antonyme/infatu%C3%A9e,infatuée
http://www.antonyme.org/antonyme/inf%C3%A9cond,infécond
http://www.antonyme.org/antonyme/inf%C3%A9condit%C3%A9,infécondité
http://www.antonyme.org/antonyme/infect,infect
http://www.antonyme.org/antonyme/infecte,infecte
http://www.antonyme.org/antonyme/infecter,infecter
http://www.antonyme.org/antonyme/infection,infection
http://www.antonyme.org/antonyme/inf%C3%A9licit%C3%A9,infélicité
http://www.antonyme.org/antonyme/inf%C3%A9rieur,inférieur
http://www.antonyme.org/antonyme/inf%C3%A9rieure,inférieure
http://www.antonyme.org/antonyme/inf%C3%A9rieurement,inférieurement
http://www.antonyme.org/antonyme/inf%C3%A9rieures,inférieures
http://www.antonyme.org/antonyme/inf%C3%A9rieurs,inférieurs
http://www.antonyme.org/antonyme/inf%C3%A9rioriser,inférioriser
http://www.antonyme.org/antonyme/inf%C3%A9riorit%C3%A9,infériorité
http://www.antonyme.org/antonyme/infernal,infernal
http://www.antonyme.org/antonyme/infernale,infernale
http://www.antonyme.org/antonyme/infertile,infertile
http://www.antonyme.org/antonyme/infertilit%C3%A9,infertilité
http://www.antonyme.org/antonyme/infestation,infestation
http://www.antonyme.org/antonyme/infichu,infichu
http://www.antonyme.org/antonyme/infid%C3%A8le,infidèle
http://www.antonyme.org/antonyme/infid%C3%A8lement,infidèlement
http://www.antonyme.org/antonyme/infid%C3%A9lit%C3%A9,infidélité
http://www.antonyme.org/antonyme/infime,infime
http://www.antonyme.org/antonyme/infini,infini
http://www.antonyme.org/antonyme/infinie,infinie
http://www.antonyme.org/antonyme/infiniment,infiniment
http://www.antonyme.org/antonyme/infinit%C3%A9simal,infinitésimal
http://www.antonyme.org/antonyme/infirmation,infirmation
http://www.antonyme.org/antonyme/infirme,infirme
http://www.antonyme.org/antonyme/infirm%C3%A9,infirmé
http://www.antonyme.org/antonyme/infirmer,infirmer
http://www.antonyme.org/antonyme/infirmi%C3%A8re,infirmière
http://www.antonyme.org/antonyme/infirmi%C3%A8res,infirmières
http://www.antonyme.org/antonyme/infirmit%C3%A9,infirmité
http://www.antonyme.org/antonyme/inflammable,inflammable
http://www.antonyme.org/antonyme/inflation,inflation
http://www.antonyme.org/antonyme/infl%C3%A9chi,infléchi
http://www.antonyme.org/antonyme/infl%C3%A9chies,infléchies
http://www.antonyme.org/antonyme/infl%C3%A9chissement,infléchissement
http://www.antonyme.org/antonyme/inflexibilit%C3%A9,inflexibilité
http://www.antonyme.org/antonyme/inflexible,inflexible
http://www.antonyme.org/antonyme/inflig%C3%A9,infligé
http://www.antonyme.org/antonyme/influen%C3%A7able,influençable
http://www.antonyme.org/antonyme/influence,influence
http://www.antonyme.org/antonyme/influenc%C3%A9,influencé
http://www.antonyme.org/antonyme/influences,influences
http://www.antonyme.org/antonyme/infond%C3%A9,infondé
http://www.antonyme.org/antonyme/information,information
http://www.antonyme.org/antonyme/informe,informe
http://www.antonyme.org/antonyme/inform%C3%A9,informé
http://www.antonyme.org/antonyme/inform%C3%A9e,informée
http://www.antonyme.org/antonyme/inform%C3%A9es,informées
http://www.antonyme.org/antonyme/informel,informel
http://www.antonyme.org/antonyme/informelle,informelle
http://www.antonyme.org/antonyme/informer,informer
http://www.antonyme.org/antonyme/inform%C3%A9s,informés
http://www.antonyme.org/antonyme/informul%C3%A9,informulé
http://www.antonyme.org/antonyme/infortune,infortune
http://www.antonyme.org/antonyme/infortun%C3%A9,infortuné
http://www.antonyme.org/antonyme/infortun%C3%A9e,infortunée
http://www.antonyme.org/antonyme/infoutu,infoutu
http://www.antonyme.org/antonyme/infra,infra
http://www.antonyme.org/antonyme/infraction,infraction
http://www.antonyme.org/antonyme/infractions,infractions
http://www.antonyme.org/antonyme/infrastructure,infrastructure
http://www.antonyme.org/antonyme/infrastructures,infrastructures
http://www.antonyme.org/antonyme/infr%C3%A9quent%C3%A9,infréquenté
http://www.antonyme.org/antonyme/infructueusement,infructueusement
http://www.antonyme.org/antonyme/infructueux,infructueux
http://www.antonyme.org/antonyme/infumable,infumable
http://www.antonyme.org/antonyme/infus,infus
http://www.antonyme.org/antonyme/infusible,infusible
http://www.antonyme.org/antonyme/ingagnable,ingagnable
http://www.antonyme.org/antonyme/ingambe,ingambe
http://www.antonyme.org/antonyme/ing%C3%A9nieur,ingénieur
http://www.antonyme.org/antonyme/ing%C3%A9nieurs,ingénieurs
http://www.antonyme.org/antonyme/ing%C3%A9nieux,ingénieux
http://www.antonyme.org/antonyme/ing%C3%A9niosit%C3%A9,ingéniosité
http://www.antonyme.org/antonyme/ing%C3%A9nu,ingénu
http://www.antonyme.org/antonyme/ing%C3%A9nue,ingénue
http://www.antonyme.org/antonyme/ing%C3%A9nues,ingénues
http://www.antonyme.org/antonyme/ing%C3%A9nuit%C3%A9,ingénuité
http://www.antonyme.org/antonyme/ing%C3%A9nument,ingénument
http://www.antonyme.org/antonyme/ing%C3%A9rable,ingérable
http://www.antonyme.org/antonyme/ing%C3%A9rence,ingérence
http://www.antonyme.org/antonyme/ing%C3%A9rer,ingérer
http://www.antonyme.org/antonyme/ingouvernable,ingouvernable
http://www.antonyme.org/antonyme/ingrat,ingrat
http://www.antonyme.org/antonyme/ingrate,ingrate
http://www.antonyme.org/antonyme/ingratitude,ingratitude
http://www.antonyme.org/antonyme/ingu%C3%A9rissable,inguérissable
http://www.antonyme.org/antonyme/ingurgiter,ingurgiter
http://www.antonyme.org/antonyme/inhabile,inhabile
http://www.antonyme.org/antonyme/inhabilet%C3%A9,inhabileté
http://www.antonyme.org/antonyme/inhabit%C3%A9,inhabité
http://www.antonyme.org/antonyme/inhabit%C3%A9e,inhabitée
http://www.antonyme.org/antonyme/inhabituel,inhabituel
http://www.antonyme.org/antonyme/inhabituelle,inhabituelle
http://www.antonyme.org/antonyme/inhabituels,inhabituels
http://www.antonyme.org/antonyme/inhalation,inhalation
http://www.antonyme.org/antonyme/inhaler,inhaler
http://www.antonyme.org/antonyme/inharmonieux,inharmonieux
http://www.antonyme.org/antonyme/inh%C3%A9rent,inhérent
http://www.antonyme.org/antonyme/inhibant,inhibant
http://www.antonyme.org/antonyme/inhibition,inhibition
http://www.antonyme.org/antonyme/inhospitalier,inhospitalier
http://www.antonyme.org/antonyme/inhospitali%C3%A8re,inhospitalière
http://www.antonyme.org/antonyme/inhumain,inhumain
http://www.antonyme.org/antonyme/inhumaine,inhumaine
http://www.antonyme.org/antonyme/inhumainement,inhumainement
http://www.antonyme.org/antonyme/inhumanit%C3%A9,inhumanité
http://www.antonyme.org/antonyme/inhumation,inhumation
http://www.antonyme.org/antonyme/inhumer,inhumer
http://www.antonyme.org/antonyme/inimaginable,inimaginable
http://www.antonyme.org/antonyme/inimiti%C3%A9,inimitié
http://www.antonyme.org/antonyme/ininflammable,ininflammable
http://www.antonyme.org/antonyme/inintelligence,inintelligence
http://www.antonyme.org/antonyme/inintelligent,inintelligent
http://www.antonyme.org/antonyme/inintelligibilit%C3%A9,inintelligibilité
http://www.antonyme.org/antonyme/inintelligible,inintelligible
http://www.antonyme.org/antonyme/inint%C3%A9ressant,inintéressant
http://www.antonyme.org/antonyme/inint%C3%A9ressante,inintéressante
http://www.antonyme.org/antonyme/ininterrompu,ininterrompu
http://www.antonyme.org/antonyme/ininterrompue,ininterrompue
http://www.antonyme.org/antonyme/inique,inique
http://www.antonyme.org/antonyme/iniquement,iniquement
http://www.antonyme.org/antonyme/iniquit%C3%A9,iniquité
http://www.antonyme.org/antonyme/initial,initial
http://www.antonyme.org/antonyme/initiale,initiale
http://www.antonyme.org/antonyme/initialement,initialement
http://www.antonyme.org/antonyme/initiales,initiales
http://www.antonyme.org/antonyme/initialiser,initialiser
http://www.antonyme.org/antonyme/initiateur,initiateur
http://www.antonyme.org/antonyme/initiation,initiation
http://www.antonyme.org/antonyme/initiative,initiative
http://www.antonyme.org/antonyme/initiatives,initiatives
http://www.antonyme.org/antonyme/initi%C3%A9,initié
http://www.antonyme.org/antonyme/initier,initier
http://www.antonyme.org/antonyme/initi%C3%A9s,initiés
http://www.antonyme.org/antonyme/injecter,injecter
http://www.antonyme.org/antonyme/injoignable,injoignable
http://www.antonyme.org/antonyme/injonctif,injonctif
http://www.antonyme.org/antonyme/injonction,injonction
http://www.antonyme.org/antonyme/injouable,injouable
http://www.antonyme.org/antonyme/injure,injure
http://www.antonyme.org/antonyme/injures,injures
http://www.antonyme.org/antonyme/injurier,injurier
http://www.antonyme.org/antonyme/injurieusement,injurieusement
http://www.antonyme.org/antonyme/injurieux,injurieux
http://www.antonyme.org/antonyme/injuste,injuste
http://www.antonyme.org/antonyme/injustement,injustement
http://www.antonyme.org/antonyme/injustice,injustice
http://www.antonyme.org/antonyme/injustices,injustices
http://www.antonyme.org/antonyme/injustifiable,injustifiable
http://www.antonyme.org/antonyme/injustifi%C3%A9,injustifié
http://www.antonyme.org/antonyme/inlassable,inlassable
http://www.antonyme.org/antonyme/inn%C3%A9,inné
http://www.antonyme.org/antonyme/inn%C3%A9e,innée
http://www.antonyme.org/antonyme/innocemment,innocemment
http://www.antonyme.org/antonyme/innocence,innocence
http://www.antonyme.org/antonyme/innocent,innocent
http://www.antonyme.org/antonyme/innocente,innocente
http://www.antonyme.org/antonyme/innocent%C3%A9,innocenté
http://www.antonyme.org/antonyme/innocenter,innocenter
http://www.antonyme.org/antonyme/innocuit%C3%A9,innocuité
http://www.antonyme.org/antonyme/innombrable,innombrable
http://www.antonyme.org/antonyme/innombrables,innombrables
http://www.antonyme.org/antonyme/innommable,innommable
http://www.antonyme.org/antonyme/innovant,innovant
http://www.antonyme.org/antonyme/innovante,innovante
http://www.antonyme.org/antonyme/innovants,innovants
http://www.antonyme.org/antonyme/innovateur,innovateur
http://www.antonyme.org/antonyme/innovation,innovation
http://www.antonyme.org/antonyme/innovations,innovations
http://www.antonyme.org/antonyme/innovatrice,innovatrice
http://www.antonyme.org/antonyme/inobservable,inobservable
http://www.antonyme.org/antonyme/inobservation,inobservation
http://www.antonyme.org/antonyme/inoccupation,inoccupation
http://www.antonyme.org/antonyme/inoccup%C3%A9,inoccupé
http://www.antonyme.org/antonyme/inoccup%C3%A9e,inoccupée
http://www.antonyme.org/antonyme/inoculation,inoculation
http://www.antonyme.org/antonyme/inodore,inodore
http://www.antonyme.org/antonyme/inoffensif,inoffensif
http://www.antonyme.org/antonyme/inoffensive,inoffensive
http://www.antonyme.org/antonyme/inondation,inondation
http://www.antonyme.org/antonyme/inondations,inondations
http://www.antonyme.org/antonyme/inonder,inonder
http://www.antonyme.org/antonyme/inop%C3%A9rant,inopérant
http://www.antonyme.org/antonyme/inopin%C3%A9,inopiné
http://www.antonyme.org/antonyme/inopin%C3%A9e,inopinée
http://www.antonyme.org/antonyme/inopportun,inopportun
http://www.antonyme.org/antonyme/inopportun%C3%A9ment,inopportunément
http://www.antonyme.org/antonyme/inorganique,inorganique
http://www.antonyme.org/antonyme/inoubliable,inoubliable
http://www.antonyme.org/antonyme/inou%C3%AF,inouï
http://www.antonyme.org/antonyme/inou%C3%AFe,inouïe
http://www.antonyme.org/antonyme/inou%C3%AFs,inouïs
http://www.antonyme.org/antonyme/inoxydable,inoxydable
http://www.antonyme.org/antonyme/inqualifiable,inqualifiable
http://www.antonyme.org/antonyme/inquiet,inquiet
http://www.antonyme.org/antonyme/inqui%C3%A9tant,inquiétant
http://www.antonyme.org/antonyme/inqui%C3%A9tante,inquiétante
http://www.antonyme.org/antonyme/inqui%C3%A9tantes,inquiétantes
http://www.antonyme.org/antonyme/inqui%C3%A9tants,inquiétants
http://www.antonyme.org/antonyme/inqui%C3%A9t%C3%A9,inquiété
http://www.antonyme.org/antonyme/inqui%C3%A8te,inquiète
http://www.antonyme.org/antonyme/inqui%C3%A9ter,inquiéter
http://www.antonyme.org/antonyme/inqui%C3%A9t%C3%A9s,inquiétés
http://www.antonyme.org/antonyme/inquiets,inquiets
http://www.antonyme.org/antonyme/inqui%C3%A9tude,inquiétude
http://www.antonyme.org/antonyme/inqui%C3%A9tudes,inquiétudes
http://www.antonyme.org/antonyme/inquisiteur,inquisiteur
http://www.antonyme.org/antonyme/inquisitorial,inquisitorial
http://www.antonyme.org/antonyme/inquisitoriale,inquisitoriale
http://www.antonyme.org/antonyme/insaisissable,insaisissable
http://www.antonyme.org/antonyme/insalubre,insalubre
http://www.antonyme.org/antonyme/insalubres,insalubres
http://www.antonyme.org/antonyme/insalubrit%C3%A9,insalubrité
http://www.antonyme.org/antonyme/insane,insane
http://www.antonyme.org/antonyme/insanit%C3%A9,insanité
http://www.antonyme.org/antonyme/insatiabilit%C3%A9,insatiabilité
http://www.antonyme.org/antonyme/insatiable,insatiable
http://www.antonyme.org/antonyme/insatiables,insatiables
http://www.antonyme.org/antonyme/insatisfaction,insatisfaction
http://www.antonyme.org/antonyme/insatisfaisant,insatisfaisant
http://www.antonyme.org/antonyme/insatisfait,insatisfait
http://www.antonyme.org/antonyme/insatisfaite,insatisfaite
http://www.antonyme.org/antonyme/inscience,inscience
http://www.antonyme.org/antonyme/inscription,inscription
http://www.antonyme.org/antonyme/inscriptions,inscriptions
http://www.antonyme.org/antonyme/inscrire,inscrire
http://www.antonyme.org/antonyme/inscrit,inscrit
http://www.antonyme.org/antonyme/inscrites,inscrites
http://www.antonyme.org/antonyme/ins%C3%A9cable,insécable
http://www.antonyme.org/antonyme/ins%C3%A9curit%C3%A9,insécurité
http://www.antonyme.org/antonyme/insens%C3%A9,insensé
http://www.antonyme.org/antonyme/insensibilisation,insensibilisation
http://www.antonyme.org/antonyme/insensibilit%C3%A9,insensibilité
http://www.antonyme.org/antonyme/insensible,insensible
http://www.antonyme.org/antonyme/insensiblement,insensiblement
http://www.antonyme.org/antonyme/insensibles,insensibles
http://www.antonyme.org/antonyme/ins%C3%A9parable,inséparable
http://www.antonyme.org/antonyme/ins%C3%A9r%C3%A9,inséré
http://www.antonyme.org/antonyme/ins%C3%A9rer,insérer
http://www.antonyme.org/antonyme/inserment%C3%A9,insermenté
http://www.antonyme.org/antonyme/insertion,insertion
http://www.antonyme.org/antonyme/insidieuse,insidieuse
http://www.antonyme.org/antonyme/insidieusement,insidieusement
http://www.antonyme.org/antonyme/insidieux,insidieux
http://www.antonyme.org/antonyme/insigne,insigne
http://www.antonyme.org/antonyme/insignifiance,insignifiance
http://www.antonyme.org/antonyme/insignifiant,insignifiant
http://www.antonyme.org/antonyme/insignifiante,insignifiante
http://www.antonyme.org/antonyme/insinc%C3%A8re,insincère
http://www.antonyme.org/antonyme/insinuant,insinuant
http://www.antonyme.org/antonyme/insinuer,insinuer
http://www.antonyme.org/antonyme/insipide,insipide
http://www.antonyme.org/antonyme/insipidit%C3%A9,insipidité
http://www.antonyme.org/antonyme/insistance,insistance
http://www.antonyme.org/antonyme/insistant,insistant
http://www.antonyme.org/antonyme/insiste,insiste
http://www.antonyme.org/antonyme/insist%C3%A9,insisté
http://www.antonyme.org/antonyme/insistent,insistent
http://www.antonyme.org/antonyme/insister,insister
http://www.antonyme.org/antonyme/insociabilit%C3%A9,insociabilité
http://www.antonyme.org/antonyme/insociable,insociable
http://www.antonyme.org/antonyme/insoignable,insoignable
http://www.antonyme.org/antonyme/insolemment,insolemment
http://www.antonyme.org/antonyme/insolence,insolence
http://www.antonyme.org/antonyme/insolent,insolent
http://www.antonyme.org/antonyme/insolente,insolente
http://www.antonyme.org/antonyme/insolite,insolite
http://www.antonyme.org/antonyme/insolubilit%C3%A9,insolubilité
http://www.antonyme.org/antonyme/insoluble,insoluble
http://www.antonyme.org/antonyme/insolvabilit%C3%A9,insolvabilité
http://www.antonyme.org/antonyme/insomnie,insomnie
http://www.antonyme.org/antonyme/insondable,insondable
http://www.antonyme.org/antonyme/insouciance,insouciance
http://www.antonyme.org/antonyme/insouciant,insouciant
http://www.antonyme.org/antonyme/insouciante,insouciante
http://www.antonyme.org/antonyme/insoucieuse,insoucieuse
http://www.antonyme.org/antonyme/insoucieux,insoucieux
http://www.antonyme.org/antonyme/insoumis,insoumis
http://www.antonyme.org/antonyme/insoumission,insoumission
http://www.antonyme.org/antonyme/insoup%C3%A7onnable,insoupçonnable
http://www.antonyme.org/antonyme/insoup%C3%A7onn%C3%A9,insoupçonné
http://www.antonyme.org/antonyme/insoutenable,insoutenable
http://www.antonyme.org/antonyme/inspiration,inspiration
http://www.antonyme.org/antonyme/inspire,inspire
http://www.antonyme.org/antonyme/inspir%C3%A9,inspiré
http://www.antonyme.org/antonyme/inspir%C3%A9e,inspirée
http://www.antonyme.org/antonyme/inspir%C3%A9es,inspirées
http://www.antonyme.org/antonyme/inspirer,inspirer
http://www.antonyme.org/antonyme/inspir%C3%A9s,inspirés
http://www.antonyme.org/antonyme/instabilit%C3%A9,instabilité
http://www.antonyme.org/antonyme/instable,instable
http://www.antonyme.org/antonyme/installation,installation
http://www.antonyme.org/antonyme/installations,installations
http://www.antonyme.org/antonyme/installer,installer
http://www.antonyme.org/antonyme/instant,instant
http://www.antonyme.org/antonyme/instantan%C3%A9,instantané
http://www.antonyme.org/antonyme/instantan%C3%A9ment,instantanément
http://www.antonyme.org/antonyme/instants,instants
http://www.antonyme.org/antonyme/instaur%C3%A9,instauré
http://www.antonyme.org/antonyme/instaurer,instaurer
http://www.antonyme.org/antonyme/instiguer,instiguer
http://www.antonyme.org/antonyme/instinct,instinct
http://www.antonyme.org/antonyme/instinctif,instinctif
http://www.antonyme.org/antonyme/instinctivement,instinctivement
http://www.antonyme.org/antonyme/institu%C3%A9,institué
http://www.antonyme.org/antonyme/instituer,instituer
http://www.antonyme.org/antonyme/instituteur,instituteur
http://www.antonyme.org/antonyme/instituteurs,instituteurs
http://www.antonyme.org/antonyme/institution,institution
http://www.antonyme.org/antonyme/institutionnaliser,institutionnaliser
http://www.antonyme.org/antonyme/institutionnel,institutionnel
http://www.antonyme.org/antonyme/institutionnelle,institutionnelle
http://www.antonyme.org/antonyme/institutionnelles,institutionnelles
http://www.antonyme.org/antonyme/institutionnels,institutionnels
http://www.antonyme.org/antonyme/institutions,institutions
http://www.antonyme.org/antonyme/institutrice,institutrice
http://www.antonyme.org/antonyme/instructeur,instructeur
http://www.antonyme.org/antonyme/instructif,instructif
http://www.antonyme.org/antonyme/instruire,instruire
http://www.antonyme.org/antonyme/instruit,instruit
http://www.antonyme.org/antonyme/insu+,insu
http://www.antonyme.org/antonyme/insubordination,insubordination
http://www.antonyme.org/antonyme/insubordonn%C3%A9,insubordonné
http://www.antonyme.org/antonyme/insucc%C3%A8s,insuccès
http://www.antonyme.org/antonyme/insuffisamment,insuffisamment
http://www.antonyme.org/antonyme/insuffisance,insuffisance
http://www.antonyme.org/antonyme/insuffisances,insuffisances
http://www.antonyme.org/antonyme/insuffisant,insuffisant
http://www.antonyme.org/antonyme/insuffisante,insuffisante
http://www.antonyme.org/antonyme/insuffisantes,insuffisantes
http://www.antonyme.org/antonyme/insuffisants,insuffisants
http://www.antonyme.org/antonyme/insulaire,insulaire
http://www.antonyme.org/antonyme/insultant,insultant
http://www.antonyme.org/antonyme/insulte,insulte
http://www.antonyme.org/antonyme/insulter,insulter
http://www.antonyme.org/antonyme/insulteur,insulteur
http://www.antonyme.org/antonyme/insupportable,insupportable
http://www.antonyme.org/antonyme/insupportables,insupportables
http://www.antonyme.org/antonyme/insurg%C3%A9,insurgé
http://www.antonyme.org/antonyme/insurg%C3%A9e,insurgée
http://www.antonyme.org/antonyme/insurg%C3%A9s,insurgés
http://www.antonyme.org/antonyme/insurmontable,insurmontable
http://www.antonyme.org/antonyme/insurpassable,insurpassable
http://www.antonyme.org/antonyme/insurrection,insurrection
http://www.antonyme.org/antonyme/intact,intact
http://www.antonyme.org/antonyme/intacte,intacte
http://www.antonyme.org/antonyme/intactile,intactile
http://www.antonyme.org/antonyme/intangible,intangible
http://www.antonyme.org/antonyme/intarissable,intarissable
http://www.antonyme.org/antonyme/int%C3%A9gral,intégral
http://www.antonyme.org/antonyme/int%C3%A9grale,intégrale
http://www.antonyme.org/antonyme/int%C3%A9gralement,intégralement
http://www.antonyme.org/antonyme/int%C3%A9gralit%C3%A9,intégralité
http://www.antonyme.org/antonyme/int%C3%A9gration,intégration
http://www.antonyme.org/antonyme/int%C3%A9gr%C3%A9,intégré
http://www.antonyme.org/antonyme/int%C3%A8gre,intègre
http://www.antonyme.org/antonyme/int%C3%A9gr%C3%A9e,intégrée
http://www.antonyme.org/antonyme/int%C3%A9gr%C3%A9s,intégrés
http://www.antonyme.org/antonyme/int%C3%A9grisme,intégrisme
http://www.antonyme.org/antonyme/int%C3%A9grismes,intégrismes
http://www.antonyme.org/antonyme/int%C3%A9griste,intégriste
http://www.antonyme.org/antonyme/int%C3%A9gristes,intégristes
http://www.antonyme.org/antonyme/int%C3%A9grit%C3%A9,intégrité
http://www.antonyme.org/antonyme/intellect,intellect
http://www.antonyme.org/antonyme/intellectuel,intellectuel
http://www.antonyme.org/antonyme/intellectuelle,intellectuelle
http://www.antonyme.org/antonyme/intellectuellement,intellectuellement
http://www.antonyme.org/antonyme/intellectuelles,intellectuelles
http://www.antonyme.org/antonyme/intellectuels,intellectuels
http://www.antonyme.org/antonyme/intelligemment,intelligemment
http://www.antonyme.org/antonyme/intelligence,intelligence
http://www.antonyme.org/antonyme/intelligent,intelligent
http://www.antonyme.org/antonyme/intelligente,intelligente
http://www.antonyme.org/antonyme/intelligibilit%C3%A9,intelligibilité
http://www.antonyme.org/antonyme/intelligible,intelligible
http://www.antonyme.org/antonyme/intelligiblement,intelligiblement
http://www.antonyme.org/antonyme/intello,intello
http://www.antonyme.org/antonyme/intemp%C3%A9rance,intempérance
http://www.antonyme.org/antonyme/intemp%C3%A9rant,intempérant
http://www.antonyme.org/antonyme/intempestif,intempestif
http://www.antonyme.org/antonyme/intempestivement,intempestivement
http://www.antonyme.org/antonyme/intenable,intenable
http://www.antonyme.org/antonyme/intense,intense
http://www.antonyme.org/antonyme/intens%C3%A9ment,intensément
http://www.antonyme.org/antonyme/intenses,intenses
http://www.antonyme.org/antonyme/intensif,intensif
http://www.antonyme.org/antonyme/intensification,intensification
http://www.antonyme.org/antonyme/intensifier,intensifier
http://www.antonyme.org/antonyme/intension,intension
http://www.antonyme.org/antonyme/intensive,intensive
http://www.antonyme.org/antonyme/intensivement,intensivement
http://www.antonyme.org/antonyme/intention,intention
http://www.antonyme.org/antonyme/intentionnel,intentionnel
http://www.antonyme.org/antonyme/intentionnellement,intentionnellement
http://www.antonyme.org/antonyme/intentions,intentions
http://www.antonyme.org/antonyme/interaction,interaction
http://www.antonyme.org/antonyme/intercaler,intercaler
http://www.antonyme.org/antonyme/intercepter,intercepter
http://www.antonyme.org/antonyme/intercesseur,intercesseur
http://www.antonyme.org/antonyme/interchangeable,interchangeable
http://www.antonyme.org/antonyme/interd%C3%A9pendance,interdépendance
http://www.antonyme.org/antonyme/interd%C3%A9pendant,interdépendant
http://www.antonyme.org/antonyme/interdiction,interdiction
http://www.antonyme.org/antonyme/interdire,interdire
http://www.antonyme.org/antonyme/interdisant,interdisant
http://www.antonyme.org/antonyme/interdisent,interdisent
http://www.antonyme.org/antonyme/interdit,interdit
http://www.antonyme.org/antonyme/interdite,interdite
http://www.antonyme.org/antonyme/interdites,interdites
http://www.antonyme.org/antonyme/interdits,interdits
http://www.antonyme.org/antonyme/int%C3%A9ressant,intéressant
http://www.antonyme.org/antonyme/int%C3%A9ressante,intéressante
http://www.antonyme.org/antonyme/int%C3%A9ressantes,intéressantes
http://www.antonyme.org/antonyme/int%C3%A9ressants,intéressants
http://www.antonyme.org/antonyme/int%C3%A9resse,intéresse
http://www.antonyme.org/antonyme/int%C3%A9ress%C3%A9,intéressé
http://www.antonyme.org/antonyme/int%C3%A9ress%C3%A9e,intéressée
http://www.antonyme.org/antonyme/int%C3%A9ress%C3%A9es,intéressées
http://www.antonyme.org/antonyme/int%C3%A9ressent,intéressent
http://www.antonyme.org/antonyme/int%C3%A9resser,intéresser
http://www.antonyme.org/antonyme/int%C3%A9ress%C3%A9s,intéressés
http://www.antonyme.org/antonyme/int%C3%A9r%C3%AAt,intérêt
http://www.antonyme.org/antonyme/int%C3%A9r%C3%AAts,intérêts
http://www.antonyme.org/antonyme/intergalactique,intergalactique
http://www.antonyme.org/antonyme/int%C3%A9rieur,intérieur
http://www.antonyme.org/antonyme/int%C3%A9rieure,intérieure
http://www.antonyme.org/antonyme/int%C3%A9rieurement,intérieurement
http://www.antonyme.org/antonyme/int%C3%A9rieures,intérieures
http://www.antonyme.org/antonyme/int%C3%A9rieurs,intérieurs
http://www.antonyme.org/antonyme/int%C3%A9rimaire,intérimaire
http://www.antonyme.org/antonyme/int%C3%A9rimaires,intérimaires
http://www.antonyme.org/antonyme/int%C3%A9rioriser,intérioriser
http://www.antonyme.org/antonyme/interloquer,interloquer
http://www.antonyme.org/antonyme/interm%C3%A9diaire,intermédiaire
http://www.antonyme.org/antonyme/interm%C3%A9diaires,intermédiaires
http://www.antonyme.org/antonyme/interminable,interminable
http://www.antonyme.org/antonyme/interminablement,interminablement
http://www.antonyme.org/antonyme/interminables,interminables
http://www.antonyme.org/antonyme/intermittence,intermittence
http://www.antonyme.org/antonyme/intermittences,intermittences
http://www.antonyme.org/antonyme/intermittent,intermittent
http://www.antonyme.org/antonyme/intermittente,intermittente
http://www.antonyme.org/antonyme/international,international
http://www.antonyme.org/antonyme/internationale,internationale
http://www.antonyme.org/antonyme/internationales,internationales
http://www.antonyme.org/antonyme/internationaliste,internationaliste
http://www.antonyme.org/antonyme/internationaux,internationaux
http://www.antonyme.org/antonyme/interne,interne
http://www.antonyme.org/antonyme/intern%C3%A9,interné
http://www.antonyme.org/antonyme/internement,internement
http://www.antonyme.org/antonyme/interner,interner
http://www.antonyme.org/antonyme/internes,internes
http://www.antonyme.org/antonyme/interpellation,interpellation
http://www.antonyme.org/antonyme/interpeller,interpeller
http://www.antonyme.org/antonyme/interp%C3%A9n%C3%A9trer,interpénétrer
http://www.antonyme.org/antonyme/interpersonnel,interpersonnel
http://www.antonyme.org/antonyme/interplan%C3%A9taire,interplanétaire
http://www.antonyme.org/antonyme/interpos%C3%A9,interposé
http://www.antonyme.org/antonyme/interpr%C3%A9table,interprétable
http://www.antonyme.org/antonyme/interpr%C3%A9tation,interprétation
http://www.antonyme.org/antonyme/interpr%C3%A8te,interprète
http://www.antonyme.org/antonyme/interpr%C3%A9ter,interpréter
http://www.antonyme.org/antonyme/interpr%C3%A8tes,interprètes
http://www.antonyme.org/antonyme/interrogateur,interrogateur
http://www.antonyme.org/antonyme/interrogatif,interrogatif
http://www.antonyme.org/antonyme/interrogation,interrogation
http://www.antonyme.org/antonyme/interrogations,interrogations
http://www.antonyme.org/antonyme/interrogatoire,interrogatoire
http://www.antonyme.org/antonyme/interrogatrice,interrogatrice
http://www.antonyme.org/antonyme/interroge,interroge
http://www.antonyme.org/antonyme/interrog%C3%A9,interrogé
http://www.antonyme.org/antonyme/interrog%C3%A9es,interrogées
http://www.antonyme.org/antonyme/interroger,interroger
http://www.antonyme.org/antonyme/interrog%C3%A9s,interrogés
http://www.antonyme.org/antonyme/interrompre,interrompre
http://www.antonyme.org/antonyme/interrompue,interrompue
http://www.antonyme.org/antonyme/interrompues,interrompues
http://www.antonyme.org/antonyme/interruption,interruption
http://www.antonyme.org/antonyme/intersection,intersection
http://www.antonyme.org/antonyme/intervalle,intervalle
http://www.antonyme.org/antonyme/intervalles,intervalles
http://www.antonyme.org/antonyme/intervenant,intervenant
http://www.antonyme.org/antonyme/intervention,intervention
http://www.antonyme.org/antonyme/interventionnisme,interventionnisme
http://www.antonyme.org/antonyme/interventions,interventions
http://www.antonyme.org/antonyme/intervenue,intervenue
http://www.antonyme.org/antonyme/intervenus,intervenus
http://www.antonyme.org/antonyme/interviennent,interviennent
http://www.antonyme.org/antonyme/interview,interview
http://www.antonyme.org/antonyme/interviews,interviews
http://www.antonyme.org/antonyme/intimation,intimation
http://www.antonyme.org/antonyme/intime,intime
http://www.antonyme.org/antonyme/intim%C3%A9,intimé
http://www.antonyme.org/antonyme/intimement,intimement
http://www.antonyme.org/antonyme/intimes,intimes
http://www.antonyme.org/antonyme/intimidant,intimidant
http://www.antonyme.org/antonyme/intimider,intimider
http://www.antonyme.org/antonyme/intimit%C3%A9,intimité
http://www.antonyme.org/antonyme/intol%C3%A9rable,intolérable
http://www.antonyme.org/antonyme/intol%C3%A9rance,intolérance
http://www.antonyme.org/antonyme/intol%C3%A9rant,intolérant
http://www.antonyme.org/antonyme/intouchable,intouchable
http://www.antonyme.org/antonyme/intoxicant,intoxicant
http://www.antonyme.org/antonyme/intoxiquer,intoxiquer
http://www.antonyme.org/antonyme/intra-muros,intra-muros
http://www.antonyme.org/antonyme/intraduisible,intraduisible
http://www.antonyme.org/antonyme/intraitable,intraitable
http://www.antonyme.org/antonyme/intransigeance,intransigeance
http://www.antonyme.org/antonyme/intransigeant,intransigeant
http://www.antonyme.org/antonyme/intransmissibilit%C3%A9,intransmissibilité
http://www.antonyme.org/antonyme/intransmissible,intransmissible
http://www.antonyme.org/antonyme/intr%C3%A9pide,intrépide
http://www.antonyme.org/antonyme/intr%C3%A9pidit%C3%A9,intrépidité
http://www.antonyme.org/antonyme/intrication,intrication
http://www.antonyme.org/antonyme/intrigant,intrigant
http://www.antonyme.org/antonyme/intrigante,intrigante
http://www.antonyme.org/antonyme/intriguer,intriguer
http://www.antonyme.org/antonyme/intrins%C3%A8que,intrinsèque
http://www.antonyme.org/antonyme/introducteur,introducteur
http://www.antonyme.org/antonyme/introduction,introduction
http://www.antonyme.org/antonyme/introduire,introduire
http://www.antonyme.org/antonyme/introduisant,introduisant
http://www.antonyme.org/antonyme/introduit,introduit
http://www.antonyme.org/antonyme/introduite,introduite
http://www.antonyme.org/antonyme/intromission,intromission
http://www.antonyme.org/antonyme/introniser,introniser
http://www.antonyme.org/antonyme/introuvable,introuvable
http://www.antonyme.org/antonyme/intrus,intrus
http://www.antonyme.org/antonyme/intruse,intruse
http://www.antonyme.org/antonyme/intuitif,intuitif
http://www.antonyme.org/antonyme/intuition,intuition
http://www.antonyme.org/antonyme/inusable,inusable
http://www.antonyme.org/antonyme/inusit%C3%A9,inusité
http://www.antonyme.org/antonyme/inusit%C3%A9e,inusitée
http://www.antonyme.org/antonyme/inusit%C3%A9s,inusités
http://www.antonyme.org/antonyme/inusuel,inusuel
http://www.antonyme.org/antonyme/inusuelle,inusuelle
http://www.antonyme.org/antonyme/inutile,inutile
http://www.antonyme.org/antonyme/inutilement,inutilement
http://www.antonyme.org/antonyme/inutiles,inutiles
http://www.antonyme.org/antonyme/inutilisable,inutilisable
http://www.antonyme.org/antonyme/inutilis%C3%A9,inutilisé
http://www.antonyme.org/antonyme/inutilit%C3%A9,inutilité
http://www.antonyme.org/antonyme/invaincu,invaincu
http://www.antonyme.org/antonyme/invalidation,invalidation
http://www.antonyme.org/antonyme/invalide,invalide
http://www.antonyme.org/antonyme/invalid%C3%A9,invalidé
http://www.antonyme.org/antonyme/invalider,invalider
http://www.antonyme.org/antonyme/invalides,invalides
http://www.antonyme.org/antonyme/invalidit%C3%A9,invalidité
http://www.antonyme.org/antonyme/invariabilit%C3%A9,invariabilité
http://www.antonyme.org/antonyme/invariable,invariable
http://www.antonyme.org/antonyme/invasion,invasion
http://www.antonyme.org/antonyme/invective,invective
http://www.antonyme.org/antonyme/invectiver,invectiver
http://www.antonyme.org/antonyme/invendable,invendable
http://www.antonyme.org/antonyme/invendu,invendu
http://www.antonyme.org/antonyme/invente,invente
http://www.antonyme.org/antonyme/invent%C3%A9,inventé
http://www.antonyme.org/antonyme/invent%C3%A9e,inventée
http://www.antonyme.org/antonyme/inventeur,inventeur
http://www.antonyme.org/antonyme/inventeurs,inventeurs
http://www.antonyme.org/antonyme/invention,invention
http://www.antonyme.org/antonyme/inventions,inventions
http://www.antonyme.org/antonyme/inventive,inventive
http://www.antonyme.org/antonyme/inventrice,inventrice
http://www.antonyme.org/antonyme/inv%C3%A9rifiable,invérifiable
http://www.antonyme.org/antonyme/inverse,inverse
http://www.antonyme.org/antonyme/invers%C3%A9,inversé
http://www.antonyme.org/antonyme/inversement,inversement
http://www.antonyme.org/antonyme/invert%C3%A9br%C3%A9,invertébré
http://www.antonyme.org/antonyme/invertie,invertie
http://www.antonyme.org/antonyme/investi,investi
http://www.antonyme.org/antonyme/investigateur,investigateur
http://www.antonyme.org/antonyme/investigatrice,investigatrice
http://www.antonyme.org/antonyme/investir,investir
http://www.antonyme.org/antonyme/investissement,investissement
http://www.antonyme.org/antonyme/investissements,investissements
http://www.antonyme.org/antonyme/investit,investit
http://www.antonyme.org/antonyme/inv%C3%A9t%C3%A9r%C3%A9,invétéré
http://www.antonyme.org/antonyme/invincible,invincible
http://www.antonyme.org/antonyme/inviolabilit%C3%A9,inviolabilité
http://www.antonyme.org/antonyme/inviolable,inviolable
http://www.antonyme.org/antonyme/inviol%C3%A9,inviolé
http://www.antonyme.org/antonyme/invisible,invisible
http://www.antonyme.org/antonyme/invisiblement,invisiblement
http://www.antonyme.org/antonyme/invisibles,invisibles
http://www.antonyme.org/antonyme/invitant,invitant
http://www.antonyme.org/antonyme/invite,invite
http://www.antonyme.org/antonyme/invit%C3%A9,invité
http://www.antonyme.org/antonyme/invit%C3%A9e,invitée
http://www.antonyme.org/antonyme/invit%C3%A9es,invitées
http://www.antonyme.org/antonyme/inviter,inviter
http://www.antonyme.org/antonyme/invit%C3%A9s,invités
http://www.antonyme.org/antonyme/invivable,invivable
http://www.antonyme.org/antonyme/involontaire,involontaire
http://www.antonyme.org/antonyme/involontairement,involontairement
http://www.antonyme.org/antonyme/involution,involution
http://www.antonyme.org/antonyme/invoquant,invoquant
http://www.antonyme.org/antonyme/invoquer,invoquer
http://www.antonyme.org/antonyme/invraisemblable,invraisemblable
http://www.antonyme.org/antonyme/invraisemblablement,invraisemblablement
http://www.antonyme.org/antonyme/invraisemblance,invraisemblance
http://www.antonyme.org/antonyme/invuln%C3%A9rabilit%C3%A9,invulnérabilité
http://www.antonyme.org/antonyme/invuln%C3%A9rable,invulnérable
http://www.antonyme.org/antonyme/ion,ion
http://www.antonyme.org/antonyme/ira,ira
http://www.antonyme.org/antonyme/irait,irait
http://www.antonyme.org/antonyme/irascibilit%C3%A9,irascibilité
http://www.antonyme.org/antonyme/irascible,irascible
http://www.antonyme.org/antonyme/ironie,ironie
http://www.antonyme.org/antonyme/ironiquement,ironiquement
http://www.antonyme.org/antonyme/iront,iront
http://www.antonyme.org/antonyme/irradiation,irradiation
http://www.antonyme.org/antonyme/irraisonnable,irraisonnable
http://www.antonyme.org/antonyme/irrationalisme,irrationalisme
http://www.antonyme.org/antonyme/irrationnel,irrationnel
http://www.antonyme.org/antonyme/irrationnellement,irrationnellement
http://www.antonyme.org/antonyme/irrattrapable,irrattrapable
http://www.antonyme.org/antonyme/irr%C3%A9alisable,irréalisable
http://www.antonyme.org/antonyme/irr%C3%A9alis%C3%A9,irréalisé
http://www.antonyme.org/antonyme/irr%C3%A9alisme,irréalisme
http://www.antonyme.org/antonyme/irr%C3%A9alit%C3%A9,irréalité
http://www.antonyme.org/antonyme/irrecevable,irrecevable
http://www.antonyme.org/antonyme/irr%C3%A9couvrable,irrécouvrable
http://www.antonyme.org/antonyme/irr%C3%A9cusable,irrécusable
http://www.antonyme.org/antonyme/irr%C3%A9ductible,irréductible
http://www.antonyme.org/antonyme/irr%C3%A9ductibles,irréductibles
http://www.antonyme.org/antonyme/irr%C3%A9el,irréel
http://www.antonyme.org/antonyme/irr%C3%A9elle,irréelle
http://www.antonyme.org/antonyme/irr%C3%A9fl%C3%A9chi,irréfléchi
http://www.antonyme.org/antonyme/irr%C3%A9flexion,irréflexion
http://www.antonyme.org/antonyme/irr%C3%A9formable,irréformable
http://www.antonyme.org/antonyme/irr%C3%A9fragable,irréfragable
http://www.antonyme.org/antonyme/irr%C3%A9fragables,irréfragables
http://www.antonyme.org/antonyme/irr%C3%A9futable,irréfutable
http://www.antonyme.org/antonyme/irr%C3%A9futablement,irréfutablement
http://www.antonyme.org/antonyme/irr%C3%A9gularit%C3%A9,irrégularité
http://www.antonyme.org/antonyme/irr%C3%A9gularit%C3%A9s,irrégularités
http://www.antonyme.org/antonyme/irr%C3%A9gulier,irrégulier
http://www.antonyme.org/antonyme/irr%C3%A9guli%C3%A8re,irrégulière
http://www.antonyme.org/antonyme/irr%C3%A9guli%C3%A8rement,irrégulièrement
http://www.antonyme.org/antonyme/irr%C3%A9guliers,irréguliers
http://www.antonyme.org/antonyme/irr%C3%A9ligieuse,irréligieuse
http://www.antonyme.org/antonyme/irr%C3%A9ligieux,irréligieux
http://www.antonyme.org/antonyme/irr%C3%A9ligion,irréligion
http://www.antonyme.org/antonyme/irr%C3%A9ligions,irréligions
http://www.antonyme.org/antonyme/irr%C3%A9m%C3%A9diable,irrémédiable
http://www.antonyme.org/antonyme/irr%C3%A9m%C3%A9diablement,irrémédiablement
http://www.antonyme.org/antonyme/irr%C3%A9missible,irrémissible
http://www.antonyme.org/antonyme/irr%C3%A9missiblement,irrémissiblement
http://www.antonyme.org/antonyme/irrempla%C3%A7able,irremplaçable
http://www.antonyme.org/antonyme/irr%C3%A9parable,irréparable
http://www.antonyme.org/antonyme/irr%C3%A9parablement,irréparablement
http://www.antonyme.org/antonyme/irr%C3%A9pr%C3%A9hensible,irrépréhensible
http://www.antonyme.org/antonyme/irr%C3%A9pressible,irrépressible
http://www.antonyme.org/antonyme/irr%C3%A9prochable,irréprochable
http://www.antonyme.org/antonyme/irr%C3%A9sistible,irrésistible
http://www.antonyme.org/antonyme/irr%C3%A9solu,irrésolu
http://www.antonyme.org/antonyme/irr%C3%A9solution,irrésolution
http://www.antonyme.org/antonyme/irrespect,irrespect
http://www.antonyme.org/antonyme/irrespectueuse,irrespectueuse
http://www.antonyme.org/antonyme/irrespectueux,irrespectueux
http://www.antonyme.org/antonyme/irrespirable,irrespirable
http://www.antonyme.org/antonyme/irresponsable,irresponsable
http://www.antonyme.org/antonyme/irresponsables,irresponsables
http://www.antonyme.org/antonyme/irr%C3%A9v%C3%A9rence,irrévérence
http://www.antonyme.org/antonyme/irr%C3%A9v%C3%A9rencieuse,irrévérencieuse
http://www.antonyme.org/antonyme/irr%C3%A9v%C3%A9rencieux,irrévérencieux
http://www.antonyme.org/antonyme/irr%C3%A9v%C3%A9rent,irrévérent
http://www.antonyme.org/antonyme/irr%C3%A9versible,irréversible
http://www.antonyme.org/antonyme/irr%C3%A9versiblement,irréversiblement
http://www.antonyme.org/antonyme/irr%C3%A9vocable,irrévocable
http://www.antonyme.org/antonyme/irr%C3%A9vocablement,irrévocablement
http://www.antonyme.org/antonyme/irrigation,irrigation
http://www.antonyme.org/antonyme/irriguer,irriguer
http://www.antonyme.org/antonyme/irritabilit%C3%A9,irritabilité
http://www.antonyme.org/antonyme/irritable,irritable
http://www.antonyme.org/antonyme/irritant,irritant
http://www.antonyme.org/antonyme/irritante,irritante
http://www.antonyme.org/antonyme/irritation,irritation
http://www.antonyme.org/antonyme/irrit%C3%A9,irrité
http://www.antonyme.org/antonyme/irriter,irriter
http://www.antonyme.org/antonyme/isolable,isolable
http://www.antonyme.org/antonyme/isolant,isolant
http://www.antonyme.org/antonyme/isolationnisme,isolationnisme
http://www.antonyme.org/antonyme/isol%C3%A9,isolé
http://www.antonyme.org/antonyme/isol%C3%A9e,isolée
http://www.antonyme.org/antonyme/isol%C3%A9es,isolées
http://www.antonyme.org/antonyme/isolement,isolement
http://www.antonyme.org/antonyme/isol%C3%A9ment,isolément
http://www.antonyme.org/antonyme/isoler,isoler
http://www.antonyme.org/antonyme/isol%C3%A9s,isolés
http://www.antonyme.org/antonyme/issue,issue
http://www.antonyme.org/antonyme/issues,issues
http://www.antonyme.org/antonyme/itin%C3%A9rant,itinérant
http://www.antonyme.org/antonyme/ivoirin,ivoirin
http://www.antonyme.org/antonyme/ivre,ivre
http://www.antonyme.org/antonyme/ivresse,ivresse
http://www.antonyme.org/antonyme/ivrogne,ivrogne
http://www.antonyme.org/antonyme/ivrognerie,ivrognerie
http://www.antonyme.org/antonyme/ivrognes,ivrognes
http://www.antonyme.org/antonyme/timide,Timide
http://www.antonyme.org/antonyme/confirmer,Confirmer
http://www.antonyme.org/antonyme/misogyne,Misogyne
http://www.antonyme.org/antonyme/modeste,Modeste
http://www.antonyme.org/antonyme/tardif,Tardif
http://www.antonyme.org/antonyme/liberté,Liberté
http://www.antonyme.org/antonyme/sérieux,Sérieux
http://www.antonyme.org/antonyme/atout,Atout
http://www.antonyme.org/antonyme/confiance,Confiance
http://www.antonyme.org/antonyme/précéder,Précéder
http://www.antonyme.org/antonyme/important,Important
http://www.antonyme.org/antonyme/ponctuel,Ponctuel
http://www.antonyme.org/antonyme/monotone,Monotone
http://www.antonyme.org/antonyme/fiable,Fiable
http://www.antonyme.org/antonyme/original,Original
"http://www.antonyme.org/antonyme/à l'instar","à l instar"
http://www.antonyme.org/antonyme/trouver,Trouver
http://www.antonyme.org/antonyme/amour,Amour
http://www.antonyme.org/antonyme/faire,faire
"http://www.antonyme.org/antonyme/en plus","en plus"
http://www.antonyme.org/antonyme/anglais,anglais
http://www.antonyme.org/antonyme/mettre,mettre
"http://www.antonyme.org/antonyme/en effet","en effet"
http://www.antonyme.org/antonyme/contraire,contraire
http://www.antonyme.org/antonyme/être,être
http://www.antonyme.org/antonyme/avoir,avoir
http://www.antonyme.org/antonyme/problème,problème
http://www.antonyme.org/antonyme/pour,pour
http://www.antonyme.org/antonyme/travail,travail
http://www.antonyme.org/antonyme/créer,créer
http://www.antonyme.org/antonyme/demander,demander
http://www.antonyme.org/antonyme/bien,bien
http://www.antonyme.org/antonyme/important,important
http://www.antonyme.org/antonyme/prendre,prendre
http://www.antonyme.org/antonyme/experience,expérience
http://www.antonyme.org/antonyme/amour,amour
http://www.antonyme.org/antonyme/dire,dire
http://www.antonyme.org/antonyme/trouver,trouver
http://www.antonyme.org/antonyme/augmenter,augmenter
http://www.antonyme.org/antonyme/installer,installer
"http://www.antonyme.org/antonyme/en fait","en fait"
http://www.antonyme.org/antonyme/voir,voir
http://www.antonyme.org/antonyme/aimer,aimer
http://www.antonyme.org/antonyme/temps,temps
http://www.antonyme.org/antonyme/petit,petit
http://www.antonyme.org/antonyme/obtenir,obtenir
http://www.antonyme.org/antonyme/analyse,analyse
http://www.antonyme.org/antonyme/utiliser,utiliser
http://www.antonyme.org/antonyme/savoir,savoir
http://www.antonyme.org/antonyme/montrer,montrer
http://www.antonyme.org/antonyme/développer,développer
http://www.antonyme.org/antonyme/origine,origine
http://www.antonyme.org/antonyme/fin,fin
"http://www.antonyme.org/antonyme/du coup","du coup"
"http://www.antonyme.org/antonyme/en ligne","en ligne"
http://www.antonyme.org/antonyme/changer,changer
http://www.antonyme.org/antonyme/oeuvre,oeuvre
http://www.antonyme.org/antonyme/intéresser,intéresser
http://www.antonyme.org/antonyme/bonne,bonne
http://www.antonyme.org/antonyme/présentation,présentation
http://www.antonyme.org/antonyme/aide,aide
http://www.antonyme.org/antonyme/différent,différent
http://www.antonyme.org/antonyme/vie,vie
http://www.antonyme.org/antonyme/aider,aider
http://www.antonyme.org/antonyme/réaliser,réaliser
http://www.antonyme.org/antonyme/cause,cause
http://www.antonyme.org/antonyme/souhaiter,souhaiter
http://www.antonyme.org/antonyme/belle,belle
http://www.antonyme.org/antonyme/découvrir,découvrir
http://www.antonyme.org/antonyme/intéressant,intéressant
http://www.antonyme.org/antonyme/présenter,présenter
"http://www.antonyme.org/antonyme/suite à","suite à"
http://www.antonyme.org/antonyme/intégrer,intégrer
http://www.antonyme.org/antonyme/grand,grand
http://www.antonyme.org/antonyme/connaître,connaître
http://www.antonyme.org/antonyme/démonter,démonter
http://www.antonyme.org/antonyme/effectuer,effectuer
http://www.antonyme.org/antonyme/beau,beau
http://www.antonyme.org/antonyme/connaissance,connaissance
http://www.antonyme.org/antonyme/emploi,emploi
http://www.antonyme.org/antonyme/recherche,recherche
"http://www.antonyme.org/antonyme/par contre","par contre"
http://www.antonyme.org/antonyme/parler,parler
http://www.antonyme.org/antonyme/explication,explication
http://www.antonyme.org/antonyme/penser,penser
http://www.antonyme.org/antonyme/avec,avec
http://www.antonyme.org/antonyme/triste,triste
http://www.antonyme.org/antonyme/regarder,regarder
http://www.antonyme.org/antonyme/travailler,travailler
http://www.antonyme.org/antonyme/améliorer,améliorer
http://www.antonyme.org/antonyme/tristesse,tristesse
http://www.antonyme.org/antonyme/passer,passer
http://www.antonyme.org/antonyme/création,création
http://www.antonyme.org/antonyme/acquérir,acquérir
"http://www.antonyme.org/antonyme/ainsi que","ainsi que"
http://www.antonyme.org/antonyme/intérêt,intérêt
http://www.antonyme.org/antonyme/passionné,passionné
http://www.antonyme.org/antonyme/peur,peur
http://www.antonyme.org/antonyme/adapter,adapter
http://www.antonyme.org/antonyme/rechercher,rechercher
http://www.antonyme.org/antonyme/passion,passion
http://www.antonyme.org/antonyme/accord,accord
http://www.antonyme.org/antonyme/organisation,organisation
http://www.antonyme.org/antonyme/compétence,compétence
