http://www.antonyme.org/antonyme/jacassement,jacassement
http://www.antonyme.org/antonyme/jacassements,jacassements
http://www.antonyme.org/antonyme/jacasserie,jacasserie
http://www.antonyme.org/antonyme/jacasseur,jacasseur
http://www.antonyme.org/antonyme/jach%C3%A8re,jachère
http://www.antonyme.org/antonyme/jacobin,jacobin
http://www.antonyme.org/antonyme/jactance,jactance
http://www.antonyme.org/antonyme/jadis,jadis
http://www.antonyme.org/antonyme/jaillir,jaillir
http://www.antonyme.org/antonyme/jaillissement,jaillissement
http://www.antonyme.org/antonyme/jalouse,jalouse
http://www.antonyme.org/antonyme/jalousement,jalousement
http://www.antonyme.org/antonyme/jalouser,jalouser
http://www.antonyme.org/antonyme/jalousie,jalousie
http://www.antonyme.org/antonyme/jaloux,jaloux
http://www.antonyme.org/antonyme/jamais,jamais
http://www.antonyme.org/antonyme/jans%C3%A9nisme,jansénisme
http://www.antonyme.org/antonyme/jappement,jappement
http://www.antonyme.org/antonyme/jardiner,jardiner
http://www.antonyme.org/antonyme/jargon,jargon
http://www.antonyme.org/antonyme/jaseur,jaseur
http://www.antonyme.org/antonyme/jaun%C3%A2tre,jaunâtre
http://www.antonyme.org/antonyme/jaune,jaune
http://www.antonyme.org/antonyme/jaunes,jaunes
http://www.antonyme.org/antonyme/jazz,jazz
http://www.antonyme.org/antonyme/je-m%27en-fichiste,je-m'en-fichiste
http://www.antonyme.org/antonyme/j%C3%A9suitisme,jésuitisme
http://www.antonyme.org/antonyme/jet,jet
http://www.antonyme.org/antonyme/jetait,jetait
http://www.antonyme.org/antonyme/jetant,jetant
http://www.antonyme.org/antonyme/jeter,jeter
http://www.antonyme.org/antonyme/jette,jette
http://www.antonyme.org/antonyme/jettent,jettent
http://www.antonyme.org/antonyme/jeu,jeu
http://www.antonyme.org/antonyme/jeune,jeune
http://www.antonyme.org/antonyme/je%C3%BBne,jeûne
http://www.antonyme.org/antonyme/je%C3%BBner,jeûner
http://www.antonyme.org/antonyme/jeunes,jeunes
http://www.antonyme.org/antonyme/jeunesse,jeunesse
http://www.antonyme.org/antonyme/jeunesses,jeunesses
http://www.antonyme.org/antonyme/job,job
http://www.antonyme.org/antonyme/jobard,jobard
http://www.antonyme.org/antonyme/jobarde,jobarde
http://www.antonyme.org/antonyme/jobarder,jobarder
http://www.antonyme.org/antonyme/jobarderie,jobarderie
http://www.antonyme.org/antonyme/jobardise,jobardise
http://www.antonyme.org/antonyme/jocrisse,jocrisse
http://www.antonyme.org/antonyme/joie,joie
http://www.antonyme.org/antonyme/joies,joies
http://www.antonyme.org/antonyme/joignable,joignable
http://www.antonyme.org/antonyme/joindre,joindre
http://www.antonyme.org/antonyme/joint,joint
http://www.antonyme.org/antonyme/joints,joints
http://www.antonyme.org/antonyme/jointure,jointure
http://www.antonyme.org/antonyme/joli,joli
http://www.antonyme.org/antonyme/jolie,jolie
http://www.antonyme.org/antonyme/joliesse,joliesse
http://www.antonyme.org/antonyme/joliment,joliment
http://www.antonyme.org/antonyme/jolis,jolis
http://www.antonyme.org/antonyme/jonch%C3%A9e,jonchée
http://www.antonyme.org/antonyme/jonction,jonction
http://www.antonyme.org/antonyme/jongler,jongler
http://www.antonyme.org/antonyme/jongleur,jongleur
http://www.antonyme.org/antonyme/jouable,jouable
http://www.antonyme.org/antonyme/jouet,jouet
http://www.antonyme.org/antonyme/joueur,joueur
http://www.antonyme.org/antonyme/joueurs,joueurs
http://www.antonyme.org/antonyme/joueuse,joueuse
http://www.antonyme.org/antonyme/joufflu,joufflu
http://www.antonyme.org/antonyme/joug,joug
http://www.antonyme.org/antonyme/jouir,jouir
http://www.antonyme.org/antonyme/jouissance,jouissance
http://www.antonyme.org/antonyme/jouisseur,jouisseur
http://www.antonyme.org/antonyme/jouisseuse,jouisseuse
http://www.antonyme.org/antonyme/jouissif,jouissif
http://www.antonyme.org/antonyme/jouissive,jouissive
http://www.antonyme.org/antonyme/jouit,jouit
http://www.antonyme.org/antonyme/jour,jour
http://www.antonyme.org/antonyme/journalier,journalier
http://www.antonyme.org/antonyme/journ%C3%A9e,journée
http://www.antonyme.org/antonyme/journ%C3%A9es,journées
http://www.antonyme.org/antonyme/jours,jours
http://www.antonyme.org/antonyme/joute,joute
http://www.antonyme.org/antonyme/jouter,jouter
http://www.antonyme.org/antonyme/jouvenceau,jouvenceau
http://www.antonyme.org/antonyme/jovial,jovial
http://www.antonyme.org/antonyme/joviale,joviale
http://www.antonyme.org/antonyme/jovialement,jovialement
http://www.antonyme.org/antonyme/jovialit%C3%A9,jovialité
http://www.antonyme.org/antonyme/joyeuse,joyeuse
http://www.antonyme.org/antonyme/joyeusement,joyeusement
http://www.antonyme.org/antonyme/joyeuset%C3%A9,joyeuseté
http://www.antonyme.org/antonyme/joyeux,joyeux
http://www.antonyme.org/antonyme/jubilation,jubilation
http://www.antonyme.org/antonyme/jubilatoire,jubilatoire
http://www.antonyme.org/antonyme/jubiler,jubiler
http://www.antonyme.org/antonyme/judiciaire,judiciaire
http://www.antonyme.org/antonyme/judicieusement,judicieusement
http://www.antonyme.org/antonyme/judicieux,judicieux
http://www.antonyme.org/antonyme/juge,juge
http://www.antonyme.org/antonyme/jug%C3%A9,jugé
http://www.antonyme.org/antonyme/jugement,jugement
http://www.antonyme.org/antonyme/jugements,jugements
http://www.antonyme.org/antonyme/juges,juges
http://www.antonyme.org/antonyme/jug%C3%A9s,jugés
http://www.antonyme.org/antonyme/juguler,juguler
http://www.antonyme.org/antonyme/juif,juif
http://www.antonyme.org/antonyme/juive,juive
http://www.antonyme.org/antonyme/Juive,Juive
http://www.antonyme.org/antonyme/jumeler,jumeler
http://www.antonyme.org/antonyme/junior,junior
http://www.antonyme.org/antonyme/junker,junker
http://www.antonyme.org/antonyme/jura,jura
http://www.antonyme.org/antonyme/jure,jure
http://www.antonyme.org/antonyme/jur%C3%A9,juré
http://www.antonyme.org/antonyme/jurement,jurement
http://www.antonyme.org/antonyme/jurer,jurer
http://www.antonyme.org/antonyme/jureur,jureur
http://www.antonyme.org/antonyme/juridique,juridique
http://www.antonyme.org/antonyme/juridiques,juridiques
http://www.antonyme.org/antonyme/juron,juron
http://www.antonyme.org/antonyme/jurys,jurys
http://www.antonyme.org/antonyme/jusqu%27au-boutiste,jusqu'au-boutiste
http://www.antonyme.org/antonyme/juste,juste
http://www.antonyme.org/antonyme/justement,justement
http://www.antonyme.org/antonyme/justes,justes
http://www.antonyme.org/antonyme/justesse,justesse
http://www.antonyme.org/antonyme/justice,justice
http://www.antonyme.org/antonyme/justifiable,justifiable
http://www.antonyme.org/antonyme/justifiait,justifiait
http://www.antonyme.org/antonyme/justifiant,justifiant
http://www.antonyme.org/antonyme/justificatif,justificatif
http://www.antonyme.org/antonyme/justification,justification
http://www.antonyme.org/antonyme/justifie,justifie
http://www.antonyme.org/antonyme/justifi%C3%A9,justifié
http://www.antonyme.org/antonyme/justifi%C3%A9e,justifiée
http://www.antonyme.org/antonyme/justifi%C3%A9es,justifiées
http://www.antonyme.org/antonyme/justifient,justifient
http://www.antonyme.org/antonyme/justifier,justifier
http://www.antonyme.org/antonyme/juteuse,juteuse
http://www.antonyme.org/antonyme/juteux,juteux
http://www.antonyme.org/antonyme/juv%C3%A9nile,juvénile
http://www.antonyme.org/antonyme/juv%C3%A9nilit%C3%A9,juvénilité
http://www.antonyme.org/antonyme/juxtaposer,juxtaposer
http://www.antonyme.org/antonyme/juxtaposition,juxtaposition
http://www.antonyme.org/antonyme/timide,Timide
http://www.antonyme.org/antonyme/confirmer,Confirmer
http://www.antonyme.org/antonyme/misogyne,Misogyne
http://www.antonyme.org/antonyme/modeste,Modeste
http://www.antonyme.org/antonyme/tardif,Tardif
http://www.antonyme.org/antonyme/liberté,Liberté
http://www.antonyme.org/antonyme/sérieux,Sérieux
http://www.antonyme.org/antonyme/atout,Atout
http://www.antonyme.org/antonyme/confiance,Confiance
http://www.antonyme.org/antonyme/précéder,Précéder
http://www.antonyme.org/antonyme/important,Important
http://www.antonyme.org/antonyme/ponctuel,Ponctuel
http://www.antonyme.org/antonyme/monotone,Monotone
http://www.antonyme.org/antonyme/fiable,Fiable
http://www.antonyme.org/antonyme/original,Original
"http://www.antonyme.org/antonyme/à l'instar","à l instar"
http://www.antonyme.org/antonyme/trouver,Trouver
http://www.antonyme.org/antonyme/amour,Amour
http://www.antonyme.org/antonyme/faire,faire
"http://www.antonyme.org/antonyme/en plus","en plus"
http://www.antonyme.org/antonyme/anglais,anglais
http://www.antonyme.org/antonyme/mettre,mettre
"http://www.antonyme.org/antonyme/en effet","en effet"
http://www.antonyme.org/antonyme/contraire,contraire
http://www.antonyme.org/antonyme/être,être
http://www.antonyme.org/antonyme/avoir,avoir
http://www.antonyme.org/antonyme/problème,problème
http://www.antonyme.org/antonyme/pour,pour
http://www.antonyme.org/antonyme/travail,travail
http://www.antonyme.org/antonyme/créer,créer
http://www.antonyme.org/antonyme/demander,demander
http://www.antonyme.org/antonyme/bien,bien
http://www.antonyme.org/antonyme/important,important
http://www.antonyme.org/antonyme/prendre,prendre
http://www.antonyme.org/antonyme/experience,expérience
http://www.antonyme.org/antonyme/amour,amour
http://www.antonyme.org/antonyme/dire,dire
http://www.antonyme.org/antonyme/trouver,trouver
http://www.antonyme.org/antonyme/augmenter,augmenter
http://www.antonyme.org/antonyme/installer,installer
"http://www.antonyme.org/antonyme/en fait","en fait"
http://www.antonyme.org/antonyme/voir,voir
http://www.antonyme.org/antonyme/aimer,aimer
http://www.antonyme.org/antonyme/temps,temps
http://www.antonyme.org/antonyme/petit,petit
http://www.antonyme.org/antonyme/obtenir,obtenir
http://www.antonyme.org/antonyme/analyse,analyse
http://www.antonyme.org/antonyme/utiliser,utiliser
http://www.antonyme.org/antonyme/savoir,savoir
http://www.antonyme.org/antonyme/montrer,montrer
http://www.antonyme.org/antonyme/développer,développer
http://www.antonyme.org/antonyme/origine,origine
http://www.antonyme.org/antonyme/fin,fin
"http://www.antonyme.org/antonyme/du coup","du coup"
"http://www.antonyme.org/antonyme/en ligne","en ligne"
http://www.antonyme.org/antonyme/changer,changer
http://www.antonyme.org/antonyme/oeuvre,oeuvre
http://www.antonyme.org/antonyme/intéresser,intéresser
http://www.antonyme.org/antonyme/bonne,bonne
http://www.antonyme.org/antonyme/présentation,présentation
http://www.antonyme.org/antonyme/aide,aide
http://www.antonyme.org/antonyme/différent,différent
http://www.antonyme.org/antonyme/vie,vie
http://www.antonyme.org/antonyme/aider,aider
http://www.antonyme.org/antonyme/réaliser,réaliser
http://www.antonyme.org/antonyme/cause,cause
http://www.antonyme.org/antonyme/souhaiter,souhaiter
http://www.antonyme.org/antonyme/belle,belle
http://www.antonyme.org/antonyme/découvrir,découvrir
http://www.antonyme.org/antonyme/intéressant,intéressant
http://www.antonyme.org/antonyme/présenter,présenter
"http://www.antonyme.org/antonyme/suite à","suite à"
http://www.antonyme.org/antonyme/intégrer,intégrer
http://www.antonyme.org/antonyme/grand,grand
http://www.antonyme.org/antonyme/connaître,connaître
http://www.antonyme.org/antonyme/démonter,démonter
http://www.antonyme.org/antonyme/effectuer,effectuer
http://www.antonyme.org/antonyme/beau,beau
http://www.antonyme.org/antonyme/connaissance,connaissance
http://www.antonyme.org/antonyme/emploi,emploi
http://www.antonyme.org/antonyme/recherche,recherche
"http://www.antonyme.org/antonyme/par contre","par contre"
http://www.antonyme.org/antonyme/parler,parler
http://www.antonyme.org/antonyme/explication,explication
http://www.antonyme.org/antonyme/penser,penser
http://www.antonyme.org/antonyme/avec,avec
http://www.antonyme.org/antonyme/triste,triste
http://www.antonyme.org/antonyme/regarder,regarder
http://www.antonyme.org/antonyme/travailler,travailler
http://www.antonyme.org/antonyme/améliorer,améliorer
http://www.antonyme.org/antonyme/tristesse,tristesse
http://www.antonyme.org/antonyme/passer,passer
http://www.antonyme.org/antonyme/création,création
http://www.antonyme.org/antonyme/acquérir,acquérir
"http://www.antonyme.org/antonyme/ainsi que","ainsi que"
http://www.antonyme.org/antonyme/intérêt,intérêt
http://www.antonyme.org/antonyme/passionné,passionné
http://www.antonyme.org/antonyme/peur,peur
http://www.antonyme.org/antonyme/adapter,adapter
http://www.antonyme.org/antonyme/rechercher,rechercher
http://www.antonyme.org/antonyme/passion,passion
http://www.antonyme.org/antonyme/accord,accord
http://www.antonyme.org/antonyme/organisation,organisation
http://www.antonyme.org/antonyme/compétence,compétence
