http://www.antonyme.org/antonyme/la,la
http://www.antonyme.org/antonyme/l%C3%A0,là
http://www.antonyme.org/antonyme/labeur,labeur
http://www.antonyme.org/antonyme/labile,labile
http://www.antonyme.org/antonyme/laborieuse,laborieuse
http://www.antonyme.org/antonyme/laborieusement,laborieusement
http://www.antonyme.org/antonyme/laborieuses,laborieuses
http://www.antonyme.org/antonyme/laborieux,laborieux
http://www.antonyme.org/antonyme/labourer,labourer
http://www.antonyme.org/antonyme/lacer,lacer
http://www.antonyme.org/antonyme/l%C3%A2chage,lâchage
http://www.antonyme.org/antonyme/l%C3%A2che,lâche
http://www.antonyme.org/antonyme/l%C3%A2ch%C3%A9,lâché
http://www.antonyme.org/antonyme/l%C3%A2chement,lâchement
http://www.antonyme.org/antonyme/l%C3%A2cher,lâcher
http://www.antonyme.org/antonyme/l%C3%A2chet%C3%A9,lâcheté
http://www.antonyme.org/antonyme/l%C3%A2cheur,lâcheur
http://www.antonyme.org/antonyme/laconique,laconique
http://www.antonyme.org/antonyme/laconiquement,laconiquement
http://www.antonyme.org/antonyme/laconisme,laconisme
http://www.antonyme.org/antonyme/lactescent,lactescent
http://www.antonyme.org/antonyme/lactescente,lactescente
http://www.antonyme.org/antonyme/lacunaire,lacunaire
http://www.antonyme.org/antonyme/lacune,lacune
http://www.antonyme.org/antonyme/lacunes,lacunes
http://www.antonyme.org/antonyme/lacustre,lacustre
http://www.antonyme.org/antonyme/ladrerie,ladrerie
http://www.antonyme.org/antonyme/lagon,lagon
http://www.antonyme.org/antonyme/lagunes,lagunes
http://www.antonyme.org/antonyme/la%C3%AFcit%C3%A9,laïcité
http://www.antonyme.org/antonyme/laid,laid
http://www.antonyme.org/antonyme/laide,laide
http://www.antonyme.org/antonyme/laidement,laidement
http://www.antonyme.org/antonyme/laideur,laideur
http://www.antonyme.org/antonyme/laie,laie
http://www.antonyme.org/antonyme/laineuse,laineuse
http://www.antonyme.org/antonyme/laineuses,laineuses
http://www.antonyme.org/antonyme/laineux,laineux
http://www.antonyme.org/antonyme/la%C3%AFque,laïque
http://www.antonyme.org/antonyme/laissa,laissa
http://www.antonyme.org/antonyme/laissait,laissait
http://www.antonyme.org/antonyme/laissant,laissant
http://www.antonyme.org/antonyme/laiss%C3%A9,laissé
http://www.antonyme.org/antonyme/laiss%C3%A9e,laissée
http://www.antonyme.org/antonyme/laissent,laissent
http://www.antonyme.org/antonyme/laisser,laisser
http://www.antonyme.org/antonyme/laisser-aller,laisser-aller
http://www.antonyme.org/antonyme/laisser-faire,laisser-faire
http://www.antonyme.org/antonyme/laissera,laissera
http://www.antonyme.org/antonyme/laissez,laissez
http://www.antonyme.org/antonyme/laissez-passer,laissez-passer
http://www.antonyme.org/antonyme/laissons,laissons
http://www.antonyme.org/antonyme/laiteuse,laiteuse
http://www.antonyme.org/antonyme/laiteux,laiteux
http://www.antonyme.org/antonyme/la%C3%AFusseuse,laïusseuse
http://www.antonyme.org/antonyme/lallation,lallation
http://www.antonyme.org/antonyme/lambin,lambin
http://www.antonyme.org/antonyme/lambine,lambine
http://www.antonyme.org/antonyme/lambiner,lambiner
http://www.antonyme.org/antonyme/lambourde,lambourde
http://www.antonyme.org/antonyme/lame,lame
http://www.antonyme.org/antonyme/lamentable,lamentable
http://www.antonyme.org/antonyme/lamentablement,lamentablement
http://www.antonyme.org/antonyme/laminage,laminage
http://www.antonyme.org/antonyme/lampiste,lampiste
http://www.antonyme.org/antonyme/lanc%C3%A9e,lancée
http://www.antonyme.org/antonyme/lanc%C3%A9es,lancées
http://www.antonyme.org/antonyme/lancement,lancement
http://www.antonyme.org/antonyme/lancent,lancent
http://www.antonyme.org/antonyme/lancer,lancer
http://www.antonyme.org/antonyme/lanceur,lanceur
http://www.antonyme.org/antonyme/lancinant,lancinant
http://www.antonyme.org/antonyme/lancinante,lancinante
http://www.antonyme.org/antonyme/langage,langage
http://www.antonyme.org/antonyme/langoureuse,langoureuse
http://www.antonyme.org/antonyme/langoureusement,langoureusement
http://www.antonyme.org/antonyme/langoureux,langoureux
http://www.antonyme.org/antonyme/langue,langue
http://www.antonyme.org/antonyme/langueur,langueur
http://www.antonyme.org/antonyme/languide,languide
http://www.antonyme.org/antonyme/languir,languir
http://www.antonyme.org/antonyme/languissamment,languissamment
http://www.antonyme.org/antonyme/languissant,languissant
http://www.antonyme.org/antonyme/languissante,languissante
http://www.antonyme.org/antonyme/laper,laper
http://www.antonyme.org/antonyme/lapidaire,lapidaire
http://www.antonyme.org/antonyme/lapider,lapider
http://www.antonyme.org/antonyme/laps,laps
http://www.antonyme.org/antonyme/lapsus,lapsus
http://www.antonyme.org/antonyme/laquais,laquais
http://www.antonyme.org/antonyme/larbin,larbin
http://www.antonyme.org/antonyme/lardon,lardon
http://www.antonyme.org/antonyme/largage,largage
http://www.antonyme.org/antonyme/large,large
http://www.antonyme.org/antonyme/largement,largement
http://www.antonyme.org/antonyme/larges,larges
http://www.antonyme.org/antonyme/largesse,largesse
http://www.antonyme.org/antonyme/largesses,largesses
http://www.antonyme.org/antonyme/largeur,largeur
http://www.antonyme.org/antonyme/larguer,larguer
http://www.antonyme.org/antonyme/larme,larme
http://www.antonyme.org/antonyme/larmes,larmes
http://www.antonyme.org/antonyme/larmoyant,larmoyant
http://www.antonyme.org/antonyme/larmoyante,larmoyante
http://www.antonyme.org/antonyme/larmoyer,larmoyer
http://www.antonyme.org/antonyme/larron,larron
http://www.antonyme.org/antonyme/las,las
http://www.antonyme.org/antonyme/lascar,lascar
http://www.antonyme.org/antonyme/lascif,lascif
http://www.antonyme.org/antonyme/lascive,lascive
http://www.antonyme.org/antonyme/lascivement,lascivement
http://www.antonyme.org/antonyme/lascivet%C3%A9,lasciveté
http://www.antonyme.org/antonyme/lascivit%C3%A9,lascivité
http://www.antonyme.org/antonyme/lassant,lassant
http://www.antonyme.org/antonyme/lassante,lassante
http://www.antonyme.org/antonyme/lasser,lasser
http://www.antonyme.org/antonyme/lassitude,lassitude
http://www.antonyme.org/antonyme/latence,latence
http://www.antonyme.org/antonyme/latent,latent
http://www.antonyme.org/antonyme/lat%C3%A9ral,latéral
http://www.antonyme.org/antonyme/latitudinaire,latitudinaire
http://www.antonyme.org/antonyme/laudateur,laudateur
http://www.antonyme.org/antonyme/laudatif,laudatif
http://www.antonyme.org/antonyme/laudative,laudative
http://www.antonyme.org/antonyme/laur%C3%A9at,lauréat
http://www.antonyme.org/antonyme/laur%C3%A9ate,lauréate
http://www.antonyme.org/antonyme/laur%C3%A9ats,lauréats
http://www.antonyme.org/antonyme/laver,laver
http://www.antonyme.org/antonyme/laxatif,laxatif
http://www.antonyme.org/antonyme/laxative,laxative
http://www.antonyme.org/antonyme/laxisme,laxisme
http://www.antonyme.org/antonyme/laxiste,laxiste
http://www.antonyme.org/antonyme/laxit%C3%A9,laxité
http://www.antonyme.org/antonyme/layon,layon
http://www.antonyme.org/antonyme/lazzarone,lazzarone
http://www.antonyme.org/antonyme/le,le
http://www.antonyme.org/antonyme/l%C3%A9,lé
http://www.antonyme.org/antonyme/leader,leader
http://www.antonyme.org/antonyme/leaders,leaders
http://www.antonyme.org/antonyme/leadership,leadership
http://www.antonyme.org/antonyme/le%C3%A7on,leçon
http://www.antonyme.org/antonyme/le%C3%A7ons,leçons
http://www.antonyme.org/antonyme/lecteur,lecteur
http://www.antonyme.org/antonyme/lecteurs,lecteurs
http://www.antonyme.org/antonyme/l%C3%A9gal,légal
http://www.antonyme.org/antonyme/l%C3%A9gale,légale
http://www.antonyme.org/antonyme/l%C3%A9galement,légalement
http://www.antonyme.org/antonyme/l%C3%A9gales,légales
http://www.antonyme.org/antonyme/l%C3%A9galiser,légaliser
http://www.antonyme.org/antonyme/l%C3%A9galiste,légaliste
http://www.antonyme.org/antonyme/l%C3%A9galit%C3%A9,légalité
http://www.antonyme.org/antonyme/l%C3%A9gataire,légataire
http://www.antonyme.org/antonyme/l%C3%A9gaux,légaux
http://www.antonyme.org/antonyme/l%C3%A9gendaire,légendaire
http://www.antonyme.org/antonyme/l%C3%A9gende,légende
http://www.antonyme.org/antonyme/l%C3%A9ger,léger
http://www.antonyme.org/antonyme/l%C3%A9g%C3%A8re,légère
http://www.antonyme.org/antonyme/l%C3%A9g%C3%A8rement,légèrement
http://www.antonyme.org/antonyme/l%C3%A9g%C3%A8res,légères
http://www.antonyme.org/antonyme/l%C3%A9g%C3%A8ret%C3%A9,légèreté
http://www.antonyme.org/antonyme/l%C3%A9gers,légers
http://www.antonyme.org/antonyme/l%C3%A9gif%C3%A9rer,légiférer
http://www.antonyme.org/antonyme/l%C3%A9gitime,légitime
http://www.antonyme.org/antonyme/l%C3%A9gitim%C3%A9,légitimé
http://www.antonyme.org/antonyme/l%C3%A9gitimement,légitimement
http://www.antonyme.org/antonyme/l%C3%A9gitimes,légitimes
http://www.antonyme.org/antonyme/l%C3%A9gitimiste,légitimiste
http://www.antonyme.org/antonyme/l%C3%A9guer,léguer
http://www.antonyme.org/antonyme/lemme,lemme
http://www.antonyme.org/antonyme/lendemain,lendemain
http://www.antonyme.org/antonyme/lendemains,lendemains
http://www.antonyme.org/antonyme/l%C3%A9nifiant,lénifiant
http://www.antonyme.org/antonyme/l%C3%A9nifier,lénifier
http://www.antonyme.org/antonyme/lent,lent
http://www.antonyme.org/antonyme/lente,lente
http://www.antonyme.org/antonyme/lentement,lentement
http://www.antonyme.org/antonyme/lentes,lentes
http://www.antonyme.org/antonyme/lenteur,lenteur
http://www.antonyme.org/antonyme/lenteurs,lenteurs
http://www.antonyme.org/antonyme/lento,lento
http://www.antonyme.org/antonyme/lents,lents
http://www.antonyme.org/antonyme/l%C3%A9onin,léonin
http://www.antonyme.org/antonyme/l%C3%A9opard,léopard
http://www.antonyme.org/antonyme/lesbienne,lesbienne
http://www.antonyme.org/antonyme/l%C3%A9ser,léser
http://www.antonyme.org/antonyme/l%C3%A9sine,lésine
http://www.antonyme.org/antonyme/l%C3%A9siner,lésiner
http://www.antonyme.org/antonyme/l%C3%A9sinerie,lésinerie
http://www.antonyme.org/antonyme/l%C3%A9sion,lésion
http://www.antonyme.org/antonyme/lessiver,lessiver
http://www.antonyme.org/antonyme/lestage,lestage
http://www.antonyme.org/antonyme/leste,leste
http://www.antonyme.org/antonyme/lest%C3%A9,lesté
http://www.antonyme.org/antonyme/lestement,lestement
http://www.antonyme.org/antonyme/lester,lester
http://www.antonyme.org/antonyme/l%C3%A9thargie,léthargie
http://www.antonyme.org/antonyme/lettre,lettre
http://www.antonyme.org/antonyme/lettr%C3%A9,lettré
http://www.antonyme.org/antonyme/lettres,lettres
http://www.antonyme.org/antonyme/leurrer,leurrer
http://www.antonyme.org/antonyme/levain,levain
http://www.antonyme.org/antonyme/levant,levant
http://www.antonyme.org/antonyme/l%C3%A8ve,lève
http://www.antonyme.org/antonyme/l%C3%A8ve-tard,lève-tard
http://www.antonyme.org/antonyme/lev%C3%A9e,levée
http://www.antonyme.org/antonyme/lev%C3%A9es,levées
http://www.antonyme.org/antonyme/lever,lever
http://www.antonyme.org/antonyme/lev%C3%A9s,levés
http://www.antonyme.org/antonyme/lexical,lexical
http://www.antonyme.org/antonyme/liaison,liaison
http://www.antonyme.org/antonyme/liaisons,liaisons
http://www.antonyme.org/antonyme/liant,liant
http://www.antonyme.org/antonyme/liante,liante
http://www.antonyme.org/antonyme/liasse,liasse
http://www.antonyme.org/antonyme/libelle,libelle
http://www.antonyme.org/antonyme/libell%C3%A9,libellé
http://www.antonyme.org/antonyme/lib%C3%A9ral,libéral
http://www.antonyme.org/antonyme/lib%C3%A9rale,libérale
http://www.antonyme.org/antonyme/lib%C3%A9rales,libérales
http://www.antonyme.org/antonyme/lib%C3%A9ralisme,libéralisme
http://www.antonyme.org/antonyme/lib%C3%A9ralit%C3%A9,libéralité
http://www.antonyme.org/antonyme/lib%C3%A9rateur,libérateur
http://www.antonyme.org/antonyme/lib%C3%A9ration,libération
http://www.antonyme.org/antonyme/lib%C3%A9rations,libérations
http://www.antonyme.org/antonyme/lib%C3%A9raux,libéraux
http://www.antonyme.org/antonyme/lib%C3%A9r%C3%A9,libéré
http://www.antonyme.org/antonyme/lib%C3%A8re,libère
http://www.antonyme.org/antonyme/lib%C3%A9r%C3%A9e,libérée
http://www.antonyme.org/antonyme/lib%C3%A9rer,libérer
http://www.antonyme.org/antonyme/lib%C3%A9r%C3%A9s,libérés
http://www.antonyme.org/antonyme/libertaire,libertaire
http://www.antonyme.org/antonyme/libertaires,libertaires
http://www.antonyme.org/antonyme/libert%C3%A9,liberté
http://www.antonyme.org/antonyme/libert%C3%A9s,libertés
http://www.antonyme.org/antonyme/libertin,libertin
http://www.antonyme.org/antonyme/libertinage,libertinage
http://www.antonyme.org/antonyme/libertine,libertine
http://www.antonyme.org/antonyme/libidineuse,libidineuse
http://www.antonyme.org/antonyme/libidineux,libidineux
http://www.antonyme.org/antonyme/libre,libre
http://www.antonyme.org/antonyme/libre-%C3%A9change,libre-échange
http://www.antonyme.org/antonyme/libre-%C3%A9changisme,libre-échangisme
http://www.antonyme.org/antonyme/libre-%C3%A9changiste,libre-échangiste
http://www.antonyme.org/antonyme/librement,librement
http://www.antonyme.org/antonyme/libres,libres
http://www.antonyme.org/antonyme/licence,licence
http://www.antonyme.org/antonyme/licences,licences
http://www.antonyme.org/antonyme/licenci%C3%A9,licencié
http://www.antonyme.org/antonyme/licenciement,licenciement
http://www.antonyme.org/antonyme/licenciements,licenciements
http://www.antonyme.org/antonyme/licencier,licencier
http://www.antonyme.org/antonyme/licenci%C3%A9s,licenciés
http://www.antonyme.org/antonyme/licencieuse,licencieuse
http://www.antonyme.org/antonyme/licencieux,licencieux
http://www.antonyme.org/antonyme/licite,licite
http://www.antonyme.org/antonyme/licitement,licitement
http://www.antonyme.org/antonyme/lie,lie
http://www.antonyme.org/antonyme/li%C3%A9,lié
http://www.antonyme.org/antonyme/li%C3%A9e,liée
http://www.antonyme.org/antonyme/li%C3%A9es,liées
http://www.antonyme.org/antonyme/lien,lien
http://www.antonyme.org/antonyme/liens,liens
http://www.antonyme.org/antonyme/lier,lier
http://www.antonyme.org/antonyme/li%C3%A9s,liés
http://www.antonyme.org/antonyme/liesse,liesse
http://www.antonyme.org/antonyme/lieutenante,lieutenante
http://www.antonyme.org/antonyme/ligaturer,ligaturer
http://www.antonyme.org/antonyme/ligne,ligne
http://www.antonyme.org/antonyme/lignes,lignes
http://www.antonyme.org/antonyme/ligoter,ligoter
http://www.antonyme.org/antonyme/ligue,ligue
http://www.antonyme.org/antonyme/ligu%C3%A9,ligué
http://www.antonyme.org/antonyme/liguer,liguer
http://www.antonyme.org/antonyme/ligueur,ligueur
http://www.antonyme.org/antonyme/lilial,lilial
http://www.antonyme.org/antonyme/lilliputien,lilliputien
http://www.antonyme.org/antonyme/lilliputienne,lilliputienne
http://www.antonyme.org/antonyme/liminaire,liminaire
http://www.antonyme.org/antonyme/limitant,limitant
http://www.antonyme.org/antonyme/limitation,limitation
http://www.antonyme.org/antonyme/limitations,limitations
http://www.antonyme.org/antonyme/limite,limite
http://www.antonyme.org/antonyme/limit%C3%A9,limité
http://www.antonyme.org/antonyme/limit%C3%A9e,limitée
http://www.antonyme.org/antonyme/limit%C3%A9es,limitées
http://www.antonyme.org/antonyme/limitent,limitent
http://www.antonyme.org/antonyme/limiter,limiter
http://www.antonyme.org/antonyme/limites,limites
http://www.antonyme.org/antonyme/limit%C3%A9s,limités
http://www.antonyme.org/antonyme/limitrophe,limitrophe
http://www.antonyme.org/antonyme/limog%C3%A9,limogé
http://www.antonyme.org/antonyme/limogeage,limogeage
http://www.antonyme.org/antonyme/limoger,limoger
http://www.antonyme.org/antonyme/limoges,limoges
http://www.antonyme.org/antonyme/limpide,limpide
http://www.antonyme.org/antonyme/limpidit%C3%A9,limpidité
http://www.antonyme.org/antonyme/lin%C3%A9ament,linéament
http://www.antonyme.org/antonyme/linguistique,linguistique
http://www.antonyme.org/antonyme/liqu%C3%A9faction,liquéfaction
http://www.antonyme.org/antonyme/liqu%C3%A9fier,liquéfier
http://www.antonyme.org/antonyme/liquide,liquide
http://www.antonyme.org/antonyme/liquid%C3%A9,liquidé
http://www.antonyme.org/antonyme/liquider,liquider
http://www.antonyme.org/antonyme/liquides,liquides
http://www.antonyme.org/antonyme/liquidit%C3%A9,liquidité
http://www.antonyme.org/antonyme/liquidit%C3%A9s,liquidités
http://www.antonyme.org/antonyme/liquoreuse,liquoreuse
http://www.antonyme.org/antonyme/lire,lire
http://www.antonyme.org/antonyme/lires,lires
http://www.antonyme.org/antonyme/lisibilit%C3%A9,lisibilité
http://www.antonyme.org/antonyme/lisible,lisible
http://www.antonyme.org/antonyme/lisi%C3%A8re,lisière
http://www.antonyme.org/antonyme/lisse,lisse
http://www.antonyme.org/antonyme/lisser,lisser
http://www.antonyme.org/antonyme/lit,lit
http://www.antonyme.org/antonyme/litige,litige
http://www.antonyme.org/antonyme/litigieux,litigieux
http://www.antonyme.org/antonyme/lits,lits
http://www.antonyme.org/antonyme/litt%C3%A9raire,littéraire
http://www.antonyme.org/antonyme/litt%C3%A9raires,littéraires
http://www.antonyme.org/antonyme/litt%C3%A9ral,littéral
http://www.antonyme.org/antonyme/litt%C3%A9ralement,littéralement
http://www.antonyme.org/antonyme/litt%C3%A9ralit%C3%A9,littéralité
http://www.antonyme.org/antonyme/littoral,littoral
http://www.antonyme.org/antonyme/littoraux,littoraux
http://www.antonyme.org/antonyme/liturgique,liturgique
http://www.antonyme.org/antonyme/livide,livide
http://www.antonyme.org/antonyme/lividit%C3%A9,lividité
http://www.antonyme.org/antonyme/livraison,livraison
http://www.antonyme.org/antonyme/livrant,livrant
http://www.antonyme.org/antonyme/livr%C3%A9,livré
http://www.antonyme.org/antonyme/livrent,livrent
http://www.antonyme.org/antonyme/livrer,livrer
http://www.antonyme.org/antonyme/local,local
http://www.antonyme.org/antonyme/locale,locale
http://www.antonyme.org/antonyme/localement,localement
http://www.antonyme.org/antonyme/locales,locales
http://www.antonyme.org/antonyme/localisation,localisation
http://www.antonyme.org/antonyme/localis%C3%A9,localisé
http://www.antonyme.org/antonyme/localiser,localiser
http://www.antonyme.org/antonyme/localit%C3%A9,localité
http://www.antonyme.org/antonyme/localit%C3%A9s,localités
http://www.antonyme.org/antonyme/locataire,locataire
http://www.antonyme.org/antonyme/locataires,locataires
http://www.antonyme.org/antonyme/locateur,locateur
http://www.antonyme.org/antonyme/locaux,locaux
http://www.antonyme.org/antonyme/locuteur,locuteur
http://www.antonyme.org/antonyme/loess,loess
http://www.antonyme.org/antonyme/logeable,logeable
http://www.antonyme.org/antonyme/loger,loger
http://www.antonyme.org/antonyme/log%C3%A9s,logés
http://www.antonyme.org/antonyme/logiciel,logiciel
http://www.antonyme.org/antonyme/logique,logique
http://www.antonyme.org/antonyme/logiquement,logiquement
http://www.antonyme.org/antonyme/logiques,logiques
http://www.antonyme.org/antonyme/logorrh%C3%A9e,logorrhée
http://www.antonyme.org/antonyme/logorrh%C3%A9ique,logorrhéique
http://www.antonyme.org/antonyme/loi,loi
http://www.antonyme.org/antonyme/loin,loin
http://www.antonyme.org/antonyme/lointain,lointain
http://www.antonyme.org/antonyme/lointaine,lointaine
http://www.antonyme.org/antonyme/lointaines,lointaines
http://www.antonyme.org/antonyme/lointains,lointains
http://www.antonyme.org/antonyme/lois,lois
http://www.antonyme.org/antonyme/loisibles,loisibles
http://www.antonyme.org/antonyme/loisir,loisir
http://www.antonyme.org/antonyme/loisirs,loisirs
http://www.antonyme.org/antonyme/long,long
http://www.antonyme.org/antonyme/longanimit%C3%A9,longanimité
http://www.antonyme.org/antonyme/longe,longe
http://www.antonyme.org/antonyme/longiligne,longiligne
http://www.antonyme.org/antonyme/longs,longs
http://www.antonyme.org/antonyme/longtemps,longtemps
http://www.antonyme.org/antonyme/longue,longue
http://www.antonyme.org/antonyme/longuement,longuement
http://www.antonyme.org/antonyme/longues,longues
http://www.antonyme.org/antonyme/longueur,longueur
http://www.antonyme.org/antonyme/longueurs,longueurs
http://www.antonyme.org/antonyme/loquace,loquace
http://www.antonyme.org/antonyme/loquacit%C3%A9,loquacité
http://www.antonyme.org/antonyme/lorgner+,lorgner
http://www.antonyme.org/antonyme/lorgner,lorgner
http://www.antonyme.org/antonyme/loser,loser
http://www.antonyme.org/antonyme/lot,lot
http://www.antonyme.org/antonyme/lotion,lotion
http://www.antonyme.org/antonyme/lots,lots
http://www.antonyme.org/antonyme/louable,louable
http://www.antonyme.org/antonyme/louange,louange
http://www.antonyme.org/antonyme/louanger,louanger
http://www.antonyme.org/antonyme/louangeur,louangeur
http://www.antonyme.org/antonyme/louangeuse,louangeuse
http://www.antonyme.org/antonyme/loubard,loubard
http://www.antonyme.org/antonyme/louche,louche
http://www.antonyme.org/antonyme/loucher,loucher
http://www.antonyme.org/antonyme/louer,louer
http://www.antonyme.org/antonyme/loueur,loueur
http://www.antonyme.org/antonyme/loufiat,loufiat
http://www.antonyme.org/antonyme/loufoque,loufoque
http://www.antonyme.org/antonyme/loup,loup
http://www.antonyme.org/antonyme/loupe,loupe
http://www.antonyme.org/antonyme/loup%C3%A9,loupé
http://www.antonyme.org/antonyme/louper,louper
http://www.antonyme.org/antonyme/loupiot,loupiot
http://www.antonyme.org/antonyme/loups,loups
http://www.antonyme.org/antonyme/lourd,lourd
http://www.antonyme.org/antonyme/lourdaud,lourdaud
http://www.antonyme.org/antonyme/lourde,lourde
http://www.antonyme.org/antonyme/lourdement,lourdement
http://www.antonyme.org/antonyme/lourdes,lourdes
http://www.antonyme.org/antonyme/lourdeur,lourdeur
http://www.antonyme.org/antonyme/lourds,lourds
http://www.antonyme.org/antonyme/louvoiement,louvoiement
http://www.antonyme.org/antonyme/lover,lover
http://www.antonyme.org/antonyme/loxodromie,loxodromie
http://www.antonyme.org/antonyme/loyal,loyal
http://www.antonyme.org/antonyme/loyale,loyale
http://www.antonyme.org/antonyme/loyalement,loyalement
http://www.antonyme.org/antonyme/loyalisme,loyalisme
http://www.antonyme.org/antonyme/loyaliste,loyaliste
http://www.antonyme.org/antonyme/loyaut%C3%A9,loyauté
http://www.antonyme.org/antonyme/loyer,loyer
http://www.antonyme.org/antonyme/loyers,loyers
http://www.antonyme.org/antonyme/lubricit%C3%A9,lubricité
http://www.antonyme.org/antonyme/lubrifier,lubrifier
http://www.antonyme.org/antonyme/lubrique,lubrique
http://www.antonyme.org/antonyme/lucide,lucide
http://www.antonyme.org/antonyme/lucidement,lucidement
http://www.antonyme.org/antonyme/lucidit%C3%A9,lucidité
http://www.antonyme.org/antonyme/lucif%C3%A9rien,luciférien
http://www.antonyme.org/antonyme/lucif%C3%A9rienne,luciférienne
http://www.antonyme.org/antonyme/lucratif,lucratif
http://www.antonyme.org/antonyme/lucrative,lucrative
http://www.antonyme.org/antonyme/lucre,lucre
http://www.antonyme.org/antonyme/lueur,lueur
http://www.antonyme.org/antonyme/lugubre,lugubre
http://www.antonyme.org/antonyme/lugubrement,lugubrement
http://www.antonyme.org/antonyme/lugubres,lugubres
http://www.antonyme.org/antonyme/luire,luire
http://www.antonyme.org/antonyme/luis,luis
http://www.antonyme.org/antonyme/luisant,luisant
http://www.antonyme.org/antonyme/lumi%C3%A8re,lumière
http://www.antonyme.org/antonyme/lumi%C3%A8res,lumières
http://www.antonyme.org/antonyme/lumineuse,lumineuse
http://www.antonyme.org/antonyme/lumineusement,lumineusement
http://www.antonyme.org/antonyme/lumineux,lumineux
http://www.antonyme.org/antonyme/luminosit%C3%A9,luminosité
http://www.antonyme.org/antonyme/lunatique,lunatique
http://www.antonyme.org/antonyme/lunch,lunch
http://www.antonyme.org/antonyme/lunchs,lunchs
http://www.antonyme.org/antonyme/lustrage,lustrage
http://www.antonyme.org/antonyme/lustrer,lustrer
http://www.antonyme.org/antonyme/lustres,lustres
http://www.antonyme.org/antonyme/lutin,lutin
http://www.antonyme.org/antonyme/lutte,lutte
http://www.antonyme.org/antonyme/lutter,lutter
http://www.antonyme.org/antonyme/luttes,luttes
http://www.antonyme.org/antonyme/lutteur,lutteur
http://www.antonyme.org/antonyme/lutteuse,lutteuse
http://www.antonyme.org/antonyme/luxe,luxe
http://www.antonyme.org/antonyme/lux%C3%A9,luxé
http://www.antonyme.org/antonyme/luxer,luxer
http://www.antonyme.org/antonyme/luxueusement,luxueusement
http://www.antonyme.org/antonyme/luxueux,luxueux
http://www.antonyme.org/antonyme/luxure,luxure
http://www.antonyme.org/antonyme/luxuriance,luxuriance
http://www.antonyme.org/antonyme/luxuriant,luxuriant
http://www.antonyme.org/antonyme/luxuriante,luxuriante
http://www.antonyme.org/antonyme/luxurieux,luxurieux
http://www.antonyme.org/antonyme/lyc%C3%A9enne,lycéenne
http://www.antonyme.org/antonyme/lymphatique,lymphatique
http://www.antonyme.org/antonyme/lymphatisme,lymphatisme
http://www.antonyme.org/antonyme/lyrique,lyrique
http://www.antonyme.org/antonyme/lyriques,lyriques
http://www.antonyme.org/antonyme/timide,Timide
http://www.antonyme.org/antonyme/confirmer,Confirmer
http://www.antonyme.org/antonyme/misogyne,Misogyne
http://www.antonyme.org/antonyme/modeste,Modeste
http://www.antonyme.org/antonyme/tardif,Tardif
http://www.antonyme.org/antonyme/liberté,Liberté
http://www.antonyme.org/antonyme/sérieux,Sérieux
http://www.antonyme.org/antonyme/atout,Atout
http://www.antonyme.org/antonyme/confiance,Confiance
http://www.antonyme.org/antonyme/précéder,Précéder
http://www.antonyme.org/antonyme/important,Important
http://www.antonyme.org/antonyme/ponctuel,Ponctuel
http://www.antonyme.org/antonyme/monotone,Monotone
http://www.antonyme.org/antonyme/fiable,Fiable
http://www.antonyme.org/antonyme/original,Original
"http://www.antonyme.org/antonyme/à l'instar","à l instar"
http://www.antonyme.org/antonyme/trouver,Trouver
http://www.antonyme.org/antonyme/amour,Amour
http://www.antonyme.org/antonyme/faire,faire
"http://www.antonyme.org/antonyme/en plus","en plus"
http://www.antonyme.org/antonyme/anglais,anglais
http://www.antonyme.org/antonyme/mettre,mettre
"http://www.antonyme.org/antonyme/en effet","en effet"
http://www.antonyme.org/antonyme/contraire,contraire
http://www.antonyme.org/antonyme/être,être
http://www.antonyme.org/antonyme/avoir,avoir
http://www.antonyme.org/antonyme/problème,problème
http://www.antonyme.org/antonyme/pour,pour
http://www.antonyme.org/antonyme/travail,travail
http://www.antonyme.org/antonyme/créer,créer
http://www.antonyme.org/antonyme/demander,demander
http://www.antonyme.org/antonyme/bien,bien
http://www.antonyme.org/antonyme/important,important
http://www.antonyme.org/antonyme/prendre,prendre
http://www.antonyme.org/antonyme/experience,expérience
http://www.antonyme.org/antonyme/amour,amour
http://www.antonyme.org/antonyme/dire,dire
http://www.antonyme.org/antonyme/trouver,trouver
http://www.antonyme.org/antonyme/augmenter,augmenter
http://www.antonyme.org/antonyme/installer,installer
"http://www.antonyme.org/antonyme/en fait","en fait"
http://www.antonyme.org/antonyme/voir,voir
http://www.antonyme.org/antonyme/aimer,aimer
http://www.antonyme.org/antonyme/temps,temps
http://www.antonyme.org/antonyme/petit,petit
http://www.antonyme.org/antonyme/obtenir,obtenir
http://www.antonyme.org/antonyme/analyse,analyse
http://www.antonyme.org/antonyme/utiliser,utiliser
http://www.antonyme.org/antonyme/savoir,savoir
http://www.antonyme.org/antonyme/montrer,montrer
http://www.antonyme.org/antonyme/développer,développer
http://www.antonyme.org/antonyme/origine,origine
http://www.antonyme.org/antonyme/fin,fin
"http://www.antonyme.org/antonyme/du coup","du coup"
"http://www.antonyme.org/antonyme/en ligne","en ligne"
http://www.antonyme.org/antonyme/changer,changer
http://www.antonyme.org/antonyme/oeuvre,oeuvre
http://www.antonyme.org/antonyme/intéresser,intéresser
http://www.antonyme.org/antonyme/bonne,bonne
http://www.antonyme.org/antonyme/présentation,présentation
http://www.antonyme.org/antonyme/aide,aide
http://www.antonyme.org/antonyme/différent,différent
http://www.antonyme.org/antonyme/vie,vie
http://www.antonyme.org/antonyme/aider,aider
http://www.antonyme.org/antonyme/réaliser,réaliser
http://www.antonyme.org/antonyme/cause,cause
http://www.antonyme.org/antonyme/souhaiter,souhaiter
http://www.antonyme.org/antonyme/belle,belle
http://www.antonyme.org/antonyme/découvrir,découvrir
http://www.antonyme.org/antonyme/intéressant,intéressant
http://www.antonyme.org/antonyme/présenter,présenter
"http://www.antonyme.org/antonyme/suite à","suite à"
http://www.antonyme.org/antonyme/intégrer,intégrer
http://www.antonyme.org/antonyme/grand,grand
http://www.antonyme.org/antonyme/connaître,connaître
http://www.antonyme.org/antonyme/démonter,démonter
http://www.antonyme.org/antonyme/effectuer,effectuer
http://www.antonyme.org/antonyme/beau,beau
http://www.antonyme.org/antonyme/connaissance,connaissance
http://www.antonyme.org/antonyme/emploi,emploi
http://www.antonyme.org/antonyme/recherche,recherche
"http://www.antonyme.org/antonyme/par contre","par contre"
http://www.antonyme.org/antonyme/parler,parler
http://www.antonyme.org/antonyme/explication,explication
http://www.antonyme.org/antonyme/penser,penser
http://www.antonyme.org/antonyme/avec,avec
http://www.antonyme.org/antonyme/triste,triste
http://www.antonyme.org/antonyme/regarder,regarder
http://www.antonyme.org/antonyme/travailler,travailler
http://www.antonyme.org/antonyme/améliorer,améliorer
http://www.antonyme.org/antonyme/tristesse,tristesse
http://www.antonyme.org/antonyme/passer,passer
http://www.antonyme.org/antonyme/création,création
http://www.antonyme.org/antonyme/acquérir,acquérir
"http://www.antonyme.org/antonyme/ainsi que","ainsi que"
http://www.antonyme.org/antonyme/intérêt,intérêt
http://www.antonyme.org/antonyme/passionné,passionné
http://www.antonyme.org/antonyme/peur,peur
http://www.antonyme.org/antonyme/adapter,adapter
http://www.antonyme.org/antonyme/rechercher,rechercher
http://www.antonyme.org/antonyme/passion,passion
http://www.antonyme.org/antonyme/accord,accord
http://www.antonyme.org/antonyme/organisation,organisation
http://www.antonyme.org/antonyme/compétence,compétence
