http://www.antonyme.org/antonyme/macabre,macabre
http://www.antonyme.org/antonyme/macchab%C3%A9e,macchabée
http://www.antonyme.org/antonyme/mac%C3%A9ration,macération
http://www.antonyme.org/antonyme/m%C3%A2cher,mâcher
http://www.antonyme.org/antonyme/machiav%C3%A9lique,machiavélique
http://www.antonyme.org/antonyme/machinal,machinal
http://www.antonyme.org/antonyme/machinale,machinale
http://www.antonyme.org/antonyme/machinalement,machinalement
http://www.antonyme.org/antonyme/machiste,machiste
http://www.antonyme.org/antonyme/m%C3%A2chonner,mâchonner
http://www.antonyme.org/antonyme/machos,machos
http://www.antonyme.org/antonyme/m%C3%A2chouiller,mâchouiller
http://www.antonyme.org/antonyme/m%C3%A2churer,mâchurer
http://www.antonyme.org/antonyme/macrocosmique,macrocosmique
http://www.antonyme.org/antonyme/maculer,maculer
http://www.antonyme.org/antonyme/mademoiselle,mademoiselle
http://www.antonyme.org/antonyme/madrigal,madrigal
http://www.antonyme.org/antonyme/maelstr%C3%B6m,maelström
http://www.antonyme.org/antonyme/maestria,maestria
http://www.antonyme.org/antonyme/maestro,maestro
http://www.antonyme.org/antonyme/magasin,magasin
http://www.antonyme.org/antonyme/mage,mage
http://www.antonyme.org/antonyme/magicienne,magicienne
http://www.antonyme.org/antonyme/magique,magique
http://www.antonyme.org/antonyme/magister,magister
http://www.antonyme.org/antonyme/magistral,magistral
http://www.antonyme.org/antonyme/magistrat,magistrat
http://www.antonyme.org/antonyme/magnanime,magnanime
http://www.antonyme.org/antonyme/magnanimit%C3%A9,magnanimité
http://www.antonyme.org/antonyme/magnat,magnat
http://www.antonyme.org/antonyme/magn%C3%A9tique,magnétique
http://www.antonyme.org/antonyme/magnificence,magnificence
http://www.antonyme.org/antonyme/magnifier,magnifier
http://www.antonyme.org/antonyme/magnifique,magnifique
http://www.antonyme.org/antonyme/magnifiquement,magnifiquement
http://www.antonyme.org/antonyme/magnifiques,magnifiques
http://www.antonyme.org/antonyme/maigre,maigre
http://www.antonyme.org/antonyme/maigrelet,maigrelet
http://www.antonyme.org/antonyme/maigrelette,maigrelette
http://www.antonyme.org/antonyme/maigrement,maigrement
http://www.antonyme.org/antonyme/maigres,maigres
http://www.antonyme.org/antonyme/maigreur,maigreur
http://www.antonyme.org/antonyme/maigrichon,maigrichon
http://www.antonyme.org/antonyme/maigrichonne,maigrichonne
http://www.antonyme.org/antonyme/maigriotte,maigriotte
http://www.antonyme.org/antonyme/maigrir,maigrir
http://www.antonyme.org/antonyme/main,main
http://www.antonyme.org/antonyme/mainmise,mainmise
http://www.antonyme.org/antonyme/mains,mains
http://www.antonyme.org/antonyme/maintenait,maintenait
http://www.antonyme.org/antonyme/maintenant,maintenant
http://www.antonyme.org/antonyme/maintenir,maintenir
http://www.antonyme.org/antonyme/maintenu,maintenu
http://www.antonyme.org/antonyme/maintenue,maintenue
http://www.antonyme.org/antonyme/maintenus,maintenus
http://www.antonyme.org/antonyme/maintien,maintien
http://www.antonyme.org/antonyme/maintiennent,maintiennent
http://www.antonyme.org/antonyme/maintient,maintient
http://www.antonyme.org/antonyme/maints,maints
http://www.antonyme.org/antonyme/maison,maison
http://www.antonyme.org/antonyme/ma%C3%AEtre,maître
http://www.antonyme.org/antonyme/ma%C3%AEtres,maîtres
http://www.antonyme.org/antonyme/ma%C3%AEtresse,maîtresse
http://www.antonyme.org/antonyme/ma%C3%AEtrise,maîtrise
http://www.antonyme.org/antonyme/ma%C3%AEtris%C3%A9,maîtrisé
http://www.antonyme.org/antonyme/ma%C3%AEtris%C3%A9e,maîtrisée
http://www.antonyme.org/antonyme/ma%C3%AEtriser,maîtriser
http://www.antonyme.org/antonyme/ma%C3%AEtrises,maîtrises
http://www.antonyme.org/antonyme/majest%C3%A9,majesté
http://www.antonyme.org/antonyme/majestueuse,majestueuse
http://www.antonyme.org/antonyme/majestueusement,majestueusement
http://www.antonyme.org/antonyme/majestueux,majestueux
http://www.antonyme.org/antonyme/majeur,majeur
http://www.antonyme.org/antonyme/majeure,majeure
http://www.antonyme.org/antonyme/majeures,majeures
http://www.antonyme.org/antonyme/majeurs,majeurs
http://www.antonyme.org/antonyme/majoration,majoration
http://www.antonyme.org/antonyme/majordome,majordome
http://www.antonyme.org/antonyme/major%C3%A9,majoré
http://www.antonyme.org/antonyme/majorer,majorer
http://www.antonyme.org/antonyme/majoritaire,majoritaire
http://www.antonyme.org/antonyme/majoritairement,majoritairement
http://www.antonyme.org/antonyme/majoritaires,majoritaires
http://www.antonyme.org/antonyme/majorit%C3%A9,majorité
http://www.antonyme.org/antonyme/majuscule,majuscule
http://www.antonyme.org/antonyme/mal,mal
http://www.antonyme.org/antonyme/malabar,malabar
http://www.antonyme.org/antonyme/malade,malade
http://www.antonyme.org/antonyme/malades,malades
http://www.antonyme.org/antonyme/maladie,maladie
http://www.antonyme.org/antonyme/maladies,maladies
http://www.antonyme.org/antonyme/maladif,maladif
http://www.antonyme.org/antonyme/maladresse,maladresse
http://www.antonyme.org/antonyme/maladresses,maladresses
http://www.antonyme.org/antonyme/maladroit,maladroit
http://www.antonyme.org/antonyme/maladroite,maladroite
http://www.antonyme.org/antonyme/maladroitement,maladroitement
http://www.antonyme.org/antonyme/malaise,malaise
http://www.antonyme.org/antonyme/malais%C3%A9,malaisé
http://www.antonyme.org/antonyme/malais%C3%A9ment,malaisément
http://www.antonyme.org/antonyme/malandrin,malandrin
http://www.antonyme.org/antonyme/malappris,malappris
http://www.antonyme.org/antonyme/malavis%C3%A9,malavisé
http://www.antonyme.org/antonyme/malchance,malchance
http://www.antonyme.org/antonyme/malchanceuse,malchanceuse
http://www.antonyme.org/antonyme/malchanceux,malchanceux
http://www.antonyme.org/antonyme/malcommode,malcommode
http://www.antonyme.org/antonyme/maldonne,maldonne
http://www.antonyme.org/antonyme/m%C3%A2le,mâle
http://www.antonyme.org/antonyme/mal%C3%A9diction,malédiction
http://www.antonyme.org/antonyme/mal%C3%A9fique,maléfique
http://www.antonyme.org/antonyme/malencontreuse,malencontreuse
http://www.antonyme.org/antonyme/malencontreusement,malencontreusement
http://www.antonyme.org/antonyme/malencontreux,malencontreux
http://www.antonyme.org/antonyme/malentendu,malentendu
http://www.antonyme.org/antonyme/malentendus,malentendus
http://www.antonyme.org/antonyme/mal%C3%A9vole,malévole
http://www.antonyme.org/antonyme/malfa%C3%A7on,malfaçon
http://www.antonyme.org/antonyme/malfaisance,malfaisance
http://www.antonyme.org/antonyme/malfaisant,malfaisant
http://www.antonyme.org/antonyme/malfaiteur,malfaiteur
http://www.antonyme.org/antonyme/malfaiteurs,malfaiteurs
http://www.antonyme.org/antonyme/malfrat,malfrat
http://www.antonyme.org/antonyme/malgracieux,malgracieux
http://www.antonyme.org/antonyme/malgr%C3%A9,malgré
http://www.antonyme.org/antonyme/malhabile,malhabile
http://www.antonyme.org/antonyme/malhabilement,malhabilement
http://www.antonyme.org/antonyme/malhabilet%C3%A9,malhabileté
http://www.antonyme.org/antonyme/malheur,malheur
http://www.antonyme.org/antonyme/malheureuse,malheureuse
http://www.antonyme.org/antonyme/malheureusement,malheureusement
http://www.antonyme.org/antonyme/malheureux,malheureux
http://www.antonyme.org/antonyme/malheurs,malheurs
http://www.antonyme.org/antonyme/malhonn%C3%AAte,malhonnête
http://www.antonyme.org/antonyme/malhonn%C3%AAtement,malhonnêtement
http://www.antonyme.org/antonyme/malhonn%C3%AAtes,malhonnêtes
http://www.antonyme.org/antonyme/malhonn%C3%AAtet%C3%A9,malhonnêteté
http://www.antonyme.org/antonyme/mali,mali
http://www.antonyme.org/antonyme/malice,malice
http://www.antonyme.org/antonyme/malices,malices
http://www.antonyme.org/antonyme/malicieusement,malicieusement
http://www.antonyme.org/antonyme/malicieux,malicieux
http://www.antonyme.org/antonyme/maligne,maligne
http://www.antonyme.org/antonyme/malignit%C3%A9,malignité
http://www.antonyme.org/antonyme/malin,malin
http://www.antonyme.org/antonyme/malingre,malingre
http://www.antonyme.org/antonyme/malins,malins
http://www.antonyme.org/antonyme/malintentionn%C3%A9,malintentionné
http://www.antonyme.org/antonyme/mall%C3%A9abilit%C3%A9,malléabilité
http://www.antonyme.org/antonyme/mall%C3%A9able,malléable
http://www.antonyme.org/antonyme/mall%C3%A9ables,malléables
http://www.antonyme.org/antonyme/malmener,malmener
http://www.antonyme.org/antonyme/malnutrition,malnutrition
http://www.antonyme.org/antonyme/malotru,malotru
http://www.antonyme.org/antonyme/malpoli,malpoli
http://www.antonyme.org/antonyme/malpropre,malpropre
http://www.antonyme.org/antonyme/malpropret%C3%A9,malpropreté
http://www.antonyme.org/antonyme/malsain,malsain
http://www.antonyme.org/antonyme/malsaine,malsaine
http://www.antonyme.org/antonyme/malsains,malsains
http://www.antonyme.org/antonyme/mals%C3%A9ant,malséant
http://www.antonyme.org/antonyme/malsonnant,malsonnant
http://www.antonyme.org/antonyme/maltraiter,maltraiter
http://www.antonyme.org/antonyme/malveillance,malveillance
http://www.antonyme.org/antonyme/malveillant,malveillant
http://www.antonyme.org/antonyme/malveillante,malveillante
http://www.antonyme.org/antonyme/malveillants,malveillants
http://www.antonyme.org/antonyme/malvenu,malvenu
http://www.antonyme.org/antonyme/malvoyant,malvoyant
http://www.antonyme.org/antonyme/maman,maman
http://www.antonyme.org/antonyme/mammouth,mammouth
http://www.antonyme.org/antonyme/manager,manager
http://www.antonyme.org/antonyme/manche,manche
http://www.antonyme.org/antonyme/manches,manches
http://www.antonyme.org/antonyme/manchette,manchette
http://www.antonyme.org/antonyme/manchot,manchot
http://www.antonyme.org/antonyme/mandant,mandant
http://www.antonyme.org/antonyme/mandarin,mandarin
http://www.antonyme.org/antonyme/mandarine,mandarine
http://www.antonyme.org/antonyme/mandataire,mandataire
http://www.antonyme.org/antonyme/mandater,mandater
http://www.antonyme.org/antonyme/mandement,mandement
http://www.antonyme.org/antonyme/mander,mander
http://www.antonyme.org/antonyme/mange,mange
http://www.antonyme.org/antonyme/mange-tout,mange-tout
http://www.antonyme.org/antonyme/mangeable,mangeable
http://www.antonyme.org/antonyme/mangeotter,mangeotter
http://www.antonyme.org/antonyme/manger,manger
http://www.antonyme.org/antonyme/maniable,maniable
http://www.antonyme.org/antonyme/maniaque,maniaque
http://www.antonyme.org/antonyme/manie,manie
http://www.antonyme.org/antonyme/manier,manier
http://www.antonyme.org/antonyme/mani%C3%A9r%C3%A9,maniéré
http://www.antonyme.org/antonyme/mani%C3%A8re,manière
http://www.antonyme.org/antonyme/mani%C3%A8res,manières
http://www.antonyme.org/antonyme/mani%C3%A9risme,maniérisme
http://www.antonyme.org/antonyme/manifestant,manifestant
http://www.antonyme.org/antonyme/manifestation,manifestation
http://www.antonyme.org/antonyme/manifestations,manifestations
http://www.antonyme.org/antonyme/manifeste,manifeste
http://www.antonyme.org/antonyme/manifest%C3%A9,manifesté
http://www.antonyme.org/antonyme/manifest%C3%A9e,manifestée
http://www.antonyme.org/antonyme/manifestement,manifestement
http://www.antonyme.org/antonyme/manifestent,manifestent
http://www.antonyme.org/antonyme/manifester,manifester
http://www.antonyme.org/antonyme/manipulation,manipulation
http://www.antonyme.org/antonyme/manipulatrice,manipulatrice
http://www.antonyme.org/antonyme/manitou,manitou
http://www.antonyme.org/antonyme/manoir,manoir
http://www.antonyme.org/antonyme/manouche,manouche
http://www.antonyme.org/antonyme/manquait,manquait
http://www.antonyme.org/antonyme/manque,manque
http://www.antonyme.org/antonyme/manqu%C3%A9,manqué
http://www.antonyme.org/antonyme/manquent,manquent
http://www.antonyme.org/antonyme/manquer,manquer
http://www.antonyme.org/antonyme/manquera,manquera
http://www.antonyme.org/antonyme/mansarde,mansarde
http://www.antonyme.org/antonyme/mansu%C3%A9tude,mansuétude
http://www.antonyme.org/antonyme/manuel,manuel
http://www.antonyme.org/antonyme/manuelle,manuelle
http://www.antonyme.org/antonyme/manuellement,manuellement
http://www.antonyme.org/antonyme/manuels,manuels
http://www.antonyme.org/antonyme/manuscrit,manuscrit
http://www.antonyme.org/antonyme/manuscrits,manuscrits
http://www.antonyme.org/antonyme/mappemonde,mappemonde
http://www.antonyme.org/antonyme/maquer,maquer
http://www.antonyme.org/antonyme/maquette,maquette
http://www.antonyme.org/antonyme/maquettes,maquettes
http://www.antonyme.org/antonyme/maquiller,maquiller
http://www.antonyme.org/antonyme/maquis,maquis
http://www.antonyme.org/antonyme/marais,marais
http://www.antonyme.org/antonyme/marasme,marasme
http://www.antonyme.org/antonyme/marauder,marauder
http://www.antonyme.org/antonyme/marchais,marchais
http://www.antonyme.org/antonyme/marchait,marchait
http://www.antonyme.org/antonyme/marchand,marchand
http://www.antonyme.org/antonyme/marchandage,marchandage
http://www.antonyme.org/antonyme/marchande,marchande
http://www.antonyme.org/antonyme/marchands,marchands
http://www.antonyme.org/antonyme/marchant,marchant
http://www.antonyme.org/antonyme/marche,marche
http://www.antonyme.org/antonyme/march%C3%A9,marché
http://www.antonyme.org/antonyme/marchent,marchent
http://www.antonyme.org/antonyme/marcher,marcher
http://www.antonyme.org/antonyme/marches,marches
http://www.antonyme.org/antonyme/march%C3%A9s,marchés
http://www.antonyme.org/antonyme/mare,mare
http://www.antonyme.org/antonyme/mar%C3%A9e,marée
http://www.antonyme.org/antonyme/mar%C3%A9es,marées
http://www.antonyme.org/antonyme/marge,marge
http://www.antonyme.org/antonyme/marges,marges
http://www.antonyme.org/antonyme/marginal,marginal
http://www.antonyme.org/antonyme/marginalisation,marginalisation
http://www.antonyme.org/antonyme/marginaliser,marginaliser
http://www.antonyme.org/antonyme/marginaux,marginaux
http://www.antonyme.org/antonyme/mari,mari
http://www.antonyme.org/antonyme/maria,maria
http://www.antonyme.org/antonyme/mariable,mariable
http://www.antonyme.org/antonyme/mariage,mariage
http://www.antonyme.org/antonyme/mariages,mariages
http://www.antonyme.org/antonyme/marie,marie
http://www.antonyme.org/antonyme/mari%C3%A9,marié
http://www.antonyme.org/antonyme/mari%C3%A9e,mariée
http://www.antonyme.org/antonyme/marier,marier
http://www.antonyme.org/antonyme/mari%C3%A9s,mariés
http://www.antonyme.org/antonyme/marin,marin
http://www.antonyme.org/antonyme/marine,marine
http://www.antonyme.org/antonyme/mariner,mariner
http://www.antonyme.org/antonyme/marines,marines
http://www.antonyme.org/antonyme/marins,marins
http://www.antonyme.org/antonyme/marital,marital
http://www.antonyme.org/antonyme/maritime,maritime
http://www.antonyme.org/antonyme/maritimes,maritimes
http://www.antonyme.org/antonyme/marmaille,marmaille
http://www.antonyme.org/antonyme/marmonner,marmonner
http://www.antonyme.org/antonyme/marmot,marmot
http://www.antonyme.org/antonyme/marmots,marmots
http://www.antonyme.org/antonyme/marmotter,marmotter
http://www.antonyme.org/antonyme/marquait,marquait
http://www.antonyme.org/antonyme/marque,marque
http://www.antonyme.org/antonyme/marqu%C3%A9,marqué
http://www.antonyme.org/antonyme/marqu%C3%A9e,marquée
http://www.antonyme.org/antonyme/marqu%C3%A9es,marquées
http://www.antonyme.org/antonyme/marquer,marquer
http://www.antonyme.org/antonyme/marques,marques
http://www.antonyme.org/antonyme/marqu%C3%A9s,marqués
http://www.antonyme.org/antonyme/marquet%C3%A9,marqueté
http://www.antonyme.org/antonyme/marrant,marrant
http://www.antonyme.org/antonyme/marrer,marrer
http://www.antonyme.org/antonyme/marron,marron
http://www.antonyme.org/antonyme/marteler,marteler
http://www.antonyme.org/antonyme/martiale,martiale
http://www.antonyme.org/antonyme/martyre,martyre
http://www.antonyme.org/antonyme/marxisme,marxisme
http://www.antonyme.org/antonyme/marxiste,marxiste
http://www.antonyme.org/antonyme/masculin,masculin
http://www.antonyme.org/antonyme/masculine,masculine
http://www.antonyme.org/antonyme/masculinit%C3%A9,masculinité
http://www.antonyme.org/antonyme/masculins,masculins
http://www.antonyme.org/antonyme/masochisme,masochisme
http://www.antonyme.org/antonyme/masquage,masquage
http://www.antonyme.org/antonyme/masque,masque
http://www.antonyme.org/antonyme/masqu%C3%A9,masqué
http://www.antonyme.org/antonyme/masquer,masquer
http://www.antonyme.org/antonyme/masques,masques
http://www.antonyme.org/antonyme/masqu%C3%A9s,masqués
http://www.antonyme.org/antonyme/massacre,massacre
http://www.antonyme.org/antonyme/massacrer,massacrer
http://www.antonyme.org/antonyme/massacres,massacres
http://www.antonyme.org/antonyme/masse,masse
http://www.antonyme.org/antonyme/masser,masser
http://www.antonyme.org/antonyme/masses,masses
http://www.antonyme.org/antonyme/massicoter,massicoter
http://www.antonyme.org/antonyme/massif,massif
http://www.antonyme.org/antonyme/massifier,massifier
http://www.antonyme.org/antonyme/massifs,massifs
http://www.antonyme.org/antonyme/massive,massive
http://www.antonyme.org/antonyme/massives,massives
http://www.antonyme.org/antonyme/mastard,mastard
http://www.antonyme.org/antonyme/mastiquer,mastiquer
http://www.antonyme.org/antonyme/mastoc,mastoc
http://www.antonyme.org/antonyme/mastodonte,mastodonte
http://www.antonyme.org/antonyme/masturber,masturber
http://www.antonyme.org/antonyme/masure,masure
http://www.antonyme.org/antonyme/masures,masures
http://www.antonyme.org/antonyme/mat,mat
http://www.antonyme.org/antonyme/m%C3%A2t,mât
http://www.antonyme.org/antonyme/match,match
http://www.antonyme.org/antonyme/matchs,matchs
http://www.antonyme.org/antonyme/mat%C3%A9,maté
http://www.antonyme.org/antonyme/mater,mater
http://www.antonyme.org/antonyme/mat%C3%A9rialisation,matérialisation
http://www.antonyme.org/antonyme/mat%C3%A9rialiser,matérialiser
http://www.antonyme.org/antonyme/mat%C3%A9rialisme,matérialisme
http://www.antonyme.org/antonyme/mat%C3%A9rialiste,matérialiste
http://www.antonyme.org/antonyme/mat%C3%A9rialit%C3%A9,matérialité
http://www.antonyme.org/antonyme/mat%C3%A9riel,matériel
http://www.antonyme.org/antonyme/mat%C3%A9rielle,matérielle
http://www.antonyme.org/antonyme/mat%C3%A9riellement,matériellement
http://www.antonyme.org/antonyme/mat%C3%A9rielles,matérielles
http://www.antonyme.org/antonyme/mat%C3%A9riels,matériels
http://www.antonyme.org/antonyme/maternit%C3%A9,maternité
http://www.antonyme.org/antonyme/m%C3%A2t%C3%A9s,mâtés
http://www.antonyme.org/antonyme/mati%C3%A8re,matière
http://www.antonyme.org/antonyme/mati%C3%A8res,matières
http://www.antonyme.org/antonyme/matin,matin
http://www.antonyme.org/antonyme/m%C3%A2tin,mâtin
http://www.antonyme.org/antonyme/matinal,matinal
http://www.antonyme.org/antonyme/matinale,matinale
http://www.antonyme.org/antonyme/matinaux,matinaux
http://www.antonyme.org/antonyme/m%C3%A2tin%C3%A9,mâtiné
http://www.antonyme.org/antonyme/matin%C3%A9e,matinée
http://www.antonyme.org/antonyme/matins,matins
http://www.antonyme.org/antonyme/matois,matois
http://www.antonyme.org/antonyme/matoiserie,matoiserie
http://www.antonyme.org/antonyme/maton,maton
http://www.antonyme.org/antonyme/matraquer,matraquer
http://www.antonyme.org/antonyme/matrimonial,matrimonial
http://www.antonyme.org/antonyme/matronyme,matronyme
http://www.antonyme.org/antonyme/mats,mats
http://www.antonyme.org/antonyme/m%C3%A2ts,mâts
http://www.antonyme.org/antonyme/maturit%C3%A9,maturité
http://www.antonyme.org/antonyme/matutinal,matutinal
http://www.antonyme.org/antonyme/matutinale,matutinale
http://www.antonyme.org/antonyme/maudire,maudire
http://www.antonyme.org/antonyme/maudit,maudit
http://www.antonyme.org/antonyme/maussade,maussade
http://www.antonyme.org/antonyme/maussaderie,maussaderie
http://www.antonyme.org/antonyme/mauvais,mauvais
http://www.antonyme.org/antonyme/mauvaise,mauvaise
http://www.antonyme.org/antonyme/mauvaises,mauvaises
http://www.antonyme.org/antonyme/mauviette,mauviette
http://www.antonyme.org/antonyme/maux,maux
http://www.antonyme.org/antonyme/maxi,maxi
http://www.antonyme.org/antonyme/maximal,maximal
http://www.antonyme.org/antonyme/maximale,maximale
http://www.antonyme.org/antonyme/maximum,maximum
http://www.antonyme.org/antonyme/mazouter,mazouter
http://www.antonyme.org/antonyme/m%C3%A9andre,méandre
http://www.antonyme.org/antonyme/mec,mec
http://www.antonyme.org/antonyme/m%C3%A9caniquement,mécaniquement
http://www.antonyme.org/antonyme/m%C3%A9canisme,mécanisme
http://www.antonyme.org/antonyme/m%C3%A9canismes,mécanismes
http://www.antonyme.org/antonyme/m%C3%A9chamment,méchamment
http://www.antonyme.org/antonyme/m%C3%A9chancet%C3%A9,méchanceté
http://www.antonyme.org/antonyme/m%C3%A9chancet%C3%A9s,méchancetés
http://www.antonyme.org/antonyme/m%C3%A9chant,méchant
http://www.antonyme.org/antonyme/m%C3%A9chante,méchante
http://www.antonyme.org/antonyme/m%C3%A9chants,méchants
http://www.antonyme.org/antonyme/m%C3%A8che,mèche
http://www.antonyme.org/antonyme/m%C3%A9connaissance,méconnaissance
http://www.antonyme.org/antonyme/m%C3%A9conna%C3%AEtre,méconnaître
http://www.antonyme.org/antonyme/m%C3%A9connu,méconnu
http://www.antonyme.org/antonyme/m%C3%A9connue,méconnue
http://www.antonyme.org/antonyme/m%C3%A9connus,méconnus
http://www.antonyme.org/antonyme/m%C3%A9content,mécontent
http://www.antonyme.org/antonyme/m%C3%A9contente,mécontente
http://www.antonyme.org/antonyme/m%C3%A9contentement,mécontentement
http://www.antonyme.org/antonyme/m%C3%A9contenter,mécontenter
http://www.antonyme.org/antonyme/m%C3%A9contents,mécontents
http://www.antonyme.org/antonyme/m%C3%A9cr%C3%A9ant,mécréant
http://www.antonyme.org/antonyme/mecton,mecton
http://www.antonyme.org/antonyme/m%C3%A9dailler,médailler
http://www.antonyme.org/antonyme/m%C3%A9dian,médian
http://www.antonyme.org/antonyme/m%C3%A9diat,médiat
http://www.antonyme.org/antonyme/m%C3%A9diateur,médiateur
http://www.antonyme.org/antonyme/m%C3%A9diation,médiation
http://www.antonyme.org/antonyme/m%C3%A9diatrice,médiatrice
http://www.antonyme.org/antonyme/m%C3%A9dicament,médicament
http://www.antonyme.org/antonyme/m%C3%A9dicaments,médicaments
http://www.antonyme.org/antonyme/m%C3%A9dication,médication
http://www.antonyme.org/antonyme/m%C3%A9dicinal,médicinal
http://www.antonyme.org/antonyme/m%C3%A9dina,médina
http://www.antonyme.org/antonyme/m%C3%A9diocre,médiocre
http://www.antonyme.org/antonyme/m%C3%A9diocrement,médiocrement
http://www.antonyme.org/antonyme/m%C3%A9diocres,médiocres
http://www.antonyme.org/antonyme/m%C3%A9diocrit%C3%A9,médiocrité
http://www.antonyme.org/antonyme/m%C3%A9dire,médire
http://www.antonyme.org/antonyme/m%C3%A9disance,médisance
http://www.antonyme.org/antonyme/m%C3%A9disant,médisant
http://www.antonyme.org/antonyme/m%C3%A9disante,médisante
http://www.antonyme.org/antonyme/m%C3%A9disantes,médisantes
http://www.antonyme.org/antonyme/m%C3%A9ditation,méditation
http://www.antonyme.org/antonyme/m%C3%A9diter,méditer
http://www.antonyme.org/antonyme/m%C3%A9duser,méduser
http://www.antonyme.org/antonyme/meeting,meeting
http://www.antonyme.org/antonyme/meetings,meetings
http://www.antonyme.org/antonyme/m%C3%A9fait,méfait
http://www.antonyme.org/antonyme/m%C3%A9fiance,méfiance
http://www.antonyme.org/antonyme/m%C3%A9fiant,méfiant
http://www.antonyme.org/antonyme/m%C3%A9fiante,méfiante
http://www.antonyme.org/antonyme/m%C3%A9fier,méfier
http://www.antonyme.org/antonyme/m%C3%A9galopole,mégalopole
http://www.antonyme.org/antonyme/m%C3%A9garde,mégarde
http://www.antonyme.org/antonyme/m%C3%A9goter,mégoter
http://www.antonyme.org/antonyme/meilleur,meilleur
http://www.antonyme.org/antonyme/meilleure,meilleure
http://www.antonyme.org/antonyme/meilleures,meilleures
http://www.antonyme.org/antonyme/meilleurs,meilleurs
http://www.antonyme.org/antonyme/m%C3%A9lancolie,mélancolie
http://www.antonyme.org/antonyme/m%C3%A9lancolique,mélancolique
http://www.antonyme.org/antonyme/m%C3%A9lange,mélange
http://www.antonyme.org/antonyme/m%C3%A9lang%C3%A9,mélangé
http://www.antonyme.org/antonyme/m%C3%A9langer,mélanger
http://www.antonyme.org/antonyme/m%C3%AAlant,mêlant
http://www.antonyme.org/antonyme/m%C3%A9lasse,mélasse
http://www.antonyme.org/antonyme/m%C3%AAl%C3%A9e,mêlée
http://www.antonyme.org/antonyme/m%C3%AAlent,mêlent
http://www.antonyme.org/antonyme/m%C3%AAler,mêler
http://www.antonyme.org/antonyme/m%C3%A9lioratif,mélioratif
http://www.antonyme.org/antonyme/m%C3%A9liorative,méliorative
http://www.antonyme.org/antonyme/m%C3%A9lodie,mélodie
http://www.antonyme.org/antonyme/m%C3%A9lodieuse,mélodieuse
http://www.antonyme.org/antonyme/m%C3%A9lodieux,mélodieux
http://www.antonyme.org/antonyme/m%C3%AAme,même
http://www.antonyme.org/antonyme/m%C3%A9m%C3%A9,mémé
http://www.antonyme.org/antonyme/m%C3%AAmes,mêmes
http://www.antonyme.org/antonyme/m%C3%A9moire,mémoire
http://www.antonyme.org/antonyme/m%C3%A9moires,mémoires
http://www.antonyme.org/antonyme/m%C3%A9morable,mémorable
http://www.antonyme.org/antonyme/m%C3%A9moriser,mémoriser
http://www.antonyme.org/antonyme/mena%C3%A7ant,menaçant
http://www.antonyme.org/antonyme/mena%C3%A7ante,menaçante
http://www.antonyme.org/antonyme/menace,menace
http://www.antonyme.org/antonyme/menac%C3%A9,menacé
http://www.antonyme.org/antonyme/menac%C3%A9e,menacée
http://www.antonyme.org/antonyme/menacent,menacent
http://www.antonyme.org/antonyme/menacer,menacer
http://www.antonyme.org/antonyme/menaces,menaces
http://www.antonyme.org/antonyme/menac%C3%A9s,menacés
http://www.antonyme.org/antonyme/m%C3%A9nage,ménage
http://www.antonyme.org/antonyme/m%C3%A9nag%C3%A9,ménagé
http://www.antonyme.org/antonyme/m%C3%A9nagement,ménagement
http://www.antonyme.org/antonyme/m%C3%A9nager,ménager
http://www.antonyme.org/antonyme/m%C3%A9nages,ménages
http://www.antonyme.org/antonyme/menait,menait
http://www.antonyme.org/antonyme/mendiant,mendiant
http://www.antonyme.org/antonyme/mendiante,mendiante
http://www.antonyme.org/antonyme/mendicit%C3%A9,mendicité
http://www.antonyme.org/antonyme/mendier,mendier
http://www.antonyme.org/antonyme/mendigot,mendigot
http://www.antonyme.org/antonyme/m%C3%A8ne,mène
http://www.antonyme.org/antonyme/men%C3%A9e,menée
http://www.antonyme.org/antonyme/mener,mener
http://www.antonyme.org/antonyme/m%C3%A9nestrel,ménestrel
http://www.antonyme.org/antonyme/meneuse,meneuse
http://www.antonyme.org/antonyme/m%C3%A9norragie,ménorragie
http://www.antonyme.org/antonyme/mensonge,mensonge
http://www.antonyme.org/antonyme/mensonger,mensonger
http://www.antonyme.org/antonyme/mensong%C3%A8rement,mensongèrement
http://www.antonyme.org/antonyme/mensonges,mensonges
http://www.antonyme.org/antonyme/menstruation,menstruation
http://www.antonyme.org/antonyme/menstrues,menstrues
http://www.antonyme.org/antonyme/mental,mental
http://www.antonyme.org/antonyme/mentale,mentale
http://www.antonyme.org/antonyme/mentalement,mentalement
http://www.antonyme.org/antonyme/mentales,mentales
http://www.antonyme.org/antonyme/mentaux,mentaux
http://www.antonyme.org/antonyme/menterie,menterie
http://www.antonyme.org/antonyme/menteur,menteur
http://www.antonyme.org/antonyme/menteuse,menteuse
http://www.antonyme.org/antonyme/mention,mention
http://www.antonyme.org/antonyme/mentionner,mentionner
http://www.antonyme.org/antonyme/mentions,mentions
http://www.antonyme.org/antonyme/menu,menu
http://www.antonyme.org/antonyme/menus,menus
http://www.antonyme.org/antonyme/m%C3%A9phistoph%C3%A9lique,méphistophélique
http://www.antonyme.org/antonyme/m%C3%A9phitique,méphitique
http://www.antonyme.org/antonyme/m%C3%A9prendre,méprendre
http://www.antonyme.org/antonyme/m%C3%A9pris,mépris
http://www.antonyme.org/antonyme/m%C3%A9prisable,méprisable
http://www.antonyme.org/antonyme/m%C3%A9prisant,méprisant
http://www.antonyme.org/antonyme/m%C3%A9prisante,méprisante
http://www.antonyme.org/antonyme/m%C3%A9priser,mépriser
http://www.antonyme.org/antonyme/mer,mer
http://www.antonyme.org/antonyme/mercantile,mercantile
http://www.antonyme.org/antonyme/mercenaires,mercenaires
http://www.antonyme.org/antonyme/merder,merder
http://www.antonyme.org/antonyme/m%C3%A8re,mère
http://www.antonyme.org/antonyme/m%C3%A8res,mères
http://www.antonyme.org/antonyme/m%C3%A9ridional,méridional
http://www.antonyme.org/antonyme/m%C3%A9ritait,méritait
http://www.antonyme.org/antonyme/m%C3%A9rite,mérite
http://www.antonyme.org/antonyme/m%C3%A9rit%C3%A9,mérité
http://www.antonyme.org/antonyme/m%C3%A9ritent,méritent
http://www.antonyme.org/antonyme/m%C3%A9riter,mériter
http://www.antonyme.org/antonyme/m%C3%A9rites,mérites
http://www.antonyme.org/antonyme/m%C3%A9ritoire,méritoire
http://www.antonyme.org/antonyme/mers,mers
http://www.antonyme.org/antonyme/merveille,merveille
http://www.antonyme.org/antonyme/merveilles,merveilles
http://www.antonyme.org/antonyme/merveilleuse,merveilleuse
http://www.antonyme.org/antonyme/merveilleusement,merveilleusement
http://www.antonyme.org/antonyme/merveilleux,merveilleux
http://www.antonyme.org/antonyme/m%C3%A9saise,mésaise
http://www.antonyme.org/antonyme/m%C3%A9salliance,mésalliance
http://www.antonyme.org/antonyme/m%C3%A9saventure,mésaventure
http://www.antonyme.org/antonyme/m%C3%A9saventures,mésaventures
http://www.antonyme.org/antonyme/m%C3%A9sentente,mésentente
http://www.antonyme.org/antonyme/m%C3%A9sestime,mésestime
http://www.antonyme.org/antonyme/m%C3%A9sintelligence,mésintelligence
http://www.antonyme.org/antonyme/mesquin,mesquin
http://www.antonyme.org/antonyme/mesquine,mesquine
http://www.antonyme.org/antonyme/mesquinement,mesquinement
http://www.antonyme.org/antonyme/mesquinerie,mesquinerie
http://www.antonyme.org/antonyme/mess%C3%A9ant,messéant
http://www.antonyme.org/antonyme/messie,messie
http://www.antonyme.org/antonyme/mesurable,mesurable
http://www.antonyme.org/antonyme/mesure,mesure
http://www.antonyme.org/antonyme/mesur%C3%A9,mesuré
http://www.antonyme.org/antonyme/mesur%C3%A9e,mesurée
http://www.antonyme.org/antonyme/mesurer,mesurer
http://www.antonyme.org/antonyme/mesures,mesures
http://www.antonyme.org/antonyme/m%C3%A9tamorphoser,métamorphoser
http://www.antonyme.org/antonyme/m%C3%A9taphorique,métaphorique
http://www.antonyme.org/antonyme/m%C3%A9taphysique,métaphysique
http://www.antonyme.org/antonyme/m%C3%A9t%C3%A8que,métèque
http://www.antonyme.org/antonyme/m%C3%A9thode,méthode
http://www.antonyme.org/antonyme/m%C3%A9thodes,méthodes
http://www.antonyme.org/antonyme/m%C3%A9thodique,méthodique
http://www.antonyme.org/antonyme/m%C3%A9ticuleuse,méticuleuse
http://www.antonyme.org/antonyme/m%C3%A9ticuleusement,méticuleusement
http://www.antonyme.org/antonyme/m%C3%A9ticuleux,méticuleux
http://www.antonyme.org/antonyme/m%C3%A9ticulosit%C3%A9,méticulosité
http://www.antonyme.org/antonyme/m%C3%A9tier,métier
http://www.antonyme.org/antonyme/m%C3%A9tiers,métiers
http://www.antonyme.org/antonyme/m%C3%A9tissage,métissage
http://www.antonyme.org/antonyme/m%C3%A9trage,métrage
http://www.antonyme.org/antonyme/m%C3%A9trages,métrages
http://www.antonyme.org/antonyme/m%C3%A9tr%C3%A9,métré
http://www.antonyme.org/antonyme/m%C3%A8tre,mètre
http://www.antonyme.org/antonyme/m%C3%A8tres,mètres
http://www.antonyme.org/antonyme/m%C3%A9tropole,métropole
http://www.antonyme.org/antonyme/m%C3%A9tropoles,métropoles
http://www.antonyme.org/antonyme/mettable,mettable
http://www.antonyme.org/antonyme/mettaient,mettaient
http://www.antonyme.org/antonyme/mettait,mettait
http://www.antonyme.org/antonyme/mettant,mettant
http://www.antonyme.org/antonyme/mette,mette
http://www.antonyme.org/antonyme/mettent,mettent
http://www.antonyme.org/antonyme/mettons,mettons
http://www.antonyme.org/antonyme/mettra,mettra
http://www.antonyme.org/antonyme/mettrait,mettrait
http://www.antonyme.org/antonyme/mettre,mettre
http://www.antonyme.org/antonyme/meuble,meuble
http://www.antonyme.org/antonyme/meubl%C3%A9,meublé
http://www.antonyme.org/antonyme/meubler,meubler
http://www.antonyme.org/antonyme/meubles,meubles
http://www.antonyme.org/antonyme/meuglement,meuglement
http://www.antonyme.org/antonyme/meuler,meuler
http://www.antonyme.org/antonyme/meurent,meurent
http://www.antonyme.org/antonyme/meurt,meurt
http://www.antonyme.org/antonyme/meurt-de-faim,meurt-de-faim
http://www.antonyme.org/antonyme/meurtrier,meurtrier
http://www.antonyme.org/antonyme/meurtri%C3%A8re,meurtrière
http://www.antonyme.org/antonyme/meurtriers,meurtriers
http://www.antonyme.org/antonyme/meurtrir,meurtrir
http://www.antonyme.org/antonyme/meurtrissure,meurtrissure
http://www.antonyme.org/antonyme/m%C3%A9vente,mévente
http://www.antonyme.org/antonyme/microbe,microbe
http://www.antonyme.org/antonyme/microscopique,microscopique
http://www.antonyme.org/antonyme/midi,midi
http://www.antonyme.org/antonyme/mie,mie
http://www.antonyme.org/antonyme/mielleuse,mielleuse
http://www.antonyme.org/antonyme/mielleusement,mielleusement
http://www.antonyme.org/antonyme/mielleux,mielleux
http://www.antonyme.org/antonyme/mieux,mieux
http://www.antonyme.org/antonyme/mi%C3%A8vre,mièvre
http://www.antonyme.org/antonyme/mi%C3%A8vrement,mièvrement
http://www.antonyme.org/antonyme/mignard,mignard
http://www.antonyme.org/antonyme/mignardise,mignardise
http://www.antonyme.org/antonyme/mignon,mignon
http://www.antonyme.org/antonyme/mignonne,mignonne
http://www.antonyme.org/antonyme/mignonnerie,mignonnerie
http://www.antonyme.org/antonyme/mignonnette,mignonnette
http://www.antonyme.org/antonyme/mignoter,mignoter
http://www.antonyme.org/antonyme/migration,migration
http://www.antonyme.org/antonyme/mijoter,mijoter
http://www.antonyme.org/antonyme/milieu,milieu
http://www.antonyme.org/antonyme/milieux,milieux
http://www.antonyme.org/antonyme/militaire,militaire
http://www.antonyme.org/antonyme/militaires,militaires
http://www.antonyme.org/antonyme/militant,militant
http://www.antonyme.org/antonyme/militants,militants
http://www.antonyme.org/antonyme/militariste,militariste
http://www.antonyme.org/antonyme/militer,militer
http://www.antonyme.org/antonyme/milliardaire,milliardaire
http://www.antonyme.org/antonyme/millionnaire,millionnaire
http://www.antonyme.org/antonyme/millionnaires,millionnaires
http://www.antonyme.org/antonyme/mimer,mimer
http://www.antonyme.org/antonyme/minable,minable
http://www.antonyme.org/antonyme/minauderies,minauderies
http://www.antonyme.org/antonyme/mince,mince
http://www.antonyme.org/antonyme/minces,minces
http://www.antonyme.org/antonyme/minceur,minceur
http://www.antonyme.org/antonyme/minceurs,minceurs
http://www.antonyme.org/antonyme/mine,mine
http://www.antonyme.org/antonyme/miner,miner
http://www.antonyme.org/antonyme/min%C3%A9ral,minéral
http://www.antonyme.org/antonyme/min%C3%A9rale,minérale
http://www.antonyme.org/antonyme/mines,mines
http://www.antonyme.org/antonyme/mineur,mineur
http://www.antonyme.org/antonyme/mineure,mineure
http://www.antonyme.org/antonyme/mineurs,mineurs
http://www.antonyme.org/antonyme/miniature,miniature
http://www.antonyme.org/antonyme/miniatur%C3%A9,miniaturé
http://www.antonyme.org/antonyme/minimal,minimal
http://www.antonyme.org/antonyme/minimale,minimale
http://www.antonyme.org/antonyme/minime,minime
http://www.antonyme.org/antonyme/minimiser,minimiser
http://www.antonyme.org/antonyme/minimum,minimum
http://www.antonyme.org/antonyme/minist%C3%A8re,ministère
http://www.antonyme.org/antonyme/minist%C3%A8res,ministères
http://www.antonyme.org/antonyme/minoratif,minoratif
http://www.antonyme.org/antonyme/minorer,minorer
http://www.antonyme.org/antonyme/minoritairement,minoritairement
http://www.antonyme.org/antonyme/minorit%C3%A9,minorité
http://www.antonyme.org/antonyme/minorit%C3%A9s,minorités
http://www.antonyme.org/antonyme/minot,minot
http://www.antonyme.org/antonyme/minus,minus
http://www.antonyme.org/antonyme/minuscule,minuscule
http://www.antonyme.org/antonyme/minuscules,minuscules
http://www.antonyme.org/antonyme/minute,minute
http://www.antonyme.org/antonyme/minutes,minutes
http://www.antonyme.org/antonyme/minutie,minutie
http://www.antonyme.org/antonyme/minutieuse,minutieuse
http://www.antonyme.org/antonyme/minutieusement,minutieusement
http://www.antonyme.org/antonyme/minutieux,minutieux
http://www.antonyme.org/antonyme/mioche,mioche
http://www.antonyme.org/antonyme/mioches,mioches
http://www.antonyme.org/antonyme/miracle,miracle
http://www.antonyme.org/antonyme/miracles,miracles
http://www.antonyme.org/antonyme/miracul%C3%A9,miraculé
http://www.antonyme.org/antonyme/miraculeuse,miraculeuse
http://www.antonyme.org/antonyme/miraculeux,miraculeux
http://www.antonyme.org/antonyme/mirage,mirage
http://www.antonyme.org/antonyme/mirifique,mirifique
http://www.antonyme.org/antonyme/mirifiquement,mirifiquement
http://www.antonyme.org/antonyme/mirobolant,mirobolant
http://www.antonyme.org/antonyme/miroiter,miroiter
http://www.antonyme.org/antonyme/misandre,misandre
http://www.antonyme.org/antonyme/misandrie,misandrie
http://www.antonyme.org/antonyme/misanthrope,misanthrope
http://www.antonyme.org/antonyme/misanthropie,misanthropie
http://www.antonyme.org/antonyme/miser,miser
http://www.antonyme.org/antonyme/mis%C3%A9rable,misérable
http://www.antonyme.org/antonyme/mis%C3%A9rablement,misérablement
http://www.antonyme.org/antonyme/mis%C3%A9rables,misérables
http://www.antonyme.org/antonyme/mis%C3%A8re,misère
http://www.antonyme.org/antonyme/mis%C3%A9reuse,miséreuse
http://www.antonyme.org/antonyme/mis%C3%A9reuses,miséreuses
http://www.antonyme.org/antonyme/mis%C3%A9reux,miséreux
http://www.antonyme.org/antonyme/mis%C3%A9ricorde,miséricorde
http://www.antonyme.org/antonyme/mis%C3%A9ricordieusement,miséricordieusement
http://www.antonyme.org/antonyme/mis%C3%A9ricordieux,miséricordieux
http://www.antonyme.org/antonyme/misogyne,misogyne
http://www.antonyme.org/antonyme/misogynie,misogynie
http://www.antonyme.org/antonyme/missel,missel
http://www.antonyme.org/antonyme/missionnaire,missionnaire
http://www.antonyme.org/antonyme/missionnaires,missionnaires
http://www.antonyme.org/antonyme/mistoufle,mistoufle
http://www.antonyme.org/antonyme/mistoufles,mistoufles
http://www.antonyme.org/antonyme/mit,mit
http://www.antonyme.org/antonyme/mitan,mitan
http://www.antonyme.org/antonyme/mitans,mitans
http://www.antonyme.org/antonyme/miteuse,miteuse
http://www.antonyme.org/antonyme/miteux,miteux
http://www.antonyme.org/antonyme/mithridatisation,mithridatisation
http://www.antonyme.org/antonyme/mitigation,mitigation
http://www.antonyme.org/antonyme/mitonner,mitonner
http://www.antonyme.org/antonyme/mitoyen,mitoyen
http://www.antonyme.org/antonyme/mitrailler,mitrailler
http://www.antonyme.org/antonyme/mixte,mixte
http://www.antonyme.org/antonyme/mixtes,mixtes
http://www.antonyme.org/antonyme/mobile,mobile
http://www.antonyme.org/antonyme/mobiles,mobiles
http://www.antonyme.org/antonyme/mobilier,mobilier
http://www.antonyme.org/antonyme/mobili%C3%A8res,mobilières
http://www.antonyme.org/antonyme/mobilisateur,mobilisateur
http://www.antonyme.org/antonyme/mobilisation,mobilisation
http://www.antonyme.org/antonyme/mobilise,mobilise
http://www.antonyme.org/antonyme/mobilisent,mobilisent
http://www.antonyme.org/antonyme/mobiliser,mobiliser
http://www.antonyme.org/antonyme/mobilit%C3%A9,mobilité
http://www.antonyme.org/antonyme/moche,moche
http://www.antonyme.org/antonyme/mochet%C3%A9,mocheté
http://www.antonyme.org/antonyme/model%C3%A9,modelé
http://www.antonyme.org/antonyme/mod%C3%A8le,modèle
http://www.antonyme.org/antonyme/modeler,modeler
http://www.antonyme.org/antonyme/mod%C3%A8les,modèles
http://www.antonyme.org/antonyme/mod%C3%A9rantisme,modérantisme
http://www.antonyme.org/antonyme/mod%C3%A9rateur,modérateur
http://www.antonyme.org/antonyme/mod%C3%A9ration,modération
http://www.antonyme.org/antonyme/mod%C3%A9r%C3%A9,modéré
http://www.antonyme.org/antonyme/mod%C3%A9r%C3%A9e,modérée
http://www.antonyme.org/antonyme/mod%C3%A9r%C3%A9ment,modérément
http://www.antonyme.org/antonyme/mod%C3%A9rer,modérer
http://www.antonyme.org/antonyme/mod%C3%A9r%C3%A9s,modérés
http://www.antonyme.org/antonyme/moderne,moderne
http://www.antonyme.org/antonyme/modernes,modernes
http://www.antonyme.org/antonyme/modernisme,modernisme
http://www.antonyme.org/antonyme/moderniste,moderniste
http://www.antonyme.org/antonyme/modernit%C3%A9,modernité
http://www.antonyme.org/antonyme/modeste,modeste
http://www.antonyme.org/antonyme/modestement,modestement
http://www.antonyme.org/antonyme/modestes,modestes
http://www.antonyme.org/antonyme/modestie,modestie
http://www.antonyme.org/antonyme/modicit%C3%A9,modicité
http://www.antonyme.org/antonyme/modifiable,modifiable
http://www.antonyme.org/antonyme/modifiant,modifiant
http://www.antonyme.org/antonyme/modification,modification
http://www.antonyme.org/antonyme/modifications,modifications
http://www.antonyme.org/antonyme/modifie,modifie
http://www.antonyme.org/antonyme/modifi%C3%A9e,modifiée
http://www.antonyme.org/antonyme/modifient,modifient
http://www.antonyme.org/antonyme/modifier,modifier
http://www.antonyme.org/antonyme/modifi%C3%A9s,modifiés
http://www.antonyme.org/antonyme/modique,modique
http://www.antonyme.org/antonyme/modiquement,modiquement
http://www.antonyme.org/antonyme/moduler,moduler
http://www.antonyme.org/antonyme/moelleuse,moelleuse
http://www.antonyme.org/antonyme/moelleux,moelleux
http://www.antonyme.org/antonyme/moindre,moindre
http://www.antonyme.org/antonyme/moindres,moindres
http://www.antonyme.org/antonyme/moins,moins
http://www.antonyme.org/antonyme/moins-per%C3%A7u,moins-perçu
http://www.antonyme.org/antonyme/moins-value,moins-value
http://www.antonyme.org/antonyme/moissonner,moissonner
http://www.antonyme.org/antonyme/moiti%C3%A9,moitié
http://www.antonyme.org/antonyme/molaire,molaire
http://www.antonyme.org/antonyme/molasse,molasse
http://www.antonyme.org/antonyme/mol%C3%A9cule,molécule
http://www.antonyme.org/antonyme/mol%C3%A9cules,molécules
http://www.antonyme.org/antonyme/mollasse,mollasse
http://www.antonyme.org/antonyme/mollasson,mollasson
http://www.antonyme.org/antonyme/molle,molle
http://www.antonyme.org/antonyme/mollement,mollement
http://www.antonyme.org/antonyme/mollesse,mollesse
http://www.antonyme.org/antonyme/mollet,mollet
http://www.antonyme.org/antonyme/mollir,mollir
http://www.antonyme.org/antonyme/mollo,mollo
http://www.antonyme.org/antonyme/momentan%C3%A9,momentané
http://www.antonyme.org/antonyme/momentan%C3%A9e,momentanée
http://www.antonyme.org/antonyme/momentan%C3%A9ment,momentanément
http://www.antonyme.org/antonyme/momifier,momifier
http://www.antonyme.org/antonyme/monacal,monacal
http://www.antonyme.org/antonyme/monacale,monacale
http://www.antonyme.org/antonyme/monarchie,monarchie
http://www.antonyme.org/antonyme/monarchique,monarchique
http://www.antonyme.org/antonyme/monarchiste,monarchiste
http://www.antonyme.org/antonyme/monceau,monceau
http://www.antonyme.org/antonyme/monceaux,monceaux
http://www.antonyme.org/antonyme/mondain,mondain
http://www.antonyme.org/antonyme/mondaine,mondaine
http://www.antonyme.org/antonyme/mondanit%C3%A9,mondanité
http://www.antonyme.org/antonyme/monde,monde
http://www.antonyme.org/antonyme/Monde,Monde
http://www.antonyme.org/antonyme/mondes,mondes
http://www.antonyme.org/antonyme/mondial,mondial
http://www.antonyme.org/antonyme/mondiale,mondiale
http://www.antonyme.org/antonyme/mondialement,mondialement
http://www.antonyme.org/antonyme/mondialiser,mondialiser
http://www.antonyme.org/antonyme/mondiaux,mondiaux
http://www.antonyme.org/antonyme/monisme,monisme
http://www.antonyme.org/antonyme/moniteur,moniteur
http://www.antonyme.org/antonyme/moniteurs,moniteurs
http://www.antonyme.org/antonyme/monitrice,monitrice
http://www.antonyme.org/antonyme/monnayable,monnayable
http://www.antonyme.org/antonyme/monochrome,monochrome
http://www.antonyme.org/antonyme/monocratie,monocratie
http://www.antonyme.org/antonyme/monoculture,monoculture
http://www.antonyme.org/antonyme/monogame,monogame
http://www.antonyme.org/antonyme/monogamie,monogamie
http://www.antonyme.org/antonyme/mono%C3%AFque,monoïque
http://www.antonyme.org/antonyme/monolithe,monolithe
http://www.antonyme.org/antonyme/monologue,monologue
http://www.antonyme.org/antonyme/monopole,monopole
http://www.antonyme.org/antonyme/monopoliser,monopoliser
http://www.antonyme.org/antonyme/monos%C3%A9mique,monosémique
http://www.antonyme.org/antonyme/monotone,monotone
http://www.antonyme.org/antonyme/monotonie,monotonie
http://www.antonyme.org/antonyme/monsieur,monsieur
http://www.antonyme.org/antonyme/monstre,monstre
http://www.antonyme.org/antonyme/monstres,monstres
http://www.antonyme.org/antonyme/monstrueusement,monstrueusement
http://www.antonyme.org/antonyme/monstrueux,monstrueux
http://www.antonyme.org/antonyme/monstruosit%C3%A9,monstruosité
http://www.antonyme.org/antonyme/mont,mont
http://www.antonyme.org/antonyme/mont-de-pi%C3%A9t%C3%A9,mont-de-piété
http://www.antonyme.org/antonyme/montage,montage
http://www.antonyme.org/antonyme/montagne,montagne
http://www.antonyme.org/antonyme/montagnes,montagnes
http://www.antonyme.org/antonyme/montait,montait
http://www.antonyme.org/antonyme/montant,montant
http://www.antonyme.org/antonyme/montante,montante
http://www.antonyme.org/antonyme/montants,montants
http://www.antonyme.org/antonyme/mont%C3%A9e,montée
http://www.antonyme.org/antonyme/mont%C3%A9es,montées
http://www.antonyme.org/antonyme/montent,montent
http://www.antonyme.org/antonyme/monter,monter
http://www.antonyme.org/antonyme/monticule,monticule
http://www.antonyme.org/antonyme/montrait,montrait
http://www.antonyme.org/antonyme/montrant,montrant
http://www.antonyme.org/antonyme/montr%C3%A9e,montrée
http://www.antonyme.org/antonyme/montrent,montrent
http://www.antonyme.org/antonyme/montrer,montrer
http://www.antonyme.org/antonyme/montueux,montueux
http://www.antonyme.org/antonyme/monumental,monumental
http://www.antonyme.org/antonyme/monumentale,monumentale
http://www.antonyme.org/antonyme/moquer,moquer
http://www.antonyme.org/antonyme/moquerie,moquerie
http://www.antonyme.org/antonyme/moqueur,moqueur
http://www.antonyme.org/antonyme/moqueuse,moqueuse
http://www.antonyme.org/antonyme/moral,moral
http://www.antonyme.org/antonyme/morale,morale
http://www.antonyme.org/antonyme/moralement,moralement
http://www.antonyme.org/antonyme/morales,morales
http://www.antonyme.org/antonyme/moralisateur,moralisateur
http://www.antonyme.org/antonyme/moralisation,moralisation
http://www.antonyme.org/antonyme/moraliser,moraliser
http://www.antonyme.org/antonyme/moralisme,moralisme
http://www.antonyme.org/antonyme/moralit%C3%A9,moralité
http://www.antonyme.org/antonyme/moraux,moraux
http://www.antonyme.org/antonyme/morbide,morbide
http://www.antonyme.org/antonyme/morceau,morceau
http://www.antonyme.org/antonyme/morceaux,morceaux
http://www.antonyme.org/antonyme/morcelable,morcelable
http://www.antonyme.org/antonyme/morcel%C3%A9,morcelé
http://www.antonyme.org/antonyme/morceler,morceler
http://www.antonyme.org/antonyme/morcellement,morcellement
http://www.antonyme.org/antonyme/mordacit%C3%A9,mordacité
http://www.antonyme.org/antonyme/mordant,mordant
http://www.antonyme.org/antonyme/mordre,mordre
http://www.antonyme.org/antonyme/mordu,mordu
http://www.antonyme.org/antonyme/morfondre,morfondre
http://www.antonyme.org/antonyme/morgue,morgue
http://www.antonyme.org/antonyme/moribond,moribond
http://www.antonyme.org/antonyme/morig%C3%A9ner,morigéner
http://www.antonyme.org/antonyme/morne,morne
http://www.antonyme.org/antonyme/morn%C3%A9,morné
http://www.antonyme.org/antonyme/morose,morose
http://www.antonyme.org/antonyme/morosit%C3%A9,morosité
http://www.antonyme.org/antonyme/morphologie,morphologie
http://www.antonyme.org/antonyme/morpion,morpion
http://www.antonyme.org/antonyme/mors,mors
http://www.antonyme.org/antonyme/mort,mort
http://www.antonyme.org/antonyme/morte,morte
http://www.antonyme.org/antonyme/mortel,mortel
http://www.antonyme.org/antonyme/mortelle,mortelle
http://www.antonyme.org/antonyme/mortes,mortes
http://www.antonyme.org/antonyme/mortifiant,mortifiant
http://www.antonyme.org/antonyme/mortification,mortification
http://www.antonyme.org/antonyme/mortifications,mortifications
http://www.antonyme.org/antonyme/mortifier,mortifier
http://www.antonyme.org/antonyme/morts,morts
http://www.antonyme.org/antonyme/mosa%C3%AFque,mosaïque
http://www.antonyme.org/antonyme/moteur,moteur
http://www.antonyme.org/antonyme/moteurs,moteurs
http://www.antonyme.org/antonyme/motif,motif
http://www.antonyme.org/antonyme/motifs,motifs
http://www.antonyme.org/antonyme/motivation,motivation
http://www.antonyme.org/antonyme/motivations,motivations
http://www.antonyme.org/antonyme/motiv%C3%A9,motivé
http://www.antonyme.org/antonyme/motiv%C3%A9e,motivée
http://www.antonyme.org/antonyme/motiver,motiver
http://www.antonyme.org/antonyme/motiv%C3%A9s,motivés
http://www.antonyme.org/antonyme/motus,motus
http://www.antonyme.org/antonyme/mou,mou
http://www.antonyme.org/antonyme/mouchardage,mouchardage
http://www.antonyme.org/antonyme/mouillage,mouillage
http://www.antonyme.org/antonyme/mouill%C3%A9,mouillé
http://www.antonyme.org/antonyme/mouill%C3%A9e,mouillée
http://www.antonyme.org/antonyme/mouiller,mouiller
http://www.antonyme.org/antonyme/mouise,mouise
http://www.antonyme.org/antonyme/moujingue,moujingue
http://www.antonyme.org/antonyme/moulant,moulant
http://www.antonyme.org/antonyme/mouler,mouler
http://www.antonyme.org/antonyme/moulu,moulu
http://www.antonyme.org/antonyme/mourant,mourant
http://www.antonyme.org/antonyme/mourir,mourir
http://www.antonyme.org/antonyme/mourut,mourut
http://www.antonyme.org/antonyme/mouscaille,mouscaille
http://www.antonyme.org/antonyme/mousm%C3%A9,mousmé
http://www.antonyme.org/antonyme/mousse,mousse
http://www.antonyme.org/antonyme/moustache,moustache
http://www.antonyme.org/antonyme/moustaches,moustaches
http://www.antonyme.org/antonyme/mouton,mouton
http://www.antonyme.org/antonyme/mouvance,mouvance
http://www.antonyme.org/antonyme/mouvant,mouvant
http://www.antonyme.org/antonyme/mouvante,mouvante
http://www.antonyme.org/antonyme/mouvement,mouvement
http://www.antonyme.org/antonyme/mouvement%C3%A9,mouvementé
http://www.antonyme.org/antonyme/mouvements,mouvements
http://www.antonyme.org/antonyme/mouvoir,mouvoir
http://www.antonyme.org/antonyme/moyen,moyen
http://www.antonyme.org/antonyme/moyenne,moyenne
http://www.antonyme.org/antonyme/moyennement,moyennement
http://www.antonyme.org/antonyme/moyennes,moyennes
http://www.antonyme.org/antonyme/moyens,moyens
http://www.antonyme.org/antonyme/muet,muet
http://www.antonyme.org/antonyme/muets,muets
http://www.antonyme.org/antonyme/muette,muette
http://www.antonyme.org/antonyme/mufle,mufle
http://www.antonyme.org/antonyme/muflerie,muflerie
http://www.antonyme.org/antonyme/mugissement,mugissement
http://www.antonyme.org/antonyme/mule,mule
http://www.antonyme.org/antonyme/mules,mules
http://www.antonyme.org/antonyme/multicolore,multicolore
http://www.antonyme.org/antonyme/multicolores,multicolores
http://www.antonyme.org/antonyme/multiforme,multiforme
http://www.antonyme.org/antonyme/multiple,multiple
http://www.antonyme.org/antonyme/multiples,multiples
http://www.antonyme.org/antonyme/multipliant,multipliant
http://www.antonyme.org/antonyme/multiplication,multiplication
http://www.antonyme.org/antonyme/multiplicit%C3%A9,multiplicité
http://www.antonyme.org/antonyme/multiplie,multiplie
http://www.antonyme.org/antonyme/multipli%C3%A9,multiplié
http://www.antonyme.org/antonyme/multipli%C3%A9es,multipliées
http://www.antonyme.org/antonyme/multiplient,multiplient
http://www.antonyme.org/antonyme/multiplier,multiplier
http://www.antonyme.org/antonyme/multipli%C3%A9s,multipliés
http://www.antonyme.org/antonyme/multitude,multitude
http://www.antonyme.org/antonyme/muni,muni
http://www.antonyme.org/antonyme/munificence,munificence
http://www.antonyme.org/antonyme/munir,munir
http://www.antonyme.org/antonyme/munis,munis
http://www.antonyme.org/antonyme/munitionnaire,munitionnaire
http://www.antonyme.org/antonyme/mur,mur
http://www.antonyme.org/antonyme/m%C3%BBr,mûr
http://www.antonyme.org/antonyme/mur%C3%A9,muré
http://www.antonyme.org/antonyme/m%C3%BBre,mûre
http://www.antonyme.org/antonyme/m%C3%BBres,mûres
http://www.antonyme.org/antonyme/m%C3%BBrir,mûrir
http://www.antonyme.org/antonyme/murmure,murmure
http://www.antonyme.org/antonyme/murmurer,murmurer
http://www.antonyme.org/antonyme/murs,murs
http://www.antonyme.org/antonyme/m%C3%BBrs,mûrs
http://www.antonyme.org/antonyme/muscle,muscle
http://www.antonyme.org/antonyme/muscl%C3%A9,musclé
http://www.antonyme.org/antonyme/muscles,muscles
http://www.antonyme.org/antonyme/musculeux,musculeux
http://www.antonyme.org/antonyme/museler,museler
http://www.antonyme.org/antonyme/musical,musical
http://www.antonyme.org/antonyme/musicale,musicale
http://www.antonyme.org/antonyme/musicales,musicales
http://www.antonyme.org/antonyme/musicalit%C3%A9,musicalité
http://www.antonyme.org/antonyme/musicaux,musicaux
http://www.antonyme.org/antonyme/musicien,musicien
http://www.antonyme.org/antonyme/musiciens,musiciens
http://www.antonyme.org/antonyme/musique,musique
http://www.antonyme.org/antonyme/musiques,musiques
http://www.antonyme.org/antonyme/mutabilit%C3%A9,mutabilité
http://www.antonyme.org/antonyme/mutation,mutation
http://www.antonyme.org/antonyme/mutations,mutations
http://www.antonyme.org/antonyme/mut%C3%A9,muté
http://www.antonyme.org/antonyme/muter,muter
http://www.antonyme.org/antonyme/mutiler,mutiler
http://www.antonyme.org/antonyme/mutin,mutin
http://www.antonyme.org/antonyme/mutiner,mutiner
http://www.antonyme.org/antonyme/mutinerie,mutinerie
http://www.antonyme.org/antonyme/mutisme,mutisme
http://www.antonyme.org/antonyme/mutualisme,mutualisme
http://www.antonyme.org/antonyme/mutualit%C3%A9,mutualité
http://www.antonyme.org/antonyme/mutuel,mutuel
http://www.antonyme.org/antonyme/mutuelle,mutuelle
http://www.antonyme.org/antonyme/myope,myope
http://www.antonyme.org/antonyme/myrmidon,myrmidon
http://www.antonyme.org/antonyme/myst%C3%A8re,mystère
http://www.antonyme.org/antonyme/myst%C3%A8res,mystères
http://www.antonyme.org/antonyme/myst%C3%A9rieuse,mystérieuse
http://www.antonyme.org/antonyme/myst%C3%A9rieusement,mystérieusement
http://www.antonyme.org/antonyme/myst%C3%A9rieux,mystérieux
http://www.antonyme.org/antonyme/mysticisme,mysticisme
http://www.antonyme.org/antonyme/mystifiant,mystifiant
http://www.antonyme.org/antonyme/mystificateur,mystificateur
http://www.antonyme.org/antonyme/mystification,mystification
http://www.antonyme.org/antonyme/mystifier,mystifier
http://www.antonyme.org/antonyme/mystique,mystique
http://www.antonyme.org/antonyme/mystiquement,mystiquement
http://www.antonyme.org/antonyme/mythe,mythe
http://www.antonyme.org/antonyme/mythes,mythes
http://www.antonyme.org/antonyme/mythique,mythique
http://www.antonyme.org/antonyme/mythologie,mythologie
http://www.antonyme.org/antonyme/mythologique,mythologique
http://www.antonyme.org/antonyme/mythomane,mythomane
http://www.antonyme.org/antonyme/timide,Timide
http://www.antonyme.org/antonyme/confirmer,Confirmer
http://www.antonyme.org/antonyme/misogyne,Misogyne
http://www.antonyme.org/antonyme/modeste,Modeste
http://www.antonyme.org/antonyme/tardif,Tardif
http://www.antonyme.org/antonyme/liberté,Liberté
http://www.antonyme.org/antonyme/sérieux,Sérieux
http://www.antonyme.org/antonyme/atout,Atout
http://www.antonyme.org/antonyme/confiance,Confiance
http://www.antonyme.org/antonyme/précéder,Précéder
http://www.antonyme.org/antonyme/important,Important
http://www.antonyme.org/antonyme/ponctuel,Ponctuel
http://www.antonyme.org/antonyme/monotone,Monotone
http://www.antonyme.org/antonyme/fiable,Fiable
http://www.antonyme.org/antonyme/original,Original
"http://www.antonyme.org/antonyme/à l'instar","à l instar"
http://www.antonyme.org/antonyme/trouver,Trouver
http://www.antonyme.org/antonyme/amour,Amour
http://www.antonyme.org/antonyme/faire,faire
"http://www.antonyme.org/antonyme/en plus","en plus"
http://www.antonyme.org/antonyme/anglais,anglais
http://www.antonyme.org/antonyme/mettre,mettre
"http://www.antonyme.org/antonyme/en effet","en effet"
http://www.antonyme.org/antonyme/contraire,contraire
http://www.antonyme.org/antonyme/être,être
http://www.antonyme.org/antonyme/avoir,avoir
http://www.antonyme.org/antonyme/problème,problème
http://www.antonyme.org/antonyme/pour,pour
http://www.antonyme.org/antonyme/travail,travail
http://www.antonyme.org/antonyme/créer,créer
http://www.antonyme.org/antonyme/demander,demander
http://www.antonyme.org/antonyme/bien,bien
http://www.antonyme.org/antonyme/important,important
http://www.antonyme.org/antonyme/prendre,prendre
http://www.antonyme.org/antonyme/experience,expérience
http://www.antonyme.org/antonyme/amour,amour
http://www.antonyme.org/antonyme/dire,dire
http://www.antonyme.org/antonyme/trouver,trouver
http://www.antonyme.org/antonyme/augmenter,augmenter
http://www.antonyme.org/antonyme/installer,installer
"http://www.antonyme.org/antonyme/en fait","en fait"
http://www.antonyme.org/antonyme/voir,voir
http://www.antonyme.org/antonyme/aimer,aimer
http://www.antonyme.org/antonyme/temps,temps
http://www.antonyme.org/antonyme/petit,petit
http://www.antonyme.org/antonyme/obtenir,obtenir
http://www.antonyme.org/antonyme/analyse,analyse
http://www.antonyme.org/antonyme/utiliser,utiliser
http://www.antonyme.org/antonyme/savoir,savoir
http://www.antonyme.org/antonyme/montrer,montrer
http://www.antonyme.org/antonyme/développer,développer
http://www.antonyme.org/antonyme/origine,origine
http://www.antonyme.org/antonyme/fin,fin
"http://www.antonyme.org/antonyme/du coup","du coup"
"http://www.antonyme.org/antonyme/en ligne","en ligne"
http://www.antonyme.org/antonyme/changer,changer
http://www.antonyme.org/antonyme/oeuvre,oeuvre
http://www.antonyme.org/antonyme/intéresser,intéresser
http://www.antonyme.org/antonyme/bonne,bonne
http://www.antonyme.org/antonyme/présentation,présentation
http://www.antonyme.org/antonyme/aide,aide
http://www.antonyme.org/antonyme/différent,différent
http://www.antonyme.org/antonyme/vie,vie
http://www.antonyme.org/antonyme/aider,aider
http://www.antonyme.org/antonyme/réaliser,réaliser
http://www.antonyme.org/antonyme/cause,cause
http://www.antonyme.org/antonyme/souhaiter,souhaiter
http://www.antonyme.org/antonyme/belle,belle
http://www.antonyme.org/antonyme/découvrir,découvrir
http://www.antonyme.org/antonyme/intéressant,intéressant
http://www.antonyme.org/antonyme/présenter,présenter
"http://www.antonyme.org/antonyme/suite à","suite à"
http://www.antonyme.org/antonyme/intégrer,intégrer
http://www.antonyme.org/antonyme/grand,grand
http://www.antonyme.org/antonyme/connaître,connaître
http://www.antonyme.org/antonyme/démonter,démonter
http://www.antonyme.org/antonyme/effectuer,effectuer
http://www.antonyme.org/antonyme/beau,beau
http://www.antonyme.org/antonyme/connaissance,connaissance
http://www.antonyme.org/antonyme/emploi,emploi
http://www.antonyme.org/antonyme/recherche,recherche
"http://www.antonyme.org/antonyme/par contre","par contre"
http://www.antonyme.org/antonyme/parler,parler
http://www.antonyme.org/antonyme/explication,explication
http://www.antonyme.org/antonyme/penser,penser
http://www.antonyme.org/antonyme/avec,avec
http://www.antonyme.org/antonyme/triste,triste
http://www.antonyme.org/antonyme/regarder,regarder
http://www.antonyme.org/antonyme/travailler,travailler
http://www.antonyme.org/antonyme/améliorer,améliorer
http://www.antonyme.org/antonyme/tristesse,tristesse
http://www.antonyme.org/antonyme/passer,passer
http://www.antonyme.org/antonyme/création,création
http://www.antonyme.org/antonyme/acquérir,acquérir
"http://www.antonyme.org/antonyme/ainsi que","ainsi que"
http://www.antonyme.org/antonyme/intérêt,intérêt
http://www.antonyme.org/antonyme/passionné,passionné
http://www.antonyme.org/antonyme/peur,peur
http://www.antonyme.org/antonyme/adapter,adapter
http://www.antonyme.org/antonyme/rechercher,rechercher
http://www.antonyme.org/antonyme/passion,passion
http://www.antonyme.org/antonyme/accord,accord
http://www.antonyme.org/antonyme/organisation,organisation
http://www.antonyme.org/antonyme/compétence,compétence
