http://www.antonyme.org/antonyme/nabab,nabab
http://www.antonyme.org/antonyme/nabot,nabot
http://www.antonyme.org/antonyme/nadir,nadir
http://www.antonyme.org/antonyme/nager,nager
http://www.antonyme.org/antonyme/nagu%C3%A8re,naguère
http://www.antonyme.org/antonyme/na%C3%AFf,naïf
http://www.antonyme.org/antonyme/nain,nain
http://www.antonyme.org/antonyme/naine,naine
http://www.antonyme.org/antonyme/naissance,naissance
http://www.antonyme.org/antonyme/naissances,naissances
http://www.antonyme.org/antonyme/naissant,naissant
http://www.antonyme.org/antonyme/naissante,naissante
http://www.antonyme.org/antonyme/naissants,naissants
http://www.antonyme.org/antonyme/naisse,naisse
http://www.antonyme.org/antonyme/naissent,naissent
http://www.antonyme.org/antonyme/na%C3%AEt,naît
http://www.antonyme.org/antonyme/na%C3%AEtre,naître
http://www.antonyme.org/antonyme/na%C3%AFve,naïve
http://www.antonyme.org/antonyme/na%C3%AFvement,naïvement
http://www.antonyme.org/antonyme/na%C3%AFvet%C3%A9,naïveté
http://www.antonyme.org/antonyme/nana,nana
http://www.antonyme.org/antonyme/nanisme,nanisme
http://www.antonyme.org/antonyme/nanti,nanti
http://www.antonyme.org/antonyme/nantir,nantir
http://www.antonyme.org/antonyme/nantis,nantis
http://www.antonyme.org/antonyme/nappe,nappe
http://www.antonyme.org/antonyme/nappes,nappes
http://www.antonyme.org/antonyme/naquit,naquit
http://www.antonyme.org/antonyme/narcissique,narcissique
http://www.antonyme.org/antonyme/narcissisme,narcissisme
http://www.antonyme.org/antonyme/narcose,narcose
http://www.antonyme.org/antonyme/narcotique,narcotique
http://www.antonyme.org/antonyme/narguer,narguer
http://www.antonyme.org/antonyme/narquoisement,narquoisement
http://www.antonyme.org/antonyme/narrer,narrer
http://www.antonyme.org/antonyme/nasarde,nasarde
http://www.antonyme.org/antonyme/nasiller,nasiller
http://www.antonyme.org/antonyme/natal,natal
http://www.antonyme.org/antonyme/natalit%C3%A9,natalité
http://www.antonyme.org/antonyme/natif,natif
http://www.antonyme.org/antonyme/natifs,natifs
http://www.antonyme.org/antonyme/nation,nation
http://www.antonyme.org/antonyme/national,national
http://www.antonyme.org/antonyme/nationale,nationale
http://www.antonyme.org/antonyme/nationales,nationales
http://www.antonyme.org/antonyme/nationalisation,nationalisation
http://www.antonyme.org/antonyme/nationaliser,nationaliser
http://www.antonyme.org/antonyme/nationalisme,nationalisme
http://www.antonyme.org/antonyme/nationaliste,nationaliste
http://www.antonyme.org/antonyme/nationalistes,nationalistes
http://www.antonyme.org/antonyme/nationaux,nationaux
http://www.antonyme.org/antonyme/nations,nations
http://www.antonyme.org/antonyme/native,native
http://www.antonyme.org/antonyme/natter,natter
http://www.antonyme.org/antonyme/naturaliser,naturaliser
http://www.antonyme.org/antonyme/naturalisme,naturalisme
http://www.antonyme.org/antonyme/naturaliste,naturaliste
http://www.antonyme.org/antonyme/nature,nature
http://www.antonyme.org/antonyme/naturel,naturel
http://www.antonyme.org/antonyme/naturelle,naturelle
http://www.antonyme.org/antonyme/naturellement,naturellement
http://www.antonyme.org/antonyme/naturelles,naturelles
http://www.antonyme.org/antonyme/naturels,naturels
http://www.antonyme.org/antonyme/naufrage,naufrage
http://www.antonyme.org/antonyme/naufrag%C3%A9,naufragé
http://www.antonyme.org/antonyme/naufrager,naufrager
http://www.antonyme.org/antonyme/naus%C3%A9abond,nauséabond
http://www.antonyme.org/antonyme/nautique,nautique
http://www.antonyme.org/antonyme/naval,naval
http://www.antonyme.org/antonyme/navale,navale
http://www.antonyme.org/antonyme/navales,navales
http://www.antonyme.org/antonyme/navals,navals
http://www.antonyme.org/antonyme/navet,navet
http://www.antonyme.org/antonyme/navrant,navrant
http://www.antonyme.org/antonyme/navr%C3%A9,navré
http://www.antonyme.org/antonyme/navrer,navrer
http://www.antonyme.org/antonyme/ne,ne
http://www.antonyme.org/antonyme/n%C3%A9,né
http://www.antonyme.org/antonyme/n%C3%A9ant,néant
http://www.antonyme.org/antonyme/n%C3%A9buleuse,nébuleuse
http://www.antonyme.org/antonyme/n%C3%A9buleux,nébuleux
http://www.antonyme.org/antonyme/n%C3%A9bulosit%C3%A9,nébulosité
http://www.antonyme.org/antonyme/n%C3%A9cessaire,nécessaire
http://www.antonyme.org/antonyme/n%C3%A9cessairement,nécessairement
http://www.antonyme.org/antonyme/n%C3%A9cessaires,nécessaires
http://www.antonyme.org/antonyme/n%C3%A9cessit%C3%A9,nécessité
http://www.antonyme.org/antonyme/n%C3%A9cessiter,nécessiter
http://www.antonyme.org/antonyme/n%C3%A9cessit%C3%A9s,nécessités
http://www.antonyme.org/antonyme/n%C3%A9cessiteuse,nécessiteuse
http://www.antonyme.org/antonyme/n%C3%A9cessiteux,nécessiteux
http://www.antonyme.org/antonyme/n%C3%A9cromancien,nécromancien
http://www.antonyme.org/antonyme/n%C3%A9e,née
http://www.antonyme.org/antonyme/n%C3%A9es,nées
http://www.antonyme.org/antonyme/n%C3%A9faste,néfaste
http://www.antonyme.org/antonyme/n%C3%A9gatif,négatif
http://www.antonyme.org/antonyme/n%C3%A9gatifs,négatifs
http://www.antonyme.org/antonyme/n%C3%A9gation,négation
http://www.antonyme.org/antonyme/n%C3%A9gativement,négativement
http://www.antonyme.org/antonyme/n%C3%A9glig%C3%A9,négligé
http://www.antonyme.org/antonyme/n%C3%A9gligeable,négligeable
http://www.antonyme.org/antonyme/n%C3%A9gligeables,négligeables
http://www.antonyme.org/antonyme/n%C3%A9gligeant,négligeant
http://www.antonyme.org/antonyme/n%C3%A9gligemment,négligemment
http://www.antonyme.org/antonyme/n%C3%A9gligence,négligence
http://www.antonyme.org/antonyme/n%C3%A9gligent,négligent
http://www.antonyme.org/antonyme/n%C3%A9gligente,négligente
http://www.antonyme.org/antonyme/n%C3%A9gliger,négliger
http://www.antonyme.org/antonyme/n%C3%A9gociable,négociable
http://www.antonyme.org/antonyme/n%C3%A9gociables,négociables
http://www.antonyme.org/antonyme/n%C3%A9gociant,négociant
http://www.antonyme.org/antonyme/n%C3%A9gociants,négociants
http://www.antonyme.org/antonyme/n%C3%A9gocier,négocier
http://www.antonyme.org/antonyme/n%C3%A9ophyte,néophyte
http://www.antonyme.org/antonyme/nerf,nerf
http://www.antonyme.org/antonyme/nerfs,nerfs
http://www.antonyme.org/antonyme/nerveuse,nerveuse
http://www.antonyme.org/antonyme/nerveusement,nerveusement
http://www.antonyme.org/antonyme/nerveux,nerveux
http://www.antonyme.org/antonyme/nervosit%C3%A9,nervosité
http://www.antonyme.org/antonyme/n%C3%A9s,nés
http://www.antonyme.org/antonyme/net,net
http://www.antonyme.org/antonyme/nets,nets
http://www.antonyme.org/antonyme/nette,nette
http://www.antonyme.org/antonyme/nettement,nettement
http://www.antonyme.org/antonyme/nettes,nettes
http://www.antonyme.org/antonyme/nettet%C3%A9,netteté
http://www.antonyme.org/antonyme/nettoiement,nettoiement
http://www.antonyme.org/antonyme/nettoyage,nettoyage
http://www.antonyme.org/antonyme/nettoyer,nettoyer
http://www.antonyme.org/antonyme/neuf,neuf
http://www.antonyme.org/antonyme/neufs,neufs
http://www.antonyme.org/antonyme/neurasth%C3%A9nie,neurasthénie
http://www.antonyme.org/antonyme/neurasth%C3%A9nique,neurasthénique
http://www.antonyme.org/antonyme/neurod%C3%A9presseur,neurodépresseur
http://www.antonyme.org/antonyme/neuroleptique,neuroleptique
http://www.antonyme.org/antonyme/neutralisme,neutralisme
http://www.antonyme.org/antonyme/neutralit%C3%A9,neutralité
http://www.antonyme.org/antonyme/neutre,neutre
http://www.antonyme.org/antonyme/neuve,neuve
http://www.antonyme.org/antonyme/neuves,neuves
http://www.antonyme.org/antonyme/n%C3%A9vrose,névrose
http://www.antonyme.org/antonyme/n%C3%A9vros%C3%A9,névrosé
http://www.antonyme.org/antonyme/niable,niable
http://www.antonyme.org/antonyme/niais,niais
http://www.antonyme.org/antonyme/niaisement,niaisement
http://www.antonyme.org/antonyme/niaiserie,niaiserie
http://www.antonyme.org/antonyme/niaiseux,niaiseux
http://www.antonyme.org/antonyme/niant,niant
http://www.antonyme.org/antonyme/niche,niche
http://www.antonyme.org/antonyme/nich%C3%A9,niché
http://www.antonyme.org/antonyme/nicher,nicher
http://www.antonyme.org/antonyme/niches,niches
http://www.antonyme.org/antonyme/nickel,nickel
http://www.antonyme.org/antonyme/nicod%C3%A8me,nicodème
http://www.antonyme.org/antonyme/nie,nie
http://www.antonyme.org/antonyme/ni%C3%A9,nié
http://www.antonyme.org/antonyme/nier,nier
http://www.antonyme.org/antonyme/nigaud,nigaud
http://www.antonyme.org/antonyme/nihiliste,nihiliste
http://www.antonyme.org/antonyme/nimb%C3%A9,nimbé
http://www.antonyme.org/antonyme/nimber,nimber
http://www.antonyme.org/antonyme/niveau,niveau
http://www.antonyme.org/antonyme/nivellement,nivellement
http://www.antonyme.org/antonyme/noble,noble
http://www.antonyme.org/antonyme/noblement,noblement
http://www.antonyme.org/antonyme/nobles,nobles
http://www.antonyme.org/antonyme/noblesse,noblesse
http://www.antonyme.org/antonyme/noce,noce
http://www.antonyme.org/antonyme/noceur,noceur
http://www.antonyme.org/antonyme/noceuse,noceuse
http://www.antonyme.org/antonyme/nocif,nocif
http://www.antonyme.org/antonyme/nocive,nocive
http://www.antonyme.org/antonyme/nocivit%C3%A9,nocivité
http://www.antonyme.org/antonyme/noctambule,noctambule
http://www.antonyme.org/antonyme/nocturne,nocturne
http://www.antonyme.org/antonyme/nocturnes,nocturnes
http://www.antonyme.org/antonyme/nocuit%C3%A9,nocuité
http://www.antonyme.org/antonyme/noir,noir
http://www.antonyme.org/antonyme/noirci,noirci
http://www.antonyme.org/antonyme/noircie,noircie
http://www.antonyme.org/antonyme/noircir,noircir
http://www.antonyme.org/antonyme/noircissement,noircissement
http://www.antonyme.org/antonyme/noire,noire
http://www.antonyme.org/antonyme/noires,noires
http://www.antonyme.org/antonyme/noirs,noirs
http://www.antonyme.org/antonyme/noise,noise
http://www.antonyme.org/antonyme/nom,nom
http://www.antonyme.org/antonyme/nomade,nomade
http://www.antonyme.org/antonyme/nomades,nomades
http://www.antonyme.org/antonyme/nomadiser,nomadiser
http://www.antonyme.org/antonyme/nombrable,nombrable
http://www.antonyme.org/antonyme/nombre,nombre
http://www.antonyme.org/antonyme/nombreuse,nombreuse
http://www.antonyme.org/antonyme/nombreuses,nombreuses
http://www.antonyme.org/antonyme/nombreux,nombreux
http://www.antonyme.org/antonyme/nombril,nombril
http://www.antonyme.org/antonyme/nombrilisme,nombrilisme
http://www.antonyme.org/antonyme/nominal,nominal
http://www.antonyme.org/antonyme/nominatif,nominatif
http://www.antonyme.org/antonyme/nomination,nomination
http://www.antonyme.org/antonyme/nominations,nominations
http://www.antonyme.org/antonyme/nomme,nomme
http://www.antonyme.org/antonyme/nomm%C3%A9,nommé
http://www.antonyme.org/antonyme/nomm%C3%A9e,nommée
http://www.antonyme.org/antonyme/nomment,nomment
http://www.antonyme.org/antonyme/nommer,nommer
http://www.antonyme.org/antonyme/nomm%C3%A9s,nommés
http://www.antonyme.org/antonyme/non,non
http://www.antonyme.org/antonyme/non-activit%C3%A9,non-activité
http://www.antonyme.org/antonyme/non-align%C3%A9,non-aligné
http://www.antonyme.org/antonyme/non-conformisme,non-conformisme
http://www.antonyme.org/antonyme/non-conformiste,non-conformiste
http://www.antonyme.org/antonyme/non-conformistes,non-conformistes
http://www.antonyme.org/antonyme/non-croyant,non-croyant
http://www.antonyme.org/antonyme/non-directif,non-directif
http://www.antonyme.org/antonyme/non-discrimination,non-discrimination
http://www.antonyme.org/antonyme/non-endettement,non-endettement
http://www.antonyme.org/antonyme/non-%C3%AAtre,non-être
http://www.antonyme.org/antonyme/non-existence,non-existence
http://www.antonyme.org/antonyme/non-ing%C3%A9rence,non-ingérence
http://www.antonyme.org/antonyme/non-intervention,non-intervention
http://www.antonyme.org/antonyme/non-interventionnisme,non-interventionnisme
http://www.antonyme.org/antonyme/non-lieu,non-lieu
http://www.antonyme.org/antonyme/non-programm%C3%A9,non-programmé
http://www.antonyme.org/antonyme/non-satisfaction,non-satisfaction
http://www.antonyme.org/antonyme/non-stop,non-stop
http://www.antonyme.org/antonyme/non-usage,non-usage
http://www.antonyme.org/antonyme/non-violence,non-violence
http://www.antonyme.org/antonyme/non-violent,non-violent
http://www.antonyme.org/antonyme/non-voyant,non-voyant
http://www.antonyme.org/antonyme/nonchalamment,nonchalamment
http://www.antonyme.org/antonyme/nonchalance,nonchalance
http://www.antonyme.org/antonyme/nonchalant,nonchalant
http://www.antonyme.org/antonyme/nonchalante,nonchalante
http://www.antonyme.org/antonyme/nonchaloir,nonchaloir
http://www.antonyme.org/antonyme/nonpareil,nonpareil
http://www.antonyme.org/antonyme/nord,nord
http://www.antonyme.org/antonyme/Nord,Nord
http://www.antonyme.org/antonyme/nordiste,nordiste
http://www.antonyme.org/antonyme/normal,normal
http://www.antonyme.org/antonyme/normale,normale
http://www.antonyme.org/antonyme/normalement,normalement
http://www.antonyme.org/antonyme/normales,normales
http://www.antonyme.org/antonyme/normaliser,normaliser
http://www.antonyme.org/antonyme/normalit%C3%A9,normalité
http://www.antonyme.org/antonyme/normaux,normaux
http://www.antonyme.org/antonyme/norme,norme
http://www.antonyme.org/antonyme/normes,normes
http://www.antonyme.org/antonyme/nostalgie,nostalgie
http://www.antonyme.org/antonyme/nostalgique,nostalgique
http://www.antonyme.org/antonyme/nostalgiques,nostalgiques
http://www.antonyme.org/antonyme/notable,notable
http://www.antonyme.org/antonyme/notables,notables
http://www.antonyme.org/antonyme/notaire,notaire
http://www.antonyme.org/antonyme/notamment,notamment
http://www.antonyme.org/antonyme/notari%C3%A9,notarié
http://www.antonyme.org/antonyme/note,note
http://www.antonyme.org/antonyme/not%C3%A9,noté
http://www.antonyme.org/antonyme/noter,noter
http://www.antonyme.org/antonyme/notes,notes
http://www.antonyme.org/antonyme/notoire,notoire
http://www.antonyme.org/antonyme/notoirement,notoirement
http://www.antonyme.org/antonyme/notori%C3%A9t%C3%A9,notoriété
http://www.antonyme.org/antonyme/nou%C3%A9,noué
http://www.antonyme.org/antonyme/nouer,nouer
http://www.antonyme.org/antonyme/nouille,nouille
http://www.antonyme.org/antonyme/nouilles,nouilles
http://www.antonyme.org/antonyme/nourri,nourri
http://www.antonyme.org/antonyme/nourricier,nourricier
http://www.antonyme.org/antonyme/nourrie,nourrie
http://www.antonyme.org/antonyme/nourrir,nourrir
http://www.antonyme.org/antonyme/nourrissant,nourrissant
http://www.antonyme.org/antonyme/nourrissent,nourrissent
http://www.antonyme.org/antonyme/nourrit,nourrit
http://www.antonyme.org/antonyme/nouveau,nouveau
http://www.antonyme.org/antonyme/nouveaut%C3%A9,nouveauté
http://www.antonyme.org/antonyme/nouveaut%C3%A9s,nouveautés
http://www.antonyme.org/antonyme/nouveaux,nouveaux
http://www.antonyme.org/antonyme/nouvel,nouvel
http://www.antonyme.org/antonyme/nouvelle,nouvelle
http://www.antonyme.org/antonyme/nouvelles,nouvelles
http://www.antonyme.org/antonyme/novateur,novateur
http://www.antonyme.org/antonyme/novice,novice
http://www.antonyme.org/antonyme/novices,novices
http://www.antonyme.org/antonyme/noyau,noyau
http://www.antonyme.org/antonyme/noyer,noyer
http://www.antonyme.org/antonyme/nu,nu
http://www.antonyme.org/antonyme/nuageuse,nuageuse
http://www.antonyme.org/antonyme/nuageux,nuageux
http://www.antonyme.org/antonyme/nuance,nuance
http://www.antonyme.org/antonyme/nuanc%C3%A9,nuancé
http://www.antonyme.org/antonyme/nuances,nuances
http://www.antonyme.org/antonyme/nubile,nubile
http://www.antonyme.org/antonyme/nudit%C3%A9,nudité
http://www.antonyme.org/antonyme/nue,nue
http://www.antonyme.org/antonyme/nuement,nuement
http://www.antonyme.org/antonyme/nues,nues
http://www.antonyme.org/antonyme/nuire,nuire
http://www.antonyme.org/antonyme/nuisance,nuisance
http://www.antonyme.org/antonyme/nuisances,nuisances
http://www.antonyme.org/antonyme/nuisible,nuisible
http://www.antonyme.org/antonyme/nuit,nuit
http://www.antonyme.org/antonyme/nuit%C3%A9e,nuitée
http://www.antonyme.org/antonyme/nuits,nuits
http://www.antonyme.org/antonyme/nul,nul
http://www.antonyme.org/antonyme/nulle,nulle
http://www.antonyme.org/antonyme/nullement,nullement
http://www.antonyme.org/antonyme/nullit%C3%A9,nullité
http://www.antonyme.org/antonyme/nuls,nuls
http://www.antonyme.org/antonyme/n%C3%BBment,nûment
http://www.antonyme.org/antonyme/num%C3%A9rique,numérique
http://www.antonyme.org/antonyme/num%C3%A9riques,numériques
http://www.antonyme.org/antonyme/nuptial,nuptial
http://www.antonyme.org/antonyme/nus,nus
http://www.antonyme.org/antonyme/nutritif,nutritif
http://www.antonyme.org/antonyme/nutrition,nutrition
http://www.antonyme.org/antonyme/nutritionnel,nutritionnel
http://www.antonyme.org/antonyme/timide,Timide
http://www.antonyme.org/antonyme/confirmer,Confirmer
http://www.antonyme.org/antonyme/misogyne,Misogyne
http://www.antonyme.org/antonyme/modeste,Modeste
http://www.antonyme.org/antonyme/tardif,Tardif
http://www.antonyme.org/antonyme/liberté,Liberté
http://www.antonyme.org/antonyme/sérieux,Sérieux
http://www.antonyme.org/antonyme/atout,Atout
http://www.antonyme.org/antonyme/confiance,Confiance
http://www.antonyme.org/antonyme/précéder,Précéder
http://www.antonyme.org/antonyme/important,Important
http://www.antonyme.org/antonyme/ponctuel,Ponctuel
http://www.antonyme.org/antonyme/monotone,Monotone
http://www.antonyme.org/antonyme/fiable,Fiable
http://www.antonyme.org/antonyme/original,Original
"http://www.antonyme.org/antonyme/à l'instar","à l instar"
http://www.antonyme.org/antonyme/trouver,Trouver
http://www.antonyme.org/antonyme/amour,Amour
http://www.antonyme.org/antonyme/faire,faire
"http://www.antonyme.org/antonyme/en plus","en plus"
http://www.antonyme.org/antonyme/anglais,anglais
http://www.antonyme.org/antonyme/mettre,mettre
"http://www.antonyme.org/antonyme/en effet","en effet"
http://www.antonyme.org/antonyme/contraire,contraire
http://www.antonyme.org/antonyme/être,être
http://www.antonyme.org/antonyme/avoir,avoir
http://www.antonyme.org/antonyme/problème,problème
http://www.antonyme.org/antonyme/pour,pour
http://www.antonyme.org/antonyme/travail,travail
http://www.antonyme.org/antonyme/créer,créer
http://www.antonyme.org/antonyme/demander,demander
http://www.antonyme.org/antonyme/bien,bien
http://www.antonyme.org/antonyme/important,important
http://www.antonyme.org/antonyme/prendre,prendre
http://www.antonyme.org/antonyme/experience,expérience
http://www.antonyme.org/antonyme/amour,amour
http://www.antonyme.org/antonyme/dire,dire
http://www.antonyme.org/antonyme/trouver,trouver
http://www.antonyme.org/antonyme/augmenter,augmenter
http://www.antonyme.org/antonyme/installer,installer
"http://www.antonyme.org/antonyme/en fait","en fait"
http://www.antonyme.org/antonyme/voir,voir
http://www.antonyme.org/antonyme/aimer,aimer
http://www.antonyme.org/antonyme/temps,temps
http://www.antonyme.org/antonyme/petit,petit
http://www.antonyme.org/antonyme/obtenir,obtenir
http://www.antonyme.org/antonyme/analyse,analyse
http://www.antonyme.org/antonyme/utiliser,utiliser
http://www.antonyme.org/antonyme/savoir,savoir
http://www.antonyme.org/antonyme/montrer,montrer
http://www.antonyme.org/antonyme/développer,développer
http://www.antonyme.org/antonyme/origine,origine
http://www.antonyme.org/antonyme/fin,fin
"http://www.antonyme.org/antonyme/du coup","du coup"
"http://www.antonyme.org/antonyme/en ligne","en ligne"
http://www.antonyme.org/antonyme/changer,changer
http://www.antonyme.org/antonyme/oeuvre,oeuvre
http://www.antonyme.org/antonyme/intéresser,intéresser
http://www.antonyme.org/antonyme/bonne,bonne
http://www.antonyme.org/antonyme/présentation,présentation
http://www.antonyme.org/antonyme/aide,aide
http://www.antonyme.org/antonyme/différent,différent
http://www.antonyme.org/antonyme/vie,vie
http://www.antonyme.org/antonyme/aider,aider
http://www.antonyme.org/antonyme/réaliser,réaliser
http://www.antonyme.org/antonyme/cause,cause
http://www.antonyme.org/antonyme/souhaiter,souhaiter
http://www.antonyme.org/antonyme/belle,belle
http://www.antonyme.org/antonyme/découvrir,découvrir
http://www.antonyme.org/antonyme/intéressant,intéressant
http://www.antonyme.org/antonyme/présenter,présenter
"http://www.antonyme.org/antonyme/suite à","suite à"
http://www.antonyme.org/antonyme/intégrer,intégrer
http://www.antonyme.org/antonyme/grand,grand
http://www.antonyme.org/antonyme/connaître,connaître
http://www.antonyme.org/antonyme/démonter,démonter
http://www.antonyme.org/antonyme/effectuer,effectuer
http://www.antonyme.org/antonyme/beau,beau
http://www.antonyme.org/antonyme/connaissance,connaissance
http://www.antonyme.org/antonyme/emploi,emploi
http://www.antonyme.org/antonyme/recherche,recherche
"http://www.antonyme.org/antonyme/par contre","par contre"
http://www.antonyme.org/antonyme/parler,parler
http://www.antonyme.org/antonyme/explication,explication
http://www.antonyme.org/antonyme/penser,penser
http://www.antonyme.org/antonyme/avec,avec
http://www.antonyme.org/antonyme/triste,triste
http://www.antonyme.org/antonyme/regarder,regarder
http://www.antonyme.org/antonyme/travailler,travailler
http://www.antonyme.org/antonyme/améliorer,améliorer
http://www.antonyme.org/antonyme/tristesse,tristesse
http://www.antonyme.org/antonyme/passer,passer
http://www.antonyme.org/antonyme/création,création
http://www.antonyme.org/antonyme/acquérir,acquérir
"http://www.antonyme.org/antonyme/ainsi que","ainsi que"
http://www.antonyme.org/antonyme/intérêt,intérêt
http://www.antonyme.org/antonyme/passionné,passionné
http://www.antonyme.org/antonyme/peur,peur
http://www.antonyme.org/antonyme/adapter,adapter
http://www.antonyme.org/antonyme/rechercher,rechercher
http://www.antonyme.org/antonyme/passion,passion
http://www.antonyme.org/antonyme/accord,accord
http://www.antonyme.org/antonyme/organisation,organisation
http://www.antonyme.org/antonyme/compétence,compétence
