http://www.antonyme.org/antonyme/ob%C3%A9dience,obédience
http://www.antonyme.org/antonyme/ob%C3%A9ir,obéir
http://www.antonyme.org/antonyme/ob%C3%A9issance,obéissance
http://www.antonyme.org/antonyme/ob%C3%A9issant,obéissant
http://www.antonyme.org/antonyme/ob%C3%A9issante,obéissante
http://www.antonyme.org/antonyme/ob%C3%A8se,obèse
http://www.antonyme.org/antonyme/ob%C3%A9sit%C3%A9,obésité
http://www.antonyme.org/antonyme/objecter,objecter
http://www.antonyme.org/antonyme/objectif,objectif
http://www.antonyme.org/antonyme/objectifs,objectifs
http://www.antonyme.org/antonyme/objection,objection
http://www.antonyme.org/antonyme/objections,objections
http://www.antonyme.org/antonyme/objective,objective
http://www.antonyme.org/antonyme/objectivement,objectivement
http://www.antonyme.org/antonyme/objectivit%C3%A9,objectivité
http://www.antonyme.org/antonyme/objet,objet
http://www.antonyme.org/antonyme/objets,objets
http://www.antonyme.org/antonyme/objurgation,objurgation
http://www.antonyme.org/antonyme/oblation,oblation
http://www.antonyme.org/antonyme/oblativit%C3%A9,oblativité
http://www.antonyme.org/antonyme/obligation,obligation
http://www.antonyme.org/antonyme/obligations,obligations
http://www.antonyme.org/antonyme/obligatoire,obligatoire
http://www.antonyme.org/antonyme/obligatoirement,obligatoirement
http://www.antonyme.org/antonyme/obligatoires,obligatoires
http://www.antonyme.org/antonyme/oblige,oblige
http://www.antonyme.org/antonyme/oblig%C3%A9,obligé
http://www.antonyme.org/antonyme/obligeamment,obligeamment
http://www.antonyme.org/antonyme/obligeance,obligeance
http://www.antonyme.org/antonyme/obligeant,obligeant
http://www.antonyme.org/antonyme/oblig%C3%A9e,obligée
http://www.antonyme.org/antonyme/oblig%C3%A9es,obligées
http://www.antonyme.org/antonyme/obligent,obligent
http://www.antonyme.org/antonyme/obliger,obliger
http://www.antonyme.org/antonyme/oblig%C3%A9s,obligés
http://www.antonyme.org/antonyme/oblique,oblique
http://www.antonyme.org/antonyme/obliquement,obliquement
http://www.antonyme.org/antonyme/obliquer,obliquer
http://www.antonyme.org/antonyme/obliquit%C3%A9,obliquité
http://www.antonyme.org/antonyme/oblit%C3%A9rer,oblitérer
http://www.antonyme.org/antonyme/oblong,oblong
http://www.antonyme.org/antonyme/obnubilation,obnubilation
http://www.antonyme.org/antonyme/obnubil%C3%A9,obnubilé
http://www.antonyme.org/antonyme/obole,obole
http://www.antonyme.org/antonyme/obombrer,obombrer
http://www.antonyme.org/antonyme/obsc%C3%A8ne,obscène
http://www.antonyme.org/antonyme/obsc%C3%A9nit%C3%A9,obscénité
http://www.antonyme.org/antonyme/obscur,obscur
http://www.antonyme.org/antonyme/obscurantiste,obscurantiste
http://www.antonyme.org/antonyme/obscurcir,obscurcir
http://www.antonyme.org/antonyme/obscurcissement,obscurcissement
http://www.antonyme.org/antonyme/obscure,obscure
http://www.antonyme.org/antonyme/obscur%C3%A9ment,obscurément
http://www.antonyme.org/antonyme/obscures,obscures
http://www.antonyme.org/antonyme/obscurit%C3%A9,obscurité
http://www.antonyme.org/antonyme/obs%C3%A9d%C3%A9,obsédé
http://www.antonyme.org/antonyme/obs%C3%A9der,obséder
http://www.antonyme.org/antonyme/obs%C3%A8ques,obsèques
http://www.antonyme.org/antonyme/obs%C3%A9quieux,obséquieux
http://www.antonyme.org/antonyme/obs%C3%A9quiosit%C3%A9,obséquiosité
http://www.antonyme.org/antonyme/observait,observait
http://www.antonyme.org/antonyme/observance,observance
http://www.antonyme.org/antonyme/observateur,observateur
http://www.antonyme.org/antonyme/observateurs,observateurs
http://www.antonyme.org/antonyme/observation,observation
http://www.antonyme.org/antonyme/observations,observations
http://www.antonyme.org/antonyme/observatrice,observatrice
http://www.antonyme.org/antonyme/observe,observe
http://www.antonyme.org/antonyme/observ%C3%A9,observé
http://www.antonyme.org/antonyme/observ%C3%A9e,observée
http://www.antonyme.org/antonyme/observ%C3%A9es,observées
http://www.antonyme.org/antonyme/observent,observent
http://www.antonyme.org/antonyme/observer,observer
http://www.antonyme.org/antonyme/obsessif,obsessif
http://www.antonyme.org/antonyme/obsol%C3%A8te,obsolète
http://www.antonyme.org/antonyme/obstacle,obstacle
http://www.antonyme.org/antonyme/obstacles,obstacles
http://www.antonyme.org/antonyme/obstination,obstination
http://www.antonyme.org/antonyme/obstin%C3%A9,obstiné
http://www.antonyme.org/antonyme/obstin%C3%A9e,obstinée
http://www.antonyme.org/antonyme/obstruer,obstruer
http://www.antonyme.org/antonyme/obtemp%C3%A9rer,obtempérer
http://www.antonyme.org/antonyme/obtenant,obtenant
http://www.antonyme.org/antonyme/obtenir,obtenir
http://www.antonyme.org/antonyme/obtention,obtention
http://www.antonyme.org/antonyme/obtenu,obtenu
http://www.antonyme.org/antonyme/obtenue,obtenue
http://www.antonyme.org/antonyme/obtenues,obtenues
http://www.antonyme.org/antonyme/obtenus,obtenus
http://www.antonyme.org/antonyme/obtiendra,obtiendra
http://www.antonyme.org/antonyme/obtiennent,obtiennent
http://www.antonyme.org/antonyme/obtient,obtient
http://www.antonyme.org/antonyme/obturer,obturer
http://www.antonyme.org/antonyme/obtus,obtus
http://www.antonyme.org/antonyme/obtuse,obtuse
http://www.antonyme.org/antonyme/obvie,obvie
http://www.antonyme.org/antonyme/occasion,occasion
http://www.antonyme.org/antonyme/occasionnel,occasionnel
http://www.antonyme.org/antonyme/occasionnelle,occasionnelle
http://www.antonyme.org/antonyme/occasionnellement,occasionnellement
http://www.antonyme.org/antonyme/occasionner,occasionner
http://www.antonyme.org/antonyme/occasions,occasions
http://www.antonyme.org/antonyme/occident,occident
http://www.antonyme.org/antonyme/occidental,occidental
http://www.antonyme.org/antonyme/occidentale,occidentale
http://www.antonyme.org/antonyme/occidentaux,occidentaux
http://www.antonyme.org/antonyme/occlusion,occlusion
http://www.antonyme.org/antonyme/occulte,occulte
http://www.antonyme.org/antonyme/occult%C3%A9,occulté
http://www.antonyme.org/antonyme/occulter,occulter
http://www.antonyme.org/antonyme/occupaient,occupaient
http://www.antonyme.org/antonyme/occupait,occupait
http://www.antonyme.org/antonyme/occupant,occupant
http://www.antonyme.org/antonyme/occupante,occupante
http://www.antonyme.org/antonyme/occupants,occupants
http://www.antonyme.org/antonyme/occupation,occupation
http://www.antonyme.org/antonyme/occupe,occupe
http://www.antonyme.org/antonyme/occup%C3%A9,occupé
http://www.antonyme.org/antonyme/occup%C3%A9e,occupée
http://www.antonyme.org/antonyme/occup%C3%A9es,occupées
http://www.antonyme.org/antonyme/occupent,occupent
http://www.antonyme.org/antonyme/occuper,occuper
http://www.antonyme.org/antonyme/occup%C3%A9s,occupés
http://www.antonyme.org/antonyme/occurrent,occurrent
http://www.antonyme.org/antonyme/oc%C3%A9anique,océanique
http://www.antonyme.org/antonyme/oc%C3%A9aniques,océaniques
http://www.antonyme.org/antonyme/octroyer,octroyer
http://www.antonyme.org/antonyme/odieuse,odieuse
http://www.antonyme.org/antonyme/odieusement,odieusement
http://www.antonyme.org/antonyme/odieux,odieux
http://www.antonyme.org/antonyme/odorant,odorant
http://www.antonyme.org/antonyme/odorif%C3%A9rant,odoriférant
http://www.antonyme.org/antonyme/oecum%C3%A9nicit%C3%A9,oecuménicité
http://www.antonyme.org/antonyme/oeuvre,oeuvre
http://www.antonyme.org/antonyme/offensant,offensant
http://www.antonyme.org/antonyme/offense,offense
http://www.antonyme.org/antonyme/offens%C3%A9,offensé
http://www.antonyme.org/antonyme/offenser,offenser
http://www.antonyme.org/antonyme/offenseur,offenseur
http://www.antonyme.org/antonyme/offensif,offensif
http://www.antonyme.org/antonyme/offensive,offensive
http://www.antonyme.org/antonyme/offensives,offensives
http://www.antonyme.org/antonyme/offerts,offerts
http://www.antonyme.org/antonyme/office,office
http://www.antonyme.org/antonyme/offices,offices
http://www.antonyme.org/antonyme/officiel,officiel
http://www.antonyme.org/antonyme/officielle,officielle
http://www.antonyme.org/antonyme/officiellement,officiellement
http://www.antonyme.org/antonyme/officielles,officielles
http://www.antonyme.org/antonyme/officiels,officiels
http://www.antonyme.org/antonyme/officieuse,officieuse
http://www.antonyme.org/antonyme/officieux,officieux
http://www.antonyme.org/antonyme/offrait,offrait
http://www.antonyme.org/antonyme/offrande,offrande
http://www.antonyme.org/antonyme/offrant,offrant
http://www.antonyme.org/antonyme/offre,offre
http://www.antonyme.org/antonyme/offrent,offrent
http://www.antonyme.org/antonyme/offres,offres
http://www.antonyme.org/antonyme/offrir,offrir
http://www.antonyme.org/antonyme/offusquer,offusquer
http://www.antonyme.org/antonyme/oindre,oindre
http://www.antonyme.org/antonyme/oiseux,oiseux
http://www.antonyme.org/antonyme/oisif,oisif
http://www.antonyme.org/antonyme/oisive,oisive
http://www.antonyme.org/antonyme/oisivet%C3%A9,oisiveté
http://www.antonyme.org/antonyme/oison,oison
http://www.antonyme.org/antonyme/ol%C3%A9oduc,oléoduc
http://www.antonyme.org/antonyme/oligarchie,oligarchie
http://www.antonyme.org/antonyme/oligophr%C3%A9nie,oligophrénie
http://www.antonyme.org/antonyme/olympien,olympien
http://www.antonyme.org/antonyme/olympienne,olympienne
http://www.antonyme.org/antonyme/ombrage,ombrage
http://www.antonyme.org/antonyme/ombrag%C3%A9,ombragé
http://www.antonyme.org/antonyme/ombrager,ombrager
http://www.antonyme.org/antonyme/ombrageuse,ombrageuse
http://www.antonyme.org/antonyme/ombrageux,ombrageux
http://www.antonyme.org/antonyme/ombre,ombre
http://www.antonyme.org/antonyme/ombres,ombres
http://www.antonyme.org/antonyme/ombreux,ombreux
http://www.antonyme.org/antonyme/omettre,omettre
http://www.antonyme.org/antonyme/omission,omission
http://www.antonyme.org/antonyme/omnibus,omnibus
http://www.antonyme.org/antonyme/omnipotence,omnipotence
http://www.antonyme.org/antonyme/omnipraticien,omnipraticien
http://www.antonyme.org/antonyme/omniscient,omniscient
http://www.antonyme.org/antonyme/omnisciente,omnisciente
http://www.antonyme.org/antonyme/onction,onction
http://www.antonyme.org/antonyme/onctueuse,onctueuse
http://www.antonyme.org/antonyme/onctueusement,onctueusement
http://www.antonyme.org/antonyme/onctueux,onctueux
http://www.antonyme.org/antonyme/onde,onde
http://www.antonyme.org/antonyme/ondoyant,ondoyant
http://www.antonyme.org/antonyme/ondoyante,ondoyante
http://www.antonyme.org/antonyme/ondulant,ondulant
http://www.antonyme.org/antonyme/ondulante,ondulante
http://www.antonyme.org/antonyme/ondulation,ondulation
http://www.antonyme.org/antonyme/onduleux,onduleux
http://www.antonyme.org/antonyme/on%C3%A9reuse,onéreuse
http://www.antonyme.org/antonyme/on%C3%A9reusement,onéreusement
http://www.antonyme.org/antonyme/on%C3%A9reux,onéreux
http://www.antonyme.org/antonyme/ongl%C3%A9e,onglée
http://www.antonyme.org/antonyme/onirique,onirique
http://www.antonyme.org/antonyme/ont,ont
http://www.antonyme.org/antonyme/opacification,opacification
http://www.antonyme.org/antonyme/opacifier,opacifier
http://www.antonyme.org/antonyme/opacit%C3%A9,opacité
http://www.antonyme.org/antonyme/opalescent,opalescent
http://www.antonyme.org/antonyme/opalin,opalin
http://www.antonyme.org/antonyme/opaline,opaline
http://www.antonyme.org/antonyme/opaque,opaque
http://www.antonyme.org/antonyme/openfield,openfield
http://www.antonyme.org/antonyme/op%C3%A9rant,opérant
http://www.antonyme.org/antonyme/op%C3%A9rante,opérante
http://www.antonyme.org/antonyme/op%C3%A9rateur,opérateur
http://www.antonyme.org/antonyme/op%C3%A9rationnel,opérationnel
http://www.antonyme.org/antonyme/op%C3%A9rationnelle,opérationnelle
http://www.antonyme.org/antonyme/op%C3%A9rer,opérer
http://www.antonyme.org/antonyme/opiner,opiner
http://www.antonyme.org/antonyme/opini%C3%A2tre,opiniâtre
http://www.antonyme.org/antonyme/opini%C3%A2trement,opiniâtrement
http://www.antonyme.org/antonyme/opini%C3%A2trer,opiniâtrer
http://www.antonyme.org/antonyme/opini%C3%A2tret%C3%A9,opiniâtreté
http://www.antonyme.org/antonyme/opinion,opinion
http://www.antonyme.org/antonyme/opinions,opinions
http://www.antonyme.org/antonyme/oppidum,oppidum
http://www.antonyme.org/antonyme/opportun,opportun
http://www.antonyme.org/antonyme/opportune,opportune
http://www.antonyme.org/antonyme/opportun%C3%A9ment,opportunément
http://www.antonyme.org/antonyme/opportunit%C3%A9,opportunité
http://www.antonyme.org/antonyme/opposait,opposait
http://www.antonyme.org/antonyme/opposant,opposant
http://www.antonyme.org/antonyme/opposants,opposants
http://www.antonyme.org/antonyme/oppose,oppose
http://www.antonyme.org/antonyme/oppos%C3%A9,opposé
http://www.antonyme.org/antonyme/oppos%C3%A9e,opposée
http://www.antonyme.org/antonyme/oppos%C3%A9es,opposées
http://www.antonyme.org/antonyme/opposent,opposent
http://www.antonyme.org/antonyme/opposer,opposer
http://www.antonyme.org/antonyme/oppos%C3%A9s,opposés
http://www.antonyme.org/antonyme/opposition,opposition
http://www.antonyme.org/antonyme/oppositions,oppositions
http://www.antonyme.org/antonyme/oppressant,oppressant
http://www.antonyme.org/antonyme/oppress%C3%A9,oppressé
http://www.antonyme.org/antonyme/oppresser,oppresser
http://www.antonyme.org/antonyme/oppresseur,oppresseur
http://www.antonyme.org/antonyme/oppression,oppression
http://www.antonyme.org/antonyme/opprim%C3%A9,opprimé
http://www.antonyme.org/antonyme/opprimer,opprimer
http://www.antonyme.org/antonyme/opprobre,opprobre
http://www.antonyme.org/antonyme/optimal,optimal
http://www.antonyme.org/antonyme/optimisme,optimisme
http://www.antonyme.org/antonyme/optimiste,optimiste
http://www.antonyme.org/antonyme/optimistes,optimistes
http://www.antonyme.org/antonyme/option,option
http://www.antonyme.org/antonyme/optionnel,optionnel
http://www.antonyme.org/antonyme/options,options
http://www.antonyme.org/antonyme/opulence,opulence
http://www.antonyme.org/antonyme/opulent,opulent
http://www.antonyme.org/antonyme/opulente,opulente
http://www.antonyme.org/antonyme/opuscule,opuscule
http://www.antonyme.org/antonyme/oracle,oracle
http://www.antonyme.org/antonyme/orages,orages
http://www.antonyme.org/antonyme/orageux,orageux
http://www.antonyme.org/antonyme/oraison,oraison
http://www.antonyme.org/antonyme/oral,oral
http://www.antonyme.org/antonyme/orale,orale
http://www.antonyme.org/antonyme/orateur,orateur
http://www.antonyme.org/antonyme/orateurs,orateurs
http://www.antonyme.org/antonyme/oratoire,oratoire
http://www.antonyme.org/antonyme/oraux,oraux
http://www.antonyme.org/antonyme/orchestre,orchestre
http://www.antonyme.org/antonyme/orchestr%C3%A9e,orchestrée
http://www.antonyme.org/antonyme/orchestrer,orchestrer
http://www.antonyme.org/antonyme/orchestres,orchestres
http://www.antonyme.org/antonyme/ordinaire,ordinaire
http://www.antonyme.org/antonyme/ordinairement,ordinairement
http://www.antonyme.org/antonyme/ordinaires,ordinaires
http://www.antonyme.org/antonyme/ordinateur,ordinateur
http://www.antonyme.org/antonyme/ordinateurs,ordinateurs
http://www.antonyme.org/antonyme/ordonnance,ordonnance
http://www.antonyme.org/antonyme/ordonnancement,ordonnancement
http://www.antonyme.org/antonyme/ordonnancer,ordonnancer
http://www.antonyme.org/antonyme/ordonnateur,ordonnateur
http://www.antonyme.org/antonyme/ordonne,ordonne
http://www.antonyme.org/antonyme/ordonn%C3%A9,ordonné
http://www.antonyme.org/antonyme/ordonn%C3%A9e,ordonnée
http://www.antonyme.org/antonyme/ordonner,ordonner
http://www.antonyme.org/antonyme/ordre,ordre
http://www.antonyme.org/antonyme/ordres,ordres
http://www.antonyme.org/antonyme/ordure,ordure
http://www.antonyme.org/antonyme/ordures,ordures
http://www.antonyme.org/antonyme/ordurier,ordurier
http://www.antonyme.org/antonyme/or%C3%A9e,orée
http://www.antonyme.org/antonyme/organique,organique
http://www.antonyme.org/antonyme/organisait,organisait
http://www.antonyme.org/antonyme/organisateur,organisateur
http://www.antonyme.org/antonyme/organisation,organisation
http://www.antonyme.org/antonyme/organisations,organisations
http://www.antonyme.org/antonyme/organise,organise
http://www.antonyme.org/antonyme/organis%C3%A9,organisé
http://www.antonyme.org/antonyme/organis%C3%A9e,organisée
http://www.antonyme.org/antonyme/organis%C3%A9es,organisées
http://www.antonyme.org/antonyme/organisent,organisent
http://www.antonyme.org/antonyme/organis%C3%A9s,organisés
http://www.antonyme.org/antonyme/orgasme,orgasme
http://www.antonyme.org/antonyme/orgastique,orgastique
http://www.antonyme.org/antonyme/orgiaque,orgiaque
http://www.antonyme.org/antonyme/orgueil,orgueil
http://www.antonyme.org/antonyme/orgueilleuse,orgueilleuse
http://www.antonyme.org/antonyme/orgueilleux,orgueilleux
http://www.antonyme.org/antonyme/orient,orient
http://www.antonyme.org/antonyme/Orient,Orient
http://www.antonyme.org/antonyme/oriental,oriental
http://www.antonyme.org/antonyme/Oriental,Oriental
http://www.antonyme.org/antonyme/orientale,orientale
http://www.antonyme.org/antonyme/Orientale,Orientale
http://www.antonyme.org/antonyme/orientation,orientation
http://www.antonyme.org/antonyme/orientations,orientations
http://www.antonyme.org/antonyme/orient%C3%A9,orienté
http://www.antonyme.org/antonyme/orienter,orienter
http://www.antonyme.org/antonyme/originaire,originaire
http://www.antonyme.org/antonyme/originaires,originaires
http://www.antonyme.org/antonyme/original,original
http://www.antonyme.org/antonyme/originale,originale
http://www.antonyme.org/antonyme/originales,originales
http://www.antonyme.org/antonyme/originalit%C3%A9,originalité
http://www.antonyme.org/antonyme/originaux,originaux
http://www.antonyme.org/antonyme/origine,origine
http://www.antonyme.org/antonyme/originel,originel
http://www.antonyme.org/antonyme/originelle,originelle
http://www.antonyme.org/antonyme/originellement,originellement
http://www.antonyme.org/antonyme/origines,origines
http://www.antonyme.org/antonyme/orn%C3%A9,orné
http://www.antonyme.org/antonyme/orn%C3%A9e,ornée
http://www.antonyme.org/antonyme/ornementation,ornementation
http://www.antonyme.org/antonyme/ornementer,ornementer
http://www.antonyme.org/antonyme/orner,orner
http://www.antonyme.org/antonyme/orthodoxe,orthodoxe
http://www.antonyme.org/antonyme/orthodoxes,orthodoxes
http://www.antonyme.org/antonyme/orthodoxie,orthodoxie
http://www.antonyme.org/antonyme/orthodromie,orthodromie
http://www.antonyme.org/antonyme/os,os
http://www.antonyme.org/antonyme/oscillant,oscillant
http://www.antonyme.org/antonyme/osciller,osciller
http://www.antonyme.org/antonyme/ose,ose
http://www.antonyme.org/antonyme/os%C3%A9,osé
http://www.antonyme.org/antonyme/osent,osent
http://www.antonyme.org/antonyme/oser,oser
http://www.antonyme.org/antonyme/ossature,ossature
http://www.antonyme.org/antonyme/osseuse,osseuse
http://www.antonyme.org/antonyme/osseux,osseux
http://www.antonyme.org/antonyme/ostensible,ostensible
http://www.antonyme.org/antonyme/ostensiblement,ostensiblement
http://www.antonyme.org/antonyme/ostentation,ostentation
http://www.antonyme.org/antonyme/ostentatoire,ostentatoire
http://www.antonyme.org/antonyme/ostrogoth,ostrogoth
http://www.antonyme.org/antonyme/%C3%B4t%C3%A9,ôté
http://www.antonyme.org/antonyme/%C3%B4ter,ôter
http://www.antonyme.org/antonyme/ouaille,ouaille
http://www.antonyme.org/antonyme/oubli,oubli
http://www.antonyme.org/antonyme/oubliable,oubliable
http://www.antonyme.org/antonyme/oubliant,oubliant
http://www.antonyme.org/antonyme/oubli%C3%A9,oublié
http://www.antonyme.org/antonyme/oubli%C3%A9e,oubliée
http://www.antonyme.org/antonyme/oublier,oublier
http://www.antonyme.org/antonyme/oubli%C3%A9s,oubliés
http://www.antonyme.org/antonyme/oublieux,oublieux
http://www.antonyme.org/antonyme/oublions,oublions
http://www.antonyme.org/antonyme/ouest,ouest
http://www.antonyme.org/antonyme/Ouest,Ouest
http://www.antonyme.org/antonyme/ouragan,ouragan
http://www.antonyme.org/antonyme/ours,ours
http://www.antonyme.org/antonyme/ourse,ourse
http://www.antonyme.org/antonyme/outiller,outiller
http://www.antonyme.org/antonyme/outrage,outrage
http://www.antonyme.org/antonyme/outrag%C3%A9,outragé
http://www.antonyme.org/antonyme/outrager,outrager
http://www.antonyme.org/antonyme/outrageux,outrageux
http://www.antonyme.org/antonyme/outrance,outrance
http://www.antonyme.org/antonyme/outrancier,outrancier
http://www.antonyme.org/antonyme/outre,outre
http://www.antonyme.org/antonyme/outr%C3%A9,outré
http://www.antonyme.org/antonyme/outrecuidance,outrecuidance
http://www.antonyme.org/antonyme/outrecuidant,outrecuidant
http://www.antonyme.org/antonyme/outr%C3%A9e,outrée
http://www.antonyme.org/antonyme/outrepasser,outrepasser
http://www.antonyme.org/antonyme/outrer,outrer
http://www.antonyme.org/antonyme/ouvert,ouvert
http://www.antonyme.org/antonyme/ouverte,ouverte
http://www.antonyme.org/antonyme/ouvertement,ouvertement
http://www.antonyme.org/antonyme/ouvertes,ouvertes
http://www.antonyme.org/antonyme/ouverts,ouverts
http://www.antonyme.org/antonyme/ouverture,ouverture
http://www.antonyme.org/antonyme/ouvertures,ouvertures
http://www.antonyme.org/antonyme/ouvrable,ouvrable
http://www.antonyme.org/antonyme/ouvrage,ouvrage
http://www.antonyme.org/antonyme/ouvrages,ouvrages
http://www.antonyme.org/antonyme/ouvrant,ouvrant
http://www.antonyme.org/antonyme/ouvre,ouvre
http://www.antonyme.org/antonyme/ouvrier,ouvrier
http://www.antonyme.org/antonyme/ouvri%C3%A8re,ouvrière
http://www.antonyme.org/antonyme/ouvri%C3%A8res,ouvrières
http://www.antonyme.org/antonyme/ouvriers,ouvriers
http://www.antonyme.org/antonyme/ouvrir,ouvrir
http://www.antonyme.org/antonyme/ouvrira,ouvrira
http://www.antonyme.org/antonyme/ovation,ovation
http://www.antonyme.org/antonyme/ovationner,ovationner
http://www.antonyme.org/antonyme/overdose,overdose
http://www.antonyme.org/antonyme/oxydation,oxydation
http://www.antonyme.org/antonyme/timide,Timide
http://www.antonyme.org/antonyme/confirmer,Confirmer
http://www.antonyme.org/antonyme/misogyne,Misogyne
http://www.antonyme.org/antonyme/modeste,Modeste
http://www.antonyme.org/antonyme/tardif,Tardif
http://www.antonyme.org/antonyme/liberté,Liberté
http://www.antonyme.org/antonyme/sérieux,Sérieux
http://www.antonyme.org/antonyme/atout,Atout
http://www.antonyme.org/antonyme/confiance,Confiance
http://www.antonyme.org/antonyme/précéder,Précéder
http://www.antonyme.org/antonyme/important,Important
http://www.antonyme.org/antonyme/ponctuel,Ponctuel
http://www.antonyme.org/antonyme/monotone,Monotone
http://www.antonyme.org/antonyme/fiable,Fiable
http://www.antonyme.org/antonyme/original,Original
"http://www.antonyme.org/antonyme/à l'instar","à l instar"
http://www.antonyme.org/antonyme/trouver,Trouver
http://www.antonyme.org/antonyme/amour,Amour
http://www.antonyme.org/antonyme/faire,faire
"http://www.antonyme.org/antonyme/en plus","en plus"
http://www.antonyme.org/antonyme/anglais,anglais
http://www.antonyme.org/antonyme/mettre,mettre
"http://www.antonyme.org/antonyme/en effet","en effet"
http://www.antonyme.org/antonyme/contraire,contraire
http://www.antonyme.org/antonyme/être,être
http://www.antonyme.org/antonyme/avoir,avoir
http://www.antonyme.org/antonyme/problème,problème
http://www.antonyme.org/antonyme/pour,pour
http://www.antonyme.org/antonyme/travail,travail
http://www.antonyme.org/antonyme/créer,créer
http://www.antonyme.org/antonyme/demander,demander
http://www.antonyme.org/antonyme/bien,bien
http://www.antonyme.org/antonyme/important,important
http://www.antonyme.org/antonyme/prendre,prendre
http://www.antonyme.org/antonyme/experience,expérience
http://www.antonyme.org/antonyme/amour,amour
http://www.antonyme.org/antonyme/dire,dire
http://www.antonyme.org/antonyme/trouver,trouver
http://www.antonyme.org/antonyme/augmenter,augmenter
http://www.antonyme.org/antonyme/installer,installer
"http://www.antonyme.org/antonyme/en fait","en fait"
http://www.antonyme.org/antonyme/voir,voir
http://www.antonyme.org/antonyme/aimer,aimer
http://www.antonyme.org/antonyme/temps,temps
http://www.antonyme.org/antonyme/petit,petit
http://www.antonyme.org/antonyme/obtenir,obtenir
http://www.antonyme.org/antonyme/analyse,analyse
http://www.antonyme.org/antonyme/utiliser,utiliser
http://www.antonyme.org/antonyme/savoir,savoir
http://www.antonyme.org/antonyme/montrer,montrer
http://www.antonyme.org/antonyme/développer,développer
http://www.antonyme.org/antonyme/origine,origine
http://www.antonyme.org/antonyme/fin,fin
"http://www.antonyme.org/antonyme/du coup","du coup"
"http://www.antonyme.org/antonyme/en ligne","en ligne"
http://www.antonyme.org/antonyme/changer,changer
http://www.antonyme.org/antonyme/oeuvre,oeuvre
http://www.antonyme.org/antonyme/intéresser,intéresser
http://www.antonyme.org/antonyme/bonne,bonne
http://www.antonyme.org/antonyme/présentation,présentation
http://www.antonyme.org/antonyme/aide,aide
http://www.antonyme.org/antonyme/différent,différent
http://www.antonyme.org/antonyme/vie,vie
http://www.antonyme.org/antonyme/aider,aider
http://www.antonyme.org/antonyme/réaliser,réaliser
http://www.antonyme.org/antonyme/cause,cause
http://www.antonyme.org/antonyme/souhaiter,souhaiter
http://www.antonyme.org/antonyme/belle,belle
http://www.antonyme.org/antonyme/découvrir,découvrir
http://www.antonyme.org/antonyme/intéressant,intéressant
http://www.antonyme.org/antonyme/présenter,présenter
"http://www.antonyme.org/antonyme/suite à","suite à"
http://www.antonyme.org/antonyme/intégrer,intégrer
http://www.antonyme.org/antonyme/grand,grand
http://www.antonyme.org/antonyme/connaître,connaître
http://www.antonyme.org/antonyme/démonter,démonter
http://www.antonyme.org/antonyme/effectuer,effectuer
http://www.antonyme.org/antonyme/beau,beau
http://www.antonyme.org/antonyme/connaissance,connaissance
http://www.antonyme.org/antonyme/emploi,emploi
http://www.antonyme.org/antonyme/recherche,recherche
"http://www.antonyme.org/antonyme/par contre","par contre"
http://www.antonyme.org/antonyme/parler,parler
http://www.antonyme.org/antonyme/explication,explication
http://www.antonyme.org/antonyme/penser,penser
http://www.antonyme.org/antonyme/avec,avec
http://www.antonyme.org/antonyme/triste,triste
http://www.antonyme.org/antonyme/regarder,regarder
http://www.antonyme.org/antonyme/travailler,travailler
http://www.antonyme.org/antonyme/améliorer,améliorer
http://www.antonyme.org/antonyme/tristesse,tristesse
http://www.antonyme.org/antonyme/passer,passer
http://www.antonyme.org/antonyme/création,création
http://www.antonyme.org/antonyme/acquérir,acquérir
"http://www.antonyme.org/antonyme/ainsi que","ainsi que"
http://www.antonyme.org/antonyme/intérêt,intérêt
http://www.antonyme.org/antonyme/passionné,passionné
http://www.antonyme.org/antonyme/peur,peur
http://www.antonyme.org/antonyme/adapter,adapter
http://www.antonyme.org/antonyme/rechercher,rechercher
http://www.antonyme.org/antonyme/passion,passion
http://www.antonyme.org/antonyme/accord,accord
http://www.antonyme.org/antonyme/organisation,organisation
http://www.antonyme.org/antonyme/compétence,compétence
