http://www.antonyme.org/antonyme/rab%C3%A2chage,rabâchage
http://www.antonyme.org/antonyme/rabais,rabais
http://www.antonyme.org/antonyme/rabaisser,rabaisser
http://www.antonyme.org/antonyme/rabattre,rabattre
http://www.antonyme.org/antonyme/rabattu,rabattu
http://www.antonyme.org/antonyme/rabibocher,rabibocher
http://www.antonyme.org/antonyme/rabioter,rabioter
http://www.antonyme.org/antonyme/r%C3%A2ble,râble
http://www.antonyme.org/antonyme/r%C3%A2bl%C3%A9,râblé
http://www.antonyme.org/antonyme/r%C3%A2bl%C3%A9s,râblés
http://www.antonyme.org/antonyme/raboteux,raboteux
http://www.antonyme.org/antonyme/rabougri,rabougri
http://www.antonyme.org/antonyme/rabougrie,rabougrie
http://www.antonyme.org/antonyme/rabougrir,rabougrir
http://www.antonyme.org/antonyme/rabrouer,rabrouer
http://www.antonyme.org/antonyme/racaille,racaille
http://www.antonyme.org/antonyme/raccommodement,raccommodement
http://www.antonyme.org/antonyme/raccommoder,raccommoder
http://www.antonyme.org/antonyme/raccompagner,raccompagner
http://www.antonyme.org/antonyme/raccord,raccord
http://www.antonyme.org/antonyme/raccordement,raccordement
http://www.antonyme.org/antonyme/raccorder,raccorder
http://www.antonyme.org/antonyme/raccourci,raccourci
http://www.antonyme.org/antonyme/raccourcir,raccourcir
http://www.antonyme.org/antonyme/raccourcissement,raccourcissement
http://www.antonyme.org/antonyme/raccrocher,raccrocher
http://www.antonyme.org/antonyme/race,race
http://www.antonyme.org/antonyme/rachat,rachat
http://www.antonyme.org/antonyme/rachats,rachats
http://www.antonyme.org/antonyme/rachetant,rachetant
http://www.antonyme.org/antonyme/rachet%C3%A9,racheté
http://www.antonyme.org/antonyme/rach%C3%A8te,rachète
http://www.antonyme.org/antonyme/rachet%C3%A9e,rachetée
http://www.antonyme.org/antonyme/racheter,racheter
http://www.antonyme.org/antonyme/rachis,rachis
http://www.antonyme.org/antonyme/rachitique,rachitique
http://www.antonyme.org/antonyme/rachitisme,rachitisme
http://www.antonyme.org/antonyme/racine,racine
http://www.antonyme.org/antonyme/racines,racines
http://www.antonyme.org/antonyme/racisme,racisme
http://www.antonyme.org/antonyme/raciste,raciste
http://www.antonyme.org/antonyme/racistes,racistes
http://www.antonyme.org/antonyme/racl%C3%A9e,raclée
http://www.antonyme.org/antonyme/racoler,racoler
http://www.antonyme.org/antonyme/racontait,racontait
http://www.antonyme.org/antonyme/raconte,raconte
http://www.antonyme.org/antonyme/raconter,raconter
http://www.antonyme.org/antonyme/racornir,racornir
http://www.antonyme.org/antonyme/radar,radar
http://www.antonyme.org/antonyme/radars,radars
http://www.antonyme.org/antonyme/radiation,radiation
http://www.antonyme.org/antonyme/radical,radical
http://www.antonyme.org/antonyme/radicale,radicale
http://www.antonyme.org/antonyme/radicalement,radicalement
http://www.antonyme.org/antonyme/radicales,radicales
http://www.antonyme.org/antonyme/radicalisation,radicalisation
http://www.antonyme.org/antonyme/radicaux,radicaux
http://www.antonyme.org/antonyme/radier,radier
http://www.antonyme.org/antonyme/radieuse,radieuse
http://www.antonyme.org/antonyme/radieux,radieux
http://www.antonyme.org/antonyme/radin,radin
http://www.antonyme.org/antonyme/radine,radine
http://www.antonyme.org/antonyme/radiner,radiner
http://www.antonyme.org/antonyme/radinerie,radinerie
http://www.antonyme.org/antonyme/radio,radio
http://www.antonyme.org/antonyme/radiophonie,radiophonie
http://www.antonyme.org/antonyme/radios,radios
http://www.antonyme.org/antonyme/radoucir,radoucir
http://www.antonyme.org/antonyme/radoucissement,radoucissement
http://www.antonyme.org/antonyme/raffermir,raffermir
http://www.antonyme.org/antonyme/raffermissement,raffermissement
http://www.antonyme.org/antonyme/raffinage,raffinage
http://www.antonyme.org/antonyme/raffin%C3%A9,raffiné
http://www.antonyme.org/antonyme/raffinement,raffinement
http://www.antonyme.org/antonyme/raffiner,raffiner
http://www.antonyme.org/antonyme/raffin%C3%A9s,raffinés
http://www.antonyme.org/antonyme/raffut,raffut
http://www.antonyme.org/antonyme/rafistoler,rafistoler
http://www.antonyme.org/antonyme/rafler,rafler
http://www.antonyme.org/antonyme/rafra%C3%AEchir,rafraîchir
http://www.antonyme.org/antonyme/rafra%C3%AEchissant,rafraîchissant
http://www.antonyme.org/antonyme/rage,rage
http://www.antonyme.org/antonyme/rageant,rageant
http://www.antonyme.org/antonyme/rago%C3%BBtant,ragoûtant
http://www.antonyme.org/antonyme/raide,raide
http://www.antonyme.org/antonyme/raideur,raideur
http://www.antonyme.org/antonyme/raidillon,raidillon
http://www.antonyme.org/antonyme/raidir,raidir
http://www.antonyme.org/antonyme/raidissement,raidissement
http://www.antonyme.org/antonyme/railler,railler
http://www.antonyme.org/antonyme/raillerie,raillerie
http://www.antonyme.org/antonyme/railleur,railleur
http://www.antonyme.org/antonyme/railleuse,railleuse
http://www.antonyme.org/antonyme/railleusement,railleusement
http://www.antonyme.org/antonyme/raison,raison
http://www.antonyme.org/antonyme/raisonnable,raisonnable
http://www.antonyme.org/antonyme/raisonnablement,raisonnablement
http://www.antonyme.org/antonyme/raisonnables,raisonnables
http://www.antonyme.org/antonyme/raisonn%C3%A9,raisonné
http://www.antonyme.org/antonyme/raisonnement,raisonnement
http://www.antonyme.org/antonyme/raisonner,raisonner
http://www.antonyme.org/antonyme/raisonneur,raisonneur
http://www.antonyme.org/antonyme/raisons,raisons
http://www.antonyme.org/antonyme/rajeunir,rajeunir
http://www.antonyme.org/antonyme/rajeunissement,rajeunissement
http://www.antonyme.org/antonyme/rajout%C3%A9,rajouté
http://www.antonyme.org/antonyme/rajouter,rajouter
http://www.antonyme.org/antonyme/rajuster,rajuster
http://www.antonyme.org/antonyme/ralentie,ralentie
http://www.antonyme.org/antonyme/ralentir,ralentir
http://www.antonyme.org/antonyme/ralentissement,ralentissement
http://www.antonyme.org/antonyme/ralentit,ralentit
http://www.antonyme.org/antonyme/ralli%C3%A9,rallié
http://www.antonyme.org/antonyme/ralliement,ralliement
http://www.antonyme.org/antonyme/rallier,rallier
http://www.antonyme.org/antonyme/rallongement,rallongement
http://www.antonyme.org/antonyme/rallonger,rallonger
http://www.antonyme.org/antonyme/ramadan,ramadan
http://www.antonyme.org/antonyme/ramas,ramas
http://www.antonyme.org/antonyme/ramass%C3%A9,ramassé
http://www.antonyme.org/antonyme/ramass%C3%A9e,ramassée
http://www.antonyme.org/antonyme/ramasser,ramasser
http://www.antonyme.org/antonyme/ramassis,ramassis
http://www.antonyme.org/antonyme/rameau,rameau
http://www.antonyme.org/antonyme/ram%C3%A9e,ramée
http://www.antonyme.org/antonyme/ramen%C3%A9,ramené
http://www.antonyme.org/antonyme/ram%C3%A8ne,ramène
http://www.antonyme.org/antonyme/ramen%C3%A9e,ramenée
http://www.antonyme.org/antonyme/ramener,ramener
http://www.antonyme.org/antonyme/ramification,ramification
http://www.antonyme.org/antonyme/ramifications,ramifications
http://www.antonyme.org/antonyme/ramille,ramille
http://www.antonyme.org/antonyme/ramollir,ramollir
http://www.antonyme.org/antonyme/ramollissement,ramollissement
http://www.antonyme.org/antonyme/ramoner,ramoner
http://www.antonyme.org/antonyme/rampe,rampe
http://www.antonyme.org/antonyme/ramper,ramper
http://www.antonyme.org/antonyme/ramure,ramure
http://www.antonyme.org/antonyme/rancarder,rancarder
http://www.antonyme.org/antonyme/rance,rance
http://www.antonyme.org/antonyme/rancoeur,rancoeur
http://www.antonyme.org/antonyme/rancune,rancune
http://www.antonyme.org/antonyme/rancuneux,rancuneux
http://www.antonyme.org/antonyme/rancunier,rancunier
http://www.antonyme.org/antonyme/range,range
http://www.antonyme.org/antonyme/rang%C3%A9,rangé
http://www.antonyme.org/antonyme/rang%C3%A9e,rangée
http://www.antonyme.org/antonyme/rangement,rangement
http://www.antonyme.org/antonyme/ranger,ranger
http://www.antonyme.org/antonyme/ranimer,ranimer
http://www.antonyme.org/antonyme/rapace,rapace
http://www.antonyme.org/antonyme/rapacit%C3%A9,rapacité
http://www.antonyme.org/antonyme/rapatriement,rapatriement
http://www.antonyme.org/antonyme/rapatrier,rapatrier
http://www.antonyme.org/antonyme/r%C3%A2pe,râpe
http://www.antonyme.org/antonyme/r%C3%A2p%C3%A9,râpé
http://www.antonyme.org/antonyme/rapetissement,rapetissement
http://www.antonyme.org/antonyme/rapetisser,rapetisser
http://www.antonyme.org/antonyme/rapiat,rapiat
http://www.antonyme.org/antonyme/rapide,rapide
http://www.antonyme.org/antonyme/rapidement,rapidement
http://www.antonyme.org/antonyme/rapides,rapides
http://www.antonyme.org/antonyme/rapidit%C3%A9,rapidité
http://www.antonyme.org/antonyme/rapi%C3%A9cer,rapiécer
http://www.antonyme.org/antonyme/rappareiller,rappareiller
http://www.antonyme.org/antonyme/rappel,rappel
http://www.antonyme.org/antonyme/rappelait,rappelait
http://www.antonyme.org/antonyme/rappelant,rappelant
http://www.antonyme.org/antonyme/rappeler,rappeler
http://www.antonyme.org/antonyme/rappelle,rappelle
http://www.antonyme.org/antonyme/rappellent,rappellent
http://www.antonyme.org/antonyme/rappelons,rappelons
http://www.antonyme.org/antonyme/rappliquer,rappliquer
http://www.antonyme.org/antonyme/rapport,rapport
http://www.antonyme.org/antonyme/rapportent,rapportent
http://www.antonyme.org/antonyme/rapporter,rapporter
http://www.antonyme.org/antonyme/rapports,rapports
http://www.antonyme.org/antonyme/rapproche,rapproche
http://www.antonyme.org/antonyme/rapproch%C3%A9,rapproché
http://www.antonyme.org/antonyme/rapproch%C3%A9e,rapprochée
http://www.antonyme.org/antonyme/rapprochement,rapprochement
http://www.antonyme.org/antonyme/rapprochements,rapprochements
http://www.antonyme.org/antonyme/rapprochent,rapprochent
http://www.antonyme.org/antonyme/rapprocher,rapprocher
http://www.antonyme.org/antonyme/raquer,raquer
http://www.antonyme.org/antonyme/rare,rare
http://www.antonyme.org/antonyme/rar%C3%A9faction,raréfaction
http://www.antonyme.org/antonyme/rarement,rarement
http://www.antonyme.org/antonyme/rares,rares
http://www.antonyme.org/antonyme/raret%C3%A9,rareté
http://www.antonyme.org/antonyme/rarissime,rarissime
http://www.antonyme.org/antonyme/ras,ras
http://www.antonyme.org/antonyme/ras-le-bol,ras-le-bol
http://www.antonyme.org/antonyme/rasant,rasant
http://www.antonyme.org/antonyme/rasante,rasante
http://www.antonyme.org/antonyme/rase,rase
http://www.antonyme.org/antonyme/ras%C3%A9,rasé
http://www.antonyme.org/antonyme/raser,raser
http://www.antonyme.org/antonyme/raseur,raseur
http://www.antonyme.org/antonyme/rasoir,rasoir
http://www.antonyme.org/antonyme/rassasi%C3%A9,rassasié
http://www.antonyme.org/antonyme/rassasier,rassasier
http://www.antonyme.org/antonyme/rassemblant,rassemblant
http://www.antonyme.org/antonyme/rassembl%C3%A9es,rassemblées
http://www.antonyme.org/antonyme/rassemblement,rassemblement
http://www.antonyme.org/antonyme/rassemblements,rassemblements
http://www.antonyme.org/antonyme/rassemblent,rassemblent
http://www.antonyme.org/antonyme/rassembler,rassembler
http://www.antonyme.org/antonyme/rassembl%C3%A9s,rassemblés
http://www.antonyme.org/antonyme/rass%C3%A9r%C3%A9ner,rasséréner
http://www.antonyme.org/antonyme/rassis,rassis
http://www.antonyme.org/antonyme/rassise,rassise
http://www.antonyme.org/antonyme/rassortiment,rassortiment
http://www.antonyme.org/antonyme/rassurant,rassurant
http://www.antonyme.org/antonyme/rassure,rassure
http://www.antonyme.org/antonyme/rassur%C3%A9,rassuré
http://www.antonyme.org/antonyme/rassurer,rassurer
http://www.antonyme.org/antonyme/rassur%C3%A9s,rassurés
http://www.antonyme.org/antonyme/ratage,ratage
http://www.antonyme.org/antonyme/ratatin%C3%A9,ratatiné
http://www.antonyme.org/antonyme/ratatiner,ratatiner
http://www.antonyme.org/antonyme/rate,rate
http://www.antonyme.org/antonyme/rat%C3%A9,raté
http://www.antonyme.org/antonyme/rater,rater
http://www.antonyme.org/antonyme/rat%C3%A9s,ratés
http://www.antonyme.org/antonyme/ratiboiser,ratiboiser
http://www.antonyme.org/antonyme/ratification,ratification
http://www.antonyme.org/antonyme/ratifi%C3%A9,ratifié
http://www.antonyme.org/antonyme/ratifier,ratifier
http://www.antonyme.org/antonyme/ratiocination,ratiocination
http://www.antonyme.org/antonyme/ratiocineur,ratiocineur
http://www.antonyme.org/antonyme/rationalisme,rationalisme
http://www.antonyme.org/antonyme/rationaliste,rationaliste
http://www.antonyme.org/antonyme/rationalit%C3%A9,rationalité
http://www.antonyme.org/antonyme/rationnel,rationnel
http://www.antonyme.org/antonyme/rationnelle,rationnelle
http://www.antonyme.org/antonyme/rationnellement,rationnellement
http://www.antonyme.org/antonyme/rationnement,rationnement
http://www.antonyme.org/antonyme/rattach%C3%A9e,rattachée
http://www.antonyme.org/antonyme/rattachement,rattachement
http://www.antonyme.org/antonyme/rattacher,rattacher
http://www.antonyme.org/antonyme/rattach%C3%A9s,rattachés
http://www.antonyme.org/antonyme/rattrapable,rattrapable
http://www.antonyme.org/antonyme/rattraper,rattraper
http://www.antonyme.org/antonyme/raturer,raturer
http://www.antonyme.org/antonyme/rauque,rauque
http://www.antonyme.org/antonyme/ravag%C3%A9,ravagé
http://www.antonyme.org/antonyme/ravager,ravager
http://www.antonyme.org/antonyme/ravages,ravages
http://www.antonyme.org/antonyme/ravageuse,ravageuse
http://www.antonyme.org/antonyme/ravaler,ravaler
http://www.antonyme.org/antonyme/ravauder,ravauder
http://www.antonyme.org/antonyme/ravi,ravi
http://www.antonyme.org/antonyme/ravie,ravie
http://www.antonyme.org/antonyme/ravigotant,ravigotant
http://www.antonyme.org/antonyme/ravigotants,ravigotants
http://www.antonyme.org/antonyme/ravilir,ravilir
http://www.antonyme.org/antonyme/ravin,ravin
http://www.antonyme.org/antonyme/ravine,ravine
http://www.antonyme.org/antonyme/ravir,ravir
http://www.antonyme.org/antonyme/ravis,ravis
http://www.antonyme.org/antonyme/raviser,raviser
http://www.antonyme.org/antonyme/ravissant,ravissant
http://www.antonyme.org/antonyme/ravissante,ravissante
http://www.antonyme.org/antonyme/ravissement,ravissement
http://www.antonyme.org/antonyme/ravitaillement,ravitaillement
http://www.antonyme.org/antonyme/raviver,raviver
http://www.antonyme.org/antonyme/rayer,rayer
http://www.antonyme.org/antonyme/rayonnant,rayonnant
http://www.antonyme.org/antonyme/rayonnement,rayonnement
http://www.antonyme.org/antonyme/rayonner,rayonner
http://www.antonyme.org/antonyme/razzier,razzier
http://www.antonyme.org/antonyme/r%C3%A9action,réaction
http://www.antonyme.org/antonyme/r%C3%A9actionnaire,réactionnaire
http://www.antonyme.org/antonyme/r%C3%A9actionnaires,réactionnaires
http://www.antonyme.org/antonyme/r%C3%A9actions,réactions
http://www.antonyme.org/antonyme/r%C3%A9activation,réactivation
http://www.antonyme.org/antonyme/r%C3%A9activer,réactiver
http://www.antonyme.org/antonyme/r%C3%A9actualiser,réactualiser
http://www.antonyme.org/antonyme/r%C3%A9agir,réagir
http://www.antonyme.org/antonyme/r%C3%A9agit,réagit
http://www.antonyme.org/antonyme/r%C3%A9alisable,réalisable
http://www.antonyme.org/antonyme/r%C3%A9alisant,réalisant
http://www.antonyme.org/antonyme/r%C3%A9alisation,réalisation
http://www.antonyme.org/antonyme/r%C3%A9alisations,réalisations
http://www.antonyme.org/antonyme/r%C3%A9alise,réalise
http://www.antonyme.org/antonyme/r%C3%A9alis%C3%A9,réalisé
http://www.antonyme.org/antonyme/r%C3%A9alis%C3%A9e,réalisée
http://www.antonyme.org/antonyme/r%C3%A9alis%C3%A9es,réalisées
http://www.antonyme.org/antonyme/r%C3%A9alisent,réalisent
http://www.antonyme.org/antonyme/r%C3%A9aliser,réaliser
http://www.antonyme.org/antonyme/r%C3%A9alis%C3%A9s,réalisés
http://www.antonyme.org/antonyme/r%C3%A9alisme,réalisme
http://www.antonyme.org/antonyme/r%C3%A9aliste,réaliste
http://www.antonyme.org/antonyme/r%C3%A9alistes,réalistes
http://www.antonyme.org/antonyme/r%C3%A9alit%C3%A9,réalité
http://www.antonyme.org/antonyme/r%C3%A9alit%C3%A9s,réalités
http://www.antonyme.org/antonyme/r%C3%A9animer,réanimer
http://www.antonyme.org/antonyme/r%C3%A9appara%C3%AEtre,réapparaître
http://www.antonyme.org/antonyme/r%C3%A9apparition,réapparition
http://www.antonyme.org/antonyme/r%C3%A9approvisionnement,réapprovisionnement
http://www.antonyme.org/antonyme/r%C3%A9assort,réassort
http://www.antonyme.org/antonyme/r%C3%A9assortiment,réassortiment
http://www.antonyme.org/antonyme/r%C3%A9assortir,réassortir
http://www.antonyme.org/antonyme/r%C3%A9barbatif,rébarbatif
http://www.antonyme.org/antonyme/r%C3%A9barbative,rébarbative
http://www.antonyme.org/antonyme/reb%C3%A2tir,rebâtir
http://www.antonyme.org/antonyme/rebattu,rebattu
http://www.antonyme.org/antonyme/rebelle,rebelle
http://www.antonyme.org/antonyme/rebeller,rebeller
http://www.antonyme.org/antonyme/rebelles,rebelles
http://www.antonyme.org/antonyme/r%C3%A9bellion,rébellion
http://www.antonyme.org/antonyme/reboisement,reboisement
http://www.antonyme.org/antonyme/reboisements,reboisements
http://www.antonyme.org/antonyme/rebondi,rebondi
http://www.antonyme.org/antonyme/rebondie,rebondie
http://www.antonyme.org/antonyme/reboucher,reboucher
http://www.antonyme.org/antonyme/rebours,rebours
http://www.antonyme.org/antonyme/rebrousse-poil,rebrousse-poil
http://www.antonyme.org/antonyme/rebut,rebut
http://www.antonyme.org/antonyme/rebutant,rebutant
http://www.antonyme.org/antonyme/rebuter,rebuter
http://www.antonyme.org/antonyme/r%C3%A9calcitrant,récalcitrant
http://www.antonyme.org/antonyme/recaler,recaler
http://www.antonyme.org/antonyme/r%C3%A9capitulatif,récapitulatif
http://www.antonyme.org/antonyme/r%C3%A9capituler,récapituler
http://www.antonyme.org/antonyme/r%C3%A9cemment,récemment
http://www.antonyme.org/antonyme/r%C3%A9cent,récent
http://www.antonyme.org/antonyme/r%C3%A9cente,récente
http://www.antonyme.org/antonyme/r%C3%A9centes,récentes
http://www.antonyme.org/antonyme/r%C3%A9cents,récents
http://www.antonyme.org/antonyme/r%C3%A9cepteur,récepteur
http://www.antonyme.org/antonyme/r%C3%A9ceptif,réceptif
http://www.antonyme.org/antonyme/r%C3%A9ception,réception
http://www.antonyme.org/antonyme/r%C3%A9ceptivit%C3%A9,réceptivité
http://www.antonyme.org/antonyme/r%C3%A9cession,récession
http://www.antonyme.org/antonyme/recette,recette
http://www.antonyme.org/antonyme/recettes,recettes
http://www.antonyme.org/antonyme/recevable,recevable
http://www.antonyme.org/antonyme/recevait,recevait
http://www.antonyme.org/antonyme/recevant,recevant
http://www.antonyme.org/antonyme/recevoir,recevoir
http://www.antonyme.org/antonyme/recevra,recevra
http://www.antonyme.org/antonyme/recevront,recevront
http://www.antonyme.org/antonyme/r%C3%A9chapper,réchapper
http://www.antonyme.org/antonyme/r%C3%A9chauffement,réchauffement
http://www.antonyme.org/antonyme/r%C3%A9chauffements,réchauffements
http://www.antonyme.org/antonyme/r%C3%A9chauffer,réchauffer
http://www.antonyme.org/antonyme/r%C3%AAche,rêche
http://www.antonyme.org/antonyme/recherche,recherche
http://www.antonyme.org/antonyme/recherch%C3%A9,recherché
http://www.antonyme.org/antonyme/recherchent,recherchent
http://www.antonyme.org/antonyme/rechercher,rechercher
http://www.antonyme.org/antonyme/recherches,recherches
http://www.antonyme.org/antonyme/recherch%C3%A9s,recherchés
http://www.antonyme.org/antonyme/rechute,rechute
http://www.antonyme.org/antonyme/r%C3%A9cidiver,récidiver
http://www.antonyme.org/antonyme/r%C3%A9ciprocit%C3%A9,réciprocité
http://www.antonyme.org/antonyme/r%C3%A9ciproque,réciproque
http://www.antonyme.org/antonyme/r%C3%A9citer,réciter
http://www.antonyme.org/antonyme/r%C3%A9clamait,réclamait
http://www.antonyme.org/antonyme/r%C3%A9clamation,réclamation
http://www.antonyme.org/antonyme/r%C3%A9clamer,réclamer
http://www.antonyme.org/antonyme/reclassement,reclassement
http://www.antonyme.org/antonyme/reclure,reclure
http://www.antonyme.org/antonyme/r%C3%A9clusion,réclusion
http://www.antonyme.org/antonyme/re%C3%A7oit,reçoit
http://www.antonyme.org/antonyme/re%C3%A7oivent,reçoivent
http://www.antonyme.org/antonyme/recollage,recollage
http://www.antonyme.org/antonyme/recoller,recoller
http://www.antonyme.org/antonyme/r%C3%A9colte,récolte
http://www.antonyme.org/antonyme/r%C3%A9colt%C3%A9,récolté
http://www.antonyme.org/antonyme/r%C3%A9colter,récolter
http://www.antonyme.org/antonyme/r%C3%A9coltes,récoltes
http://www.antonyme.org/antonyme/recommandable,recommandable
http://www.antonyme.org/antonyme/recommandation,recommandation
http://www.antonyme.org/antonyme/recommandations,recommandations
http://www.antonyme.org/antonyme/recommander,recommander
http://www.antonyme.org/antonyme/recommencement,recommencement
http://www.antonyme.org/antonyme/r%C3%A9compense,récompense
http://www.antonyme.org/antonyme/r%C3%A9compens%C3%A9,récompensé
http://www.antonyme.org/antonyme/r%C3%A9compenser,récompenser
http://www.antonyme.org/antonyme/r%C3%A9conciliation,réconciliation
http://www.antonyme.org/antonyme/r%C3%A9concilier,réconcilier
http://www.antonyme.org/antonyme/reconduction,reconduction
http://www.antonyme.org/antonyme/reconduire,reconduire
http://www.antonyme.org/antonyme/r%C3%A9confort,réconfort
http://www.antonyme.org/antonyme/r%C3%A9confortant,réconfortant
http://www.antonyme.org/antonyme/r%C3%A9confortants,réconfortants
http://www.antonyme.org/antonyme/r%C3%A9conforter,réconforter
http://www.antonyme.org/antonyme/reconnaissait,reconnaissait
http://www.antonyme.org/antonyme/reconnaissance,reconnaissance
http://www.antonyme.org/antonyme/reconnaissant,reconnaissant
http://www.antonyme.org/antonyme/reconnaissent,reconnaissent
http://www.antonyme.org/antonyme/reconna%C3%AEt,reconnaît
http://www.antonyme.org/antonyme/reconna%C3%AEtre,reconnaître
http://www.antonyme.org/antonyme/reconnu,reconnu
http://www.antonyme.org/antonyme/reconnue,reconnue
http://www.antonyme.org/antonyme/reconnues,reconnues
http://www.antonyme.org/antonyme/reconnus,reconnus
http://www.antonyme.org/antonyme/reconstituant,reconstituant
http://www.antonyme.org/antonyme/reconstituants,reconstituants
http://www.antonyme.org/antonyme/reconstitu%C3%A9,reconstitué
http://www.antonyme.org/antonyme/reconstituer,reconstituer
http://www.antonyme.org/antonyme/reconstitution,reconstitution
http://www.antonyme.org/antonyme/reconstruire,reconstruire
http://www.antonyme.org/antonyme/reconversion,reconversion
http://www.antonyme.org/antonyme/recopier,recopier
http://www.antonyme.org/antonyme/recoudre,recoudre
http://www.antonyme.org/antonyme/recourb%C3%A9,recourbé
http://www.antonyme.org/antonyme/recouvrable,recouvrable
http://www.antonyme.org/antonyme/recouvrer,recouvrer
http://www.antonyme.org/antonyme/recouvrir,recouvrir
http://www.antonyme.org/antonyme/r%C3%A9cr%C3%A9atif,récréatif
http://www.antonyme.org/antonyme/r%C3%A9cr%C3%A9ation,récréation
http://www.antonyme.org/antonyme/r%C3%A9cr%C3%A9ative,récréative
http://www.antonyme.org/antonyme/recr%C3%A9er,recréer
http://www.antonyme.org/antonyme/r%C3%A9cr%C3%A9er,récréer
http://www.antonyme.org/antonyme/r%C3%A9crimination,récrimination
http://www.antonyme.org/antonyme/r%C3%A9criminations,récriminations
http://www.antonyme.org/antonyme/r%C3%A9criminatrice,récriminatrice
http://www.antonyme.org/antonyme/recroquevill%C3%A9,recroquevillé
http://www.antonyme.org/antonyme/recroqueviller,recroqueviller
http://www.antonyme.org/antonyme/recrudescence,recrudescence
http://www.antonyme.org/antonyme/recrue,recrue
http://www.antonyme.org/antonyme/recrues,recrues
http://www.antonyme.org/antonyme/recrute,recrute
http://www.antonyme.org/antonyme/recrut%C3%A9,recruté
http://www.antonyme.org/antonyme/recrutement,recrutement
http://www.antonyme.org/antonyme/recrutements,recrutements
http://www.antonyme.org/antonyme/recrutent,recrutent
http://www.antonyme.org/antonyme/recruter,recruter
http://www.antonyme.org/antonyme/recrut%C3%A9s,recrutés
http://www.antonyme.org/antonyme/recteur,recteur
http://www.antonyme.org/antonyme/rectification,rectification
http://www.antonyme.org/antonyme/rectifier,rectifier
http://www.antonyme.org/antonyme/rectiligne,rectiligne
http://www.antonyme.org/antonyme/rectitude,rectitude
http://www.antonyme.org/antonyme/recto,recto
http://www.antonyme.org/antonyme/re%C3%A7u,reçu
http://www.antonyme.org/antonyme/re%C3%A7ue,reçue
http://www.antonyme.org/antonyme/recueille,recueille
http://www.antonyme.org/antonyme/recueillement,recueillement
http://www.antonyme.org/antonyme/recueilli,recueilli
http://www.antonyme.org/antonyme/recueillie,recueillie
http://www.antonyme.org/antonyme/recueillies,recueillies
http://www.antonyme.org/antonyme/recueillir,recueillir
http://www.antonyme.org/antonyme/recueillis,recueillis
http://www.antonyme.org/antonyme/recul,recul
http://www.antonyme.org/antonyme/reculade,reculade
http://www.antonyme.org/antonyme/recule,recule
http://www.antonyme.org/antonyme/recul%C3%A9,reculé
http://www.antonyme.org/antonyme/reculer,reculer
http://www.antonyme.org/antonyme/r%C3%A9cup%C3%A9rable,récupérable
http://www.antonyme.org/antonyme/r%C3%A9cup%C3%A9ration,récupération
http://www.antonyme.org/antonyme/r%C3%A9cup%C3%A8re,récupère
http://www.antonyme.org/antonyme/r%C3%A9curage,récurage
http://www.antonyme.org/antonyme/r%C3%A9curer,récurer
http://www.antonyme.org/antonyme/r%C3%A9currence,récurrence
http://www.antonyme.org/antonyme/r%C3%A9current,récurrent
http://www.antonyme.org/antonyme/re%C3%A7us,reçus
http://www.antonyme.org/antonyme/r%C3%A9cusation,récusation
http://www.antonyme.org/antonyme/r%C3%A9cuse,récuse
http://www.antonyme.org/antonyme/r%C3%A9cuser,récuser
http://www.antonyme.org/antonyme/re%C3%A7ut,reçut
http://www.antonyme.org/antonyme/r%C3%A9daction,rédaction
http://www.antonyme.org/antonyme/reddition,reddition
http://www.antonyme.org/antonyme/red%C3%A9couvrir,redécouvrir
http://www.antonyme.org/antonyme/red%C3%A9faire,redéfaire
http://www.antonyme.org/antonyme/r%C3%A9dempteur,rédempteur
http://www.antonyme.org/antonyme/r%C3%A9demption,rédemption
http://www.antonyme.org/antonyme/redescendre,redescendre
http://www.antonyme.org/antonyme/redevable,redevable
http://www.antonyme.org/antonyme/r%C3%A9dhibition,rédhibition
http://www.antonyme.org/antonyme/r%C3%A9dimer,rédimer
http://www.antonyme.org/antonyme/redistribuer,redistribuer
http://www.antonyme.org/antonyme/redite,redite
http://www.antonyme.org/antonyme/redondance,redondance
http://www.antonyme.org/antonyme/redondant,redondant
http://www.antonyme.org/antonyme/redonner,redonner
http://www.antonyme.org/antonyme/redoublement,redoublement
http://www.antonyme.org/antonyme/redoubler,redoubler
http://www.antonyme.org/antonyme/redoutable,redoutable
http://www.antonyme.org/antonyme/redoutables,redoutables
http://www.antonyme.org/antonyme/redoutait,redoutait
http://www.antonyme.org/antonyme/redoutant,redoutant
http://www.antonyme.org/antonyme/redoutent,redoutent
http://www.antonyme.org/antonyme/redouter,redouter
http://www.antonyme.org/antonyme/redoux,redoux
http://www.antonyme.org/antonyme/redressement,redressement
http://www.antonyme.org/antonyme/redresser,redresser
http://www.antonyme.org/antonyme/r%C3%A9ductible,réductible
http://www.antonyme.org/antonyme/r%C3%A9duction,réduction
http://www.antonyme.org/antonyme/r%C3%A9ductions,réductions
http://www.antonyme.org/antonyme/r%C3%A9duire,réduire
http://www.antonyme.org/antonyme/r%C3%A9duisant,réduisant
http://www.antonyme.org/antonyme/r%C3%A9duit,réduit
http://www.antonyme.org/antonyme/r%C3%A9duite,réduite
http://www.antonyme.org/antonyme/r%C3%A9duites,réduites
http://www.antonyme.org/antonyme/r%C3%A9duits,réduits
http://www.antonyme.org/antonyme/r%C3%A9el,réel
http://www.antonyme.org/antonyme/r%C3%A9%C3%A9lire,réélire
http://www.antonyme.org/antonyme/r%C3%A9elle,réelle
http://www.antonyme.org/antonyme/r%C3%A9ellement,réellement
http://www.antonyme.org/antonyme/r%C3%A9elles,réelles
http://www.antonyme.org/antonyme/r%C3%A9els,réels
http://www.antonyme.org/antonyme/r%C3%A9%C3%A9valuation,réévaluation
http://www.antonyme.org/antonyme/r%C3%A9%C3%A9valuer,réévaluer
http://www.antonyme.org/antonyme/refaire,refaire
http://www.antonyme.org/antonyme/r%C3%A9f%C3%A9rence,référence
http://www.antonyme.org/antonyme/r%C3%A9f%C3%A9rences,références
http://www.antonyme.org/antonyme/r%C3%A9f%C3%A9rendum,référendum
http://www.antonyme.org/antonyme/refermer,refermer
http://www.antonyme.org/antonyme/r%C3%A9fl%C3%A9chi,réfléchi
http://www.antonyme.org/antonyme/r%C3%A9fl%C3%A9chie,réfléchie
http://www.antonyme.org/antonyme/r%C3%A9fl%C3%A9chis,réfléchis
http://www.antonyme.org/antonyme/r%C3%A9flexe,réflexe
http://www.antonyme.org/antonyme/r%C3%A9flexes,réflexes
http://www.antonyme.org/antonyme/r%C3%A9flexion,réflexion
http://www.antonyme.org/antonyme/r%C3%A9flexions,réflexions
http://www.antonyme.org/antonyme/refluer,refluer
http://www.antonyme.org/antonyme/reflux,reflux
http://www.antonyme.org/antonyme/reforestation,reforestation
http://www.antonyme.org/antonyme/r%C3%A9formateur,réformateur
http://www.antonyme.org/antonyme/r%C3%A9formateurs,réformateurs
http://www.antonyme.org/antonyme/r%C3%A9formatrice,réformatrice
http://www.antonyme.org/antonyme/r%C3%A9forme,réforme
http://www.antonyme.org/antonyme/r%C3%A9formiste,réformiste
http://www.antonyme.org/antonyme/r%C3%A9formistes,réformistes
http://www.antonyme.org/antonyme/refoulement,refoulement
http://www.antonyme.org/antonyme/refouler,refouler
http://www.antonyme.org/antonyme/r%C3%A9fractaire,réfractaire
http://www.antonyme.org/antonyme/r%C3%A9fraction,réfraction
http://www.antonyme.org/antonyme/refrain,refrain
http://www.antonyme.org/antonyme/refr%C3%A9ner,refréner
http://www.antonyme.org/antonyme/r%C3%A9fr%C3%A9ner,réfréner
http://www.antonyme.org/antonyme/r%C3%A9frig%C3%A9rant,réfrigérant
http://www.antonyme.org/antonyme/r%C3%A9frig%C3%A9rateur,réfrigérateur
http://www.antonyme.org/antonyme/r%C3%A9frig%C3%A9ration,réfrigération
http://www.antonyme.org/antonyme/refroidir,refroidir
http://www.antonyme.org/antonyme/refroidissement,refroidissement
http://www.antonyme.org/antonyme/r%C3%A9fugi%C3%A9,réfugié
http://www.antonyme.org/antonyme/r%C3%A9fugi%C3%A9s,réfugiés
http://www.antonyme.org/antonyme/refus,refus
http://www.antonyme.org/antonyme/refusa,refusa
http://www.antonyme.org/antonyme/refusait,refusait
http://www.antonyme.org/antonyme/refusant,refusant
http://www.antonyme.org/antonyme/refuse,refuse
http://www.antonyme.org/antonyme/refus%C3%A9,refusé
http://www.antonyme.org/antonyme/refus%C3%A9e,refusée
http://www.antonyme.org/antonyme/refusent,refusent
http://www.antonyme.org/antonyme/refuser,refuser
http://www.antonyme.org/antonyme/refus%C3%A9s,refusés
http://www.antonyme.org/antonyme/r%C3%A9futable,réfutable
http://www.antonyme.org/antonyme/r%C3%A9futation,réfutation
http://www.antonyme.org/antonyme/r%C3%A9futer,réfuter
http://www.antonyme.org/antonyme/reg,reg
http://www.antonyme.org/antonyme/regagn%C3%A9,regagné
http://www.antonyme.org/antonyme/regain,regain
http://www.antonyme.org/antonyme/r%C3%A9gal,régal
http://www.antonyme.org/antonyme/r%C3%A9galer,régaler
http://www.antonyme.org/antonyme/regardant,regardant
http://www.antonyme.org/antonyme/regardent,regardent
http://www.antonyme.org/antonyme/regardez,regardez
http://www.antonyme.org/antonyme/r%C3%A9g%C3%A9n%C3%A9ration,régénération
http://www.antonyme.org/antonyme/r%C3%A9g%C3%A9n%C3%A9rer,régénérer
http://www.antonyme.org/antonyme/r%C3%A9genter,régenter
http://www.antonyme.org/antonyme/r%C3%A9gionalisation,régionalisation
http://www.antonyme.org/antonyme/r%C3%A9gir,régir
http://www.antonyme.org/antonyme/r%C3%A9gl%C3%A9,réglé
http://www.antonyme.org/antonyme/r%C3%A8gle,règle
http://www.antonyme.org/antonyme/r%C3%A9gl%C3%A9e,réglée
http://www.antonyme.org/antonyme/r%C3%A8glement,règlement
http://www.antonyme.org/antonyme/r%C3%A9glementaire,réglementaire
http://www.antonyme.org/antonyme/r%C3%A9glementaires,réglementaires
http://www.antonyme.org/antonyme/r%C3%A9glementation,réglementation
http://www.antonyme.org/antonyme/r%C3%A9glementations,réglementations
http://www.antonyme.org/antonyme/r%C3%A9glementer,réglementer
http://www.antonyme.org/antonyme/r%C3%A8glements,règlements
http://www.antonyme.org/antonyme/r%C3%A9gler,régler
http://www.antonyme.org/antonyme/r%C3%A9gl%C3%A9s,réglés
http://www.antonyme.org/antonyme/r%C3%A8gles,règles
http://www.antonyme.org/antonyme/r%C3%A9glo,réglo
http://www.antonyme.org/antonyme/r%C3%A9gnant,régnant
http://www.antonyme.org/antonyme/r%C3%A9gner,régner
http://www.antonyme.org/antonyme/r%C3%A9gresser,régresser
http://www.antonyme.org/antonyme/r%C3%A9gressif,régressif
http://www.antonyme.org/antonyme/r%C3%A9gression,régression
http://www.antonyme.org/antonyme/r%C3%A9gressive,régressive
http://www.antonyme.org/antonyme/regret,regret
http://www.antonyme.org/antonyme/regrets,regrets
http://www.antonyme.org/antonyme/regrettable,regrettable
http://www.antonyme.org/antonyme/regrettant,regrettant
http://www.antonyme.org/antonyme/regrette,regrette
http://www.antonyme.org/antonyme/regrett%C3%A9,regretté
http://www.antonyme.org/antonyme/regrettent,regrettent
http://www.antonyme.org/antonyme/regretter,regretter
http://www.antonyme.org/antonyme/regroupant,regroupant
http://www.antonyme.org/antonyme/regroupe,regroupe
http://www.antonyme.org/antonyme/regroup%C3%A9es,regroupées
http://www.antonyme.org/antonyme/regroupement,regroupement
http://www.antonyme.org/antonyme/regroupements,regroupements
http://www.antonyme.org/antonyme/regroupent,regroupent
http://www.antonyme.org/antonyme/regrouper,regrouper
http://www.antonyme.org/antonyme/regroup%C3%A9s,regroupés
http://www.antonyme.org/antonyme/r%C3%A9gularit%C3%A9,régularité
http://www.antonyme.org/antonyme/r%C3%A9gulier,régulier
http://www.antonyme.org/antonyme/r%C3%A9guli%C3%A8re,régulière
http://www.antonyme.org/antonyme/r%C3%A9guli%C3%A8rement,régulièrement
http://www.antonyme.org/antonyme/r%C3%A9guli%C3%A8res,régulières
http://www.antonyme.org/antonyme/r%C3%A9guliers,réguliers
http://www.antonyme.org/antonyme/r%C3%A9gurgitation,régurgitation
http://www.antonyme.org/antonyme/r%C3%A9gurgiter,régurgiter
http://www.antonyme.org/antonyme/r%C3%A9habilitation,réhabilitation
http://www.antonyme.org/antonyme/r%C3%A9habiliter,réhabiliter
http://www.antonyme.org/antonyme/rehaussement,rehaussement
http://www.antonyme.org/antonyme/rehausser,rehausser
http://www.antonyme.org/antonyme/r%C3%A9int%C3%A9gration,réintégration
http://www.antonyme.org/antonyme/r%C3%A9int%C3%A9grer,réintégrer
http://www.antonyme.org/antonyme/rejet,rejet
http://www.antonyme.org/antonyme/rejetant,rejetant
http://www.antonyme.org/antonyme/rejet%C3%A9e,rejetée
http://www.antonyme.org/antonyme/rejeter,rejeter
http://www.antonyme.org/antonyme/rejeton,rejeton
http://www.antonyme.org/antonyme/rejetons,rejetons
http://www.antonyme.org/antonyme/rejette,rejette
http://www.antonyme.org/antonyme/rejettent,rejettent
http://www.antonyme.org/antonyme/rejoignent,rejoignent
http://www.antonyme.org/antonyme/rejoindre,rejoindre
http://www.antonyme.org/antonyme/rejoint,rejoint
http://www.antonyme.org/antonyme/rejoints,rejoints
http://www.antonyme.org/antonyme/r%C3%A9joui,réjoui
http://www.antonyme.org/antonyme/r%C3%A9jouie,réjouie
http://www.antonyme.org/antonyme/r%C3%A9jouir,réjouir
http://www.antonyme.org/antonyme/r%C3%A9jouissance,réjouissance
http://www.antonyme.org/antonyme/r%C3%A9jouissant,réjouissant
http://www.antonyme.org/antonyme/r%C3%A9jouissante,réjouissante
http://www.antonyme.org/antonyme/r%C3%A9jouit,réjouit
http://www.antonyme.org/antonyme/rel%C3%A2che,relâche
http://www.antonyme.org/antonyme/rel%C3%A2ch%C3%A9,relâché
http://www.antonyme.org/antonyme/rel%C3%A2chement,relâchement
http://www.antonyme.org/antonyme/rel%C3%A2cher,relâcher
http://www.antonyme.org/antonyme/rel%C3%A2ch%C3%A9s,relâchés
http://www.antonyme.org/antonyme/relance,relance
http://www.antonyme.org/antonyme/relanc%C3%A9,relancé
http://www.antonyme.org/antonyme/relaps,relaps
http://www.antonyme.org/antonyme/relatif,relatif
http://www.antonyme.org/antonyme/relatifs,relatifs
http://www.antonyme.org/antonyme/relation,relation
http://www.antonyme.org/antonyme/relations,relations
http://www.antonyme.org/antonyme/relative,relative
http://www.antonyme.org/antonyme/relativement,relativement
http://www.antonyme.org/antonyme/relatives,relatives
http://www.antonyme.org/antonyme/relativisme,relativisme
http://www.antonyme.org/antonyme/relax,relax
http://www.antonyme.org/antonyme/relaxe,relaxe
http://www.antonyme.org/antonyme/relaxer,relaxer
http://www.antonyme.org/antonyme/rel%C3%A9guer,reléguer
http://www.antonyme.org/antonyme/relent,relent
http://www.antonyme.org/antonyme/relevait,relevait
http://www.antonyme.org/antonyme/relevant,relevant
http://www.antonyme.org/antonyme/relev%C3%A9,relevé
http://www.antonyme.org/antonyme/rel%C3%A8ve,relève
http://www.antonyme.org/antonyme/relev%C3%A9es,relevées
http://www.antonyme.org/antonyme/rel%C3%A8vement,relèvement
http://www.antonyme.org/antonyme/rel%C3%A8vent,relèvent
http://www.antonyme.org/antonyme/relever,relever
http://www.antonyme.org/antonyme/relev%C3%A9s,relevés
http://www.antonyme.org/antonyme/reliant,reliant
http://www.antonyme.org/antonyme/relie,relie
http://www.antonyme.org/antonyme/reli%C3%A9,relié
http://www.antonyme.org/antonyme/relief,relief
http://www.antonyme.org/antonyme/reliefs,reliefs
http://www.antonyme.org/antonyme/relier,relier
http://www.antonyme.org/antonyme/religieuse,religieuse
http://www.antonyme.org/antonyme/religieuses,religieuses
http://www.antonyme.org/antonyme/religieux,religieux
http://www.antonyme.org/antonyme/religion,religion
http://www.antonyme.org/antonyme/religions,religions
http://www.antonyme.org/antonyme/religiosit%C3%A9,religiosité
http://www.antonyme.org/antonyme/reliquat,reliquat
http://www.antonyme.org/antonyme/reluire,reluire
http://www.antonyme.org/antonyme/reluisant,reluisant
http://www.antonyme.org/antonyme/remaniement,remaniement
http://www.antonyme.org/antonyme/remarquable,remarquable
http://www.antonyme.org/antonyme/remarquablement,remarquablement
http://www.antonyme.org/antonyme/remarquables,remarquables
http://www.antonyme.org/antonyme/remarqu%C3%A9,remarqué
http://www.antonyme.org/antonyme/remarquer,remarquer
http://www.antonyme.org/antonyme/remarques,remarques
http://www.antonyme.org/antonyme/remblai,remblai
http://www.antonyme.org/antonyme/remblayage,remblayage
http://www.antonyme.org/antonyme/remblayer,remblayer
http://www.antonyme.org/antonyme/rembo%C3%AEter,remboîter
http://www.antonyme.org/antonyme/remboursement,remboursement
http://www.antonyme.org/antonyme/remboursements,remboursements
http://www.antonyme.org/antonyme/rembourser,rembourser
http://www.antonyme.org/antonyme/rembours%C3%A9s,remboursés
http://www.antonyme.org/antonyme/rembrunir,rembrunir
http://www.antonyme.org/antonyme/rem%C3%A8de,remède
http://www.antonyme.org/antonyme/rem%C3%A8des,remèdes
http://www.antonyme.org/antonyme/rem%C3%A9diable,remédiable
http://www.antonyme.org/antonyme/rem%C3%A9dier,remédier
http://www.antonyme.org/antonyme/remembrement,remembrement
http://www.antonyme.org/antonyme/remembrer,remembrer
http://www.antonyme.org/antonyme/rem%C3%A9morer,remémorer
http://www.antonyme.org/antonyme/remerci%C3%A9,remercié
http://www.antonyme.org/antonyme/remerciement,remerciement
http://www.antonyme.org/antonyme/remerciements,remerciements
http://www.antonyme.org/antonyme/remercier,remercier
http://www.antonyme.org/antonyme/remet,remet
http://www.antonyme.org/antonyme/remettant,remettant
http://www.antonyme.org/antonyme/remettent,remettent
http://www.antonyme.org/antonyme/remettre,remettre
http://www.antonyme.org/antonyme/remise,remise
http://www.antonyme.org/antonyme/r%C3%A9missible,rémissible
http://www.antonyme.org/antonyme/r%C3%A9mission,rémission
http://www.antonyme.org/antonyme/r%C3%A9mittent,rémittent
http://www.antonyme.org/antonyme/remmailler,remmailler
http://www.antonyme.org/antonyme/remontant,remontant
http://www.antonyme.org/antonyme/remontants,remontants
http://www.antonyme.org/antonyme/remont%C3%A9es,remontées
http://www.antonyme.org/antonyme/remontent,remontent
http://www.antonyme.org/antonyme/remonter,remonter
http://www.antonyme.org/antonyme/remontrance,remontrance
http://www.antonyme.org/antonyme/remontrer,remontrer
http://www.antonyme.org/antonyme/remous,remous
http://www.antonyme.org/antonyme/rempart,rempart
http://www.antonyme.org/antonyme/rempironner,rempironner
http://www.antonyme.org/antonyme/rempla%C3%A7able,remplaçable
http://www.antonyme.org/antonyme/rempla%C3%A7ant,remplaçant
http://www.antonyme.org/antonyme/remplacer,remplacer
http://www.antonyme.org/antonyme/rempli,rempli
http://www.antonyme.org/antonyme/remplie,remplie
http://www.antonyme.org/antonyme/remplies,remplies
http://www.antonyme.org/antonyme/remplir,remplir
http://www.antonyme.org/antonyme/remplissage,remplissage
http://www.antonyme.org/antonyme/remplissent,remplissent
http://www.antonyme.org/antonyme/remplit,remplit
http://www.antonyme.org/antonyme/remplumer,remplumer
http://www.antonyme.org/antonyme/remport%C3%A9,remporté
http://www.antonyme.org/antonyme/remporter,remporter
http://www.antonyme.org/antonyme/remuant,remuant
http://www.antonyme.org/antonyme/remuante,remuante
http://www.antonyme.org/antonyme/remue-m%C3%A9nage,remue-ménage
http://www.antonyme.org/antonyme/remuer,remuer
http://www.antonyme.org/antonyme/r%C3%A9mun%C3%A9rateur,rémunérateur
http://www.antonyme.org/antonyme/r%C3%A9mun%C3%A9ration,rémunération
http://www.antonyme.org/antonyme/r%C3%A9mun%C3%A9ratrice,rémunératrice
http://www.antonyme.org/antonyme/r%C3%A9mun%C3%A9rer,rémunérer
http://www.antonyme.org/antonyme/ren%C3%A2cler,renâcler
http://www.antonyme.org/antonyme/renaissance,renaissance
http://www.antonyme.org/antonyme/rena%C3%AEtre,renaître
http://www.antonyme.org/antonyme/renard,renard
http://www.antonyme.org/antonyme/rench%C3%A9rir,renchérir
http://www.antonyme.org/antonyme/rench%C3%A9rissement,renchérissement
http://www.antonyme.org/antonyme/rench%C3%A9rit,renchérit
http://www.antonyme.org/antonyme/rencogner,rencogner
http://www.antonyme.org/antonyme/rencontrait,rencontrait
http://www.antonyme.org/antonyme/rencontre,rencontre
http://www.antonyme.org/antonyme/rencontr%C3%A9,rencontré
http://www.antonyme.org/antonyme/rencontr%C3%A9es,rencontrées
http://www.antonyme.org/antonyme/rencontrent,rencontrent
http://www.antonyme.org/antonyme/rencontrera,rencontrera
http://www.antonyme.org/antonyme/rencontres,rencontres
http://www.antonyme.org/antonyme/rencontr%C3%A9s,rencontrés
http://www.antonyme.org/antonyme/rend,rend
http://www.antonyme.org/antonyme/rendaient,rendaient
http://www.antonyme.org/antonyme/rendait,rendait
http://www.antonyme.org/antonyme/rendant,rendant
http://www.antonyme.org/antonyme/rende,rende
http://www.antonyme.org/antonyme/rendement,rendement
http://www.antonyme.org/antonyme/rendements,rendements
http://www.antonyme.org/antonyme/rendent,rendent
http://www.antonyme.org/antonyme/rendez,rendez
http://www.antonyme.org/antonyme/rendit,rendit
http://www.antonyme.org/antonyme/rendra,rendra
http://www.antonyme.org/antonyme/rendrait,rendrait
http://www.antonyme.org/antonyme/rendre,rendre
http://www.antonyme.org/antonyme/rendu,rendu
http://www.antonyme.org/antonyme/rendue,rendue
http://www.antonyme.org/antonyme/rendues,rendues
http://www.antonyme.org/antonyme/rendus,rendus
http://www.antonyme.org/antonyme/ren%C3%A9gat,renégat
http://www.antonyme.org/antonyme/renferm%C3%A9,renfermé
http://www.antonyme.org/antonyme/renferm%C3%A9e,renfermée
http://www.antonyme.org/antonyme/renfermer,renfermer
http://www.antonyme.org/antonyme/renfl%C3%A9,renflé
http://www.antonyme.org/antonyme/renflement,renflement
http://www.antonyme.org/antonyme/renflouement,renflouement
http://www.antonyme.org/antonyme/renfoncement,renfoncement
http://www.antonyme.org/antonyme/renforc%C3%A9,renforcé
http://www.antonyme.org/antonyme/renforcement,renforcement
http://www.antonyme.org/antonyme/renforcent,renforcent
http://www.antonyme.org/antonyme/renforcer,renforcer
http://www.antonyme.org/antonyme/renforc%C3%A9s,renforcés
http://www.antonyme.org/antonyme/renfort,renfort
http://www.antonyme.org/antonyme/renforts,renforts
http://www.antonyme.org/antonyme/renfrogn%C3%A9,renfrogné
http://www.antonyme.org/antonyme/rengainer,rengainer
http://www.antonyme.org/antonyme/reniement,reniement
http://www.antonyme.org/antonyme/renier,renier
http://www.antonyme.org/antonyme/renifler,renifler
http://www.antonyme.org/antonyme/renom,renom
http://www.antonyme.org/antonyme/renomm%C3%A9,renommé
http://www.antonyme.org/antonyme/renomm%C3%A9e,renommée
http://www.antonyme.org/antonyme/renonce,renonce
http://www.antonyme.org/antonyme/renonc%C3%A9,renoncé
http://www.antonyme.org/antonyme/renoncement,renoncement
http://www.antonyme.org/antonyme/renoncent,renoncent
http://www.antonyme.org/antonyme/renoncer,renoncer
http://www.antonyme.org/antonyme/renonciation,renonciation
http://www.antonyme.org/antonyme/renoue,renoue
http://www.antonyme.org/antonyme/renouer,renouer
http://www.antonyme.org/antonyme/renouveau,renouveau
http://www.antonyme.org/antonyme/renouvel%C3%A9e,renouvelée
http://www.antonyme.org/antonyme/renouvellement,renouvellement
http://www.antonyme.org/antonyme/r%C3%A9novateur,rénovateur
http://www.antonyme.org/antonyme/r%C3%A9novation,rénovation
http://www.antonyme.org/antonyme/r%C3%A9nov%C3%A9,rénové
http://www.antonyme.org/antonyme/r%C3%A9nover,rénover
http://www.antonyme.org/antonyme/renseigner,renseigner
http://www.antonyme.org/antonyme/rentable,rentable
http://www.antonyme.org/antonyme/rentables,rentables
http://www.antonyme.org/antonyme/rente,rente
http://www.antonyme.org/antonyme/rentrant,rentrant
http://www.antonyme.org/antonyme/rentr%C3%A9e,rentrée
http://www.antonyme.org/antonyme/rentr%C3%A9es,rentrées
http://www.antonyme.org/antonyme/rentrer,rentrer
http://www.antonyme.org/antonyme/renversant,renversant
http://www.antonyme.org/antonyme/renversante,renversante
http://www.antonyme.org/antonyme/renvers%C3%A9,renversé
http://www.antonyme.org/antonyme/renversement,renversement
http://www.antonyme.org/antonyme/renverser,renverser
http://www.antonyme.org/antonyme/renvoi,renvoi
http://www.antonyme.org/antonyme/renvoie,renvoie
http://www.antonyme.org/antonyme/renvoient,renvoient
http://www.antonyme.org/antonyme/renvoyant,renvoyant
http://www.antonyme.org/antonyme/renvoyer,renvoyer
http://www.antonyme.org/antonyme/renvoy%C3%A9s,renvoyés
http://www.antonyme.org/antonyme/r%C3%A9organiser,réorganiser
http://www.antonyme.org/antonyme/repa%C3%AEtre,repaître
http://www.antonyme.org/antonyme/r%C3%A9pand,répand
http://www.antonyme.org/antonyme/r%C3%A9pandre,répandre
http://www.antonyme.org/antonyme/r%C3%A9pandu,répandu
http://www.antonyme.org/antonyme/r%C3%A9pandue,répandue
http://www.antonyme.org/antonyme/r%C3%A9parable,réparable
http://www.antonyme.org/antonyme/repara%C3%AEtre,reparaître
http://www.antonyme.org/antonyme/r%C3%A9paration,réparation
http://www.antonyme.org/antonyme/r%C3%A9parations,réparations
http://www.antonyme.org/antonyme/r%C3%A9parer,réparer
http://www.antonyme.org/antonyme/repart,repart
http://www.antonyme.org/antonyme/r%C3%A9parti,réparti
http://www.antonyme.org/antonyme/r%C3%A9partie,répartie
http://www.antonyme.org/antonyme/repartir,repartir
http://www.antonyme.org/antonyme/r%C3%A9partir,répartir
http://www.antonyme.org/antonyme/r%C3%A9partis,répartis
http://www.antonyme.org/antonyme/r%C3%A9partition,répartition
http://www.antonyme.org/antonyme/repasser,repasser
http://www.antonyme.org/antonyme/repentant,repentant
http://www.antonyme.org/antonyme/repentir,repentir
http://www.antonyme.org/antonyme/r%C3%A9percussion,répercussion
http://www.antonyme.org/antonyme/rep%C3%A9rer,repérer
http://www.antonyme.org/antonyme/r%C3%A9pertorier,répertorier
http://www.antonyme.org/antonyme/r%C3%A9p%C3%A9ter,répéter
http://www.antonyme.org/antonyme/r%C3%A9p%C3%A9titeur,répétiteur
http://www.antonyme.org/antonyme/r%C3%A9p%C3%A9tition,répétition
http://www.antonyme.org/antonyme/r%C3%A9p%C3%A9titions,répétitions
http://www.antonyme.org/antonyme/repeuplement,repeuplement
http://www.antonyme.org/antonyme/repeupler,repeupler
http://www.antonyme.org/antonyme/r%C3%A9pit,répit
http://www.antonyme.org/antonyme/replacer,replacer
http://www.antonyme.org/antonyme/repl%C3%A2trer,replâtrer
http://www.antonyme.org/antonyme/replet,replet
http://www.antonyme.org/antonyme/repl%C3%A8te,replète
http://www.antonyme.org/antonyme/r%C3%A9pl%C3%A9tion,réplétion
http://www.antonyme.org/antonyme/repli,repli
http://www.antonyme.org/antonyme/repliement,repliement
http://www.antonyme.org/antonyme/replier,replier
http://www.antonyme.org/antonyme/r%C3%A9plique,réplique
http://www.antonyme.org/antonyme/r%C3%A9pliqu%C3%A9,répliqué
http://www.antonyme.org/antonyme/reployer,reployer
http://www.antonyme.org/antonyme/r%C3%A9pond,répond
http://www.antonyme.org/antonyme/r%C3%A9pondait,répondait
http://www.antonyme.org/antonyme/r%C3%A9pondant,répondant
http://www.antonyme.org/antonyme/r%C3%A9pondent,répondent
http://www.antonyme.org/antonyme/r%C3%A9pondez,répondez
http://www.antonyme.org/antonyme/r%C3%A9pondit,répondit
http://www.antonyme.org/antonyme/r%C3%A9pondre,répondre
http://www.antonyme.org/antonyme/r%C3%A9pondu,répondu
http://www.antonyme.org/antonyme/r%C3%A9ponse,réponse
http://www.antonyme.org/antonyme/r%C3%A9ponses,réponses
http://www.antonyme.org/antonyme/repopulation,repopulation
http://www.antonyme.org/antonyme/report,report
http://www.antonyme.org/antonyme/report%C3%A9,reporté
http://www.antonyme.org/antonyme/reporter,reporter
http://www.antonyme.org/antonyme/repos,repos
http://www.antonyme.org/antonyme/reposant,reposant
http://www.antonyme.org/antonyme/repose,repose
http://www.antonyme.org/antonyme/repos%C3%A9,reposé
http://www.antonyme.org/antonyme/reposent,reposent
http://www.antonyme.org/antonyme/reposer,reposer
http://www.antonyme.org/antonyme/repoussant,repoussant
http://www.antonyme.org/antonyme/repoussante,repoussante
http://www.antonyme.org/antonyme/repousse,repousse
http://www.antonyme.org/antonyme/repouss%C3%A9e,repoussée
http://www.antonyme.org/antonyme/repousser,repousser
http://www.antonyme.org/antonyme/r%C3%A9pr%C3%A9hensible,répréhensible
http://www.antonyme.org/antonyme/r%C3%A9pr%C3%A9hension,répréhension
http://www.antonyme.org/antonyme/reprenait,reprenait
http://www.antonyme.org/antonyme/reprenant,reprenant
http://www.antonyme.org/antonyme/reprend,reprend
http://www.antonyme.org/antonyme/reprendre,reprendre
http://www.antonyme.org/antonyme/reprennent,reprennent
http://www.antonyme.org/antonyme/repr%C3%A9sailles,représailles
http://www.antonyme.org/antonyme/repr%C3%A9sentaient,représentaient
http://www.antonyme.org/antonyme/repr%C3%A9sentant,représentant
http://www.antonyme.org/antonyme/repr%C3%A9sentante,représentante
http://www.antonyme.org/antonyme/repr%C3%A9sentants,représentants
http://www.antonyme.org/antonyme/repr%C3%A9sentatifs,représentatifs
http://www.antonyme.org/antonyme/repr%C3%A9sentations,représentations
http://www.antonyme.org/antonyme/repr%C3%A9sente,représente
http://www.antonyme.org/antonyme/repr%C3%A9sent%C3%A9,représenté
http://www.antonyme.org/antonyme/repr%C3%A9sent%C3%A9e,représentée
http://www.antonyme.org/antonyme/repr%C3%A9sent%C3%A9es,représentées
http://www.antonyme.org/antonyme/repr%C3%A9senter,représenter
http://www.antonyme.org/antonyme/repr%C3%A9sentera,représentera
http://www.antonyme.org/antonyme/repr%C3%A9sent%C3%A9s,représentés
http://www.antonyme.org/antonyme/r%C3%A9pressif,répressif
http://www.antonyme.org/antonyme/r%C3%A9pression,répression
http://www.antonyme.org/antonyme/r%C3%A9pressive,répressive
http://www.antonyme.org/antonyme/r%C3%A9primande,réprimande
http://www.antonyme.org/antonyme/r%C3%A9primand%C3%A9,réprimandé
http://www.antonyme.org/antonyme/r%C3%A9primander,réprimander
http://www.antonyme.org/antonyme/r%C3%A9primer,réprimer
http://www.antonyme.org/antonyme/repris,repris
http://www.antonyme.org/antonyme/reprise,reprise
http://www.antonyme.org/antonyme/repriser,repriser
http://www.antonyme.org/antonyme/reprises,reprises
http://www.antonyme.org/antonyme/r%C3%A9probateur,réprobateur
http://www.antonyme.org/antonyme/r%C3%A9probation,réprobation
http://www.antonyme.org/antonyme/r%C3%A9probatrice,réprobatrice
http://www.antonyme.org/antonyme/reprochable,reprochable
http://www.antonyme.org/antonyme/reprochait,reprochait
http://www.antonyme.org/antonyme/reprochant,reprochant
http://www.antonyme.org/antonyme/reproche,reproche
http://www.antonyme.org/antonyme/reproch%C3%A9,reproché
http://www.antonyme.org/antonyme/reprochent,reprochent
http://www.antonyme.org/antonyme/reprocher,reprocher
http://www.antonyme.org/antonyme/reproches,reproches
http://www.antonyme.org/antonyme/reproduction,reproduction
http://www.antonyme.org/antonyme/reproduire,reproduire
http://www.antonyme.org/antonyme/r%C3%A9prouv%C3%A9,réprouvé
http://www.antonyme.org/antonyme/r%C3%A9prouver,réprouver
http://www.antonyme.org/antonyme/repu,repu
http://www.antonyme.org/antonyme/r%C3%A9publicain,républicain
http://www.antonyme.org/antonyme/r%C3%A9publicaine,républicaine
http://www.antonyme.org/antonyme/r%C3%A9publicaines,républicaines
http://www.antonyme.org/antonyme/r%C3%A9publicains,républicains
http://www.antonyme.org/antonyme/r%C3%A9publique,république
http://www.antonyme.org/antonyme/r%C3%A9publiques,républiques
http://www.antonyme.org/antonyme/r%C3%A9pudiation,répudiation
http://www.antonyme.org/antonyme/r%C3%A9pugnance,répugnance
http://www.antonyme.org/antonyme/r%C3%A9pugnant,répugnant
http://www.antonyme.org/antonyme/r%C3%A9pulsif,répulsif
http://www.antonyme.org/antonyme/r%C3%A9pulsion,répulsion
http://www.antonyme.org/antonyme/r%C3%A9putation,réputation
http://www.antonyme.org/antonyme/r%C3%A9put%C3%A9,réputé
http://www.antonyme.org/antonyme/r%C3%A9put%C3%A9e,réputée
http://www.antonyme.org/antonyme/r%C3%A9put%C3%A9es,réputées
http://www.antonyme.org/antonyme/r%C3%A9put%C3%A9s,réputés
http://www.antonyme.org/antonyme/requ%C3%A9rant,requérant
http://www.antonyme.org/antonyme/requ%C3%A9rante,requérante
http://www.antonyme.org/antonyme/requin,requin
http://www.antonyme.org/antonyme/requinquer,requinquer
http://www.antonyme.org/antonyme/requis,requis
http://www.antonyme.org/antonyme/requise,requise
http://www.antonyme.org/antonyme/r%C3%A9quisitionner,réquisitionner
http://www.antonyme.org/antonyme/r%C3%A9quisitoire,réquisitoire
http://www.antonyme.org/antonyme/rescap%C3%A9,rescapé
http://www.antonyme.org/antonyme/rescap%C3%A9e,rescapée
http://www.antonyme.org/antonyme/rescap%C3%A9s,rescapés
http://www.antonyme.org/antonyme/rescinder,rescinder
http://www.antonyme.org/antonyme/rescision,rescision
http://www.antonyme.org/antonyme/r%C3%A9serve,réserve
http://www.antonyme.org/antonyme/r%C3%A9serv%C3%A9,réservé
http://www.antonyme.org/antonyme/r%C3%A9serv%C3%A9e,réservée
http://www.antonyme.org/antonyme/r%C3%A9serv%C3%A9es,réservées
http://www.antonyme.org/antonyme/r%C3%A9servent,réservent
http://www.antonyme.org/antonyme/r%C3%A9server,réserver
http://www.antonyme.org/antonyme/r%C3%A9serves,réserves
http://www.antonyme.org/antonyme/r%C3%A9serv%C3%A9s,réservés
http://www.antonyme.org/antonyme/r%C3%A9signation,résignation
http://www.antonyme.org/antonyme/r%C3%A9sign%C3%A9,résigné
http://www.antonyme.org/antonyme/r%C3%A9signer,résigner
http://www.antonyme.org/antonyme/r%C3%A9siliation,résiliation
http://www.antonyme.org/antonyme/r%C3%A9silier,résilier
http://www.antonyme.org/antonyme/r%C3%A9sistance,résistance
http://www.antonyme.org/antonyme/r%C3%A9sistances,résistances
http://www.antonyme.org/antonyme/r%C3%A9sistant,résistant
http://www.antonyme.org/antonyme/r%C3%A9sistante,résistante
http://www.antonyme.org/antonyme/r%C3%A9sistants,résistants
http://www.antonyme.org/antonyme/r%C3%A9siste,résiste
http://www.antonyme.org/antonyme/r%C3%A9sist%C3%A9,résisté
http://www.antonyme.org/antonyme/r%C3%A9sistent,résistent
http://www.antonyme.org/antonyme/r%C3%A9sister,résister
http://www.antonyme.org/antonyme/r%C3%A9sistible,résistible
http://www.antonyme.org/antonyme/r%C3%A9solu,résolu
http://www.antonyme.org/antonyme/r%C3%A9soluble,résoluble
http://www.antonyme.org/antonyme/r%C3%A9solue,résolue
http://www.antonyme.org/antonyme/r%C3%A9solument,résolument
http://www.antonyme.org/antonyme/r%C3%A9solus,résolus
http://www.antonyme.org/antonyme/r%C3%A9solution,résolution
http://www.antonyme.org/antonyme/r%C3%A9solutions,résolutions
http://www.antonyme.org/antonyme/r%C3%A9sonant,résonant
http://www.antonyme.org/antonyme/r%C3%A9sorber,résorber
http://www.antonyme.org/antonyme/r%C3%A9soudre,résoudre
http://www.antonyme.org/antonyme/respect,respect
http://www.antonyme.org/antonyme/respectable,respectable
http://www.antonyme.org/antonyme/respectant,respectant
http://www.antonyme.org/antonyme/respecte,respecte
http://www.antonyme.org/antonyme/respect%C3%A9e,respectée
http://www.antonyme.org/antonyme/respect%C3%A9es,respectées
http://www.antonyme.org/antonyme/respectent,respectent
http://www.antonyme.org/antonyme/respecter,respecter
http://www.antonyme.org/antonyme/respect%C3%A9s,respectés
http://www.antonyme.org/antonyme/respectif,respectif
http://www.antonyme.org/antonyme/respectifs,respectifs
http://www.antonyme.org/antonyme/respects,respects
http://www.antonyme.org/antonyme/respectueuse,respectueuse
http://www.antonyme.org/antonyme/respectueusement,respectueusement
http://www.antonyme.org/antonyme/respectueux,respectueux
http://www.antonyme.org/antonyme/respirable,respirable
http://www.antonyme.org/antonyme/respire,respire
http://www.antonyme.org/antonyme/respirer,respirer
http://www.antonyme.org/antonyme/resplendir,resplendir
http://www.antonyme.org/antonyme/resplendissant,resplendissant
http://www.antonyme.org/antonyme/resplendissante,resplendissante
http://www.antonyme.org/antonyme/responsabiliser,responsabiliser
http://www.antonyme.org/antonyme/responsabilit%C3%A9,responsabilité
http://www.antonyme.org/antonyme/responsabilit%C3%A9s,responsabilités
http://www.antonyme.org/antonyme/responsable,responsable
http://www.antonyme.org/antonyme/responsables,responsables
http://www.antonyme.org/antonyme/resquille,resquille
http://www.antonyme.org/antonyme/resquill%C3%A9,resquillé
http://www.antonyme.org/antonyme/resquiller,resquiller
http://www.antonyme.org/antonyme/ressemblait,ressemblait
http://www.antonyme.org/antonyme/ressemblance,ressemblance
http://www.antonyme.org/antonyme/ressemblant,ressemblant
http://www.antonyme.org/antonyme/ressemble,ressemble
http://www.antonyme.org/antonyme/ressemblent,ressemblent
http://www.antonyme.org/antonyme/ressembler,ressembler
http://www.antonyme.org/antonyme/ressenti,ressenti
http://www.antonyme.org/antonyme/ressentiment,ressentiment
http://www.antonyme.org/antonyme/ressentir,ressentir
http://www.antonyme.org/antonyme/resserre,resserre
http://www.antonyme.org/antonyme/resserr%C3%A9,resserré
http://www.antonyme.org/antonyme/resserr%C3%A9e,resserrée
http://www.antonyme.org/antonyme/resserrement,resserrement
http://www.antonyme.org/antonyme/resserrer,resserrer
http://www.antonyme.org/antonyme/ressort,ressort
http://www.antonyme.org/antonyme/ressortir,ressortir
http://www.antonyme.org/antonyme/ressortissant,ressortissant
http://www.antonyme.org/antonyme/ressortissants,ressortissants
http://www.antonyme.org/antonyme/ressources,ressources
http://www.antonyme.org/antonyme/ressuage,ressuage
http://www.antonyme.org/antonyme/ressusciter,ressusciter
http://www.antonyme.org/antonyme/resta,resta
http://www.antonyme.org/antonyme/restaient,restaient
http://www.antonyme.org/antonyme/restait,restait
http://www.antonyme.org/antonyme/restant,restant
http://www.antonyme.org/antonyme/restaurant,restaurant
http://www.antonyme.org/antonyme/restaurateur,restaurateur
http://www.antonyme.org/antonyme/restauration,restauration
http://www.antonyme.org/antonyme/restaur%C3%A9,restauré
http://www.antonyme.org/antonyme/restaurer,restaurer
http://www.antonyme.org/antonyme/rest%C3%A9e,restée
http://www.antonyme.org/antonyme/restent,restent
http://www.antonyme.org/antonyme/rester,rester
http://www.antonyme.org/antonyme/restera,restera
http://www.antonyme.org/antonyme/resterait,resterait
http://www.antonyme.org/antonyme/resteront,resteront
http://www.antonyme.org/antonyme/restituer,restituer
http://www.antonyme.org/antonyme/restitution,restitution
http://www.antonyme.org/antonyme/restreindre,restreindre
http://www.antonyme.org/antonyme/restreint,restreint
http://www.antonyme.org/antonyme/restreinte,restreinte
http://www.antonyme.org/antonyme/restriction,restriction
http://www.antonyme.org/antonyme/restrictions,restrictions
http://www.antonyme.org/antonyme/restrictive,restrictive
http://www.antonyme.org/antonyme/restructurer,restructurer
http://www.antonyme.org/antonyme/r%C3%A9sultat,résultat
http://www.antonyme.org/antonyme/r%C3%A9sultats,résultats
http://www.antonyme.org/antonyme/r%C3%A9sulter,résulter
http://www.antonyme.org/antonyme/r%C3%A9sume,résume
http://www.antonyme.org/antonyme/r%C3%A9sum%C3%A9,résumé
http://www.antonyme.org/antonyme/r%C3%A9sument,résument
http://www.antonyme.org/antonyme/r%C3%A9sumer,résumer
http://www.antonyme.org/antonyme/r%C3%A9surrection,résurrection
http://www.antonyme.org/antonyme/r%C3%A9tablir,rétablir
http://www.antonyme.org/antonyme/r%C3%A9tablissement,rétablissement
http://www.antonyme.org/antonyme/retaper,retaper
http://www.antonyme.org/antonyme/retard,retard
http://www.antonyme.org/antonyme/retardataire,retardataire
http://www.antonyme.org/antonyme/retard%C3%A9,retardé
http://www.antonyme.org/antonyme/retarder,retarder
http://www.antonyme.org/antonyme/retards,retards
http://www.antonyme.org/antonyme/retenir,retenir
http://www.antonyme.org/antonyme/r%C3%A9tention,rétention
http://www.antonyme.org/antonyme/retentissant,retentissant
http://www.antonyme.org/antonyme/retentissement,retentissement
http://www.antonyme.org/antonyme/retenu,retenu
http://www.antonyme.org/antonyme/retenue,retenue
http://www.antonyme.org/antonyme/retenues,retenues
http://www.antonyme.org/antonyme/retenus,retenus
http://www.antonyme.org/antonyme/r%C3%A9ticence,réticence
http://www.antonyme.org/antonyme/r%C3%A9ticences,réticences
http://www.antonyme.org/antonyme/r%C3%A9ticent,réticent
http://www.antonyme.org/antonyme/r%C3%A9ticents,réticents
http://www.antonyme.org/antonyme/retiendra,retiendra
http://www.antonyme.org/antonyme/retient,retient
http://www.antonyme.org/antonyme/r%C3%A9tif,rétif
http://www.antonyme.org/antonyme/retire,retire
http://www.antonyme.org/antonyme/retir%C3%A9,retiré
http://www.antonyme.org/antonyme/retir%C3%A9e,retirée
http://www.antonyme.org/antonyme/retirent,retirent
http://www.antonyme.org/antonyme/retirer,retirer
http://www.antonyme.org/antonyme/retir%C3%A9s,retirés
http://www.antonyme.org/antonyme/r%C3%A9tivit%C3%A9,rétivité
http://www.antonyme.org/antonyme/retomb%C3%A9e,retombée
http://www.antonyme.org/antonyme/retomb%C3%A9es,retombées
http://www.antonyme.org/antonyme/retomber,retomber
http://www.antonyme.org/antonyme/r%C3%A9torquer,rétorquer
http://www.antonyme.org/antonyme/retors,retors
http://www.antonyme.org/antonyme/retorse,retorse
http://www.antonyme.org/antonyme/retoucher,retoucher
http://www.antonyme.org/antonyme/retour,retour
http://www.antonyme.org/antonyme/retournent,retournent
http://www.antonyme.org/antonyme/retours,retours
http://www.antonyme.org/antonyme/retracer,retracer
http://www.antonyme.org/antonyme/r%C3%A9tractation,rétractation
http://www.antonyme.org/antonyme/r%C3%A9tracter,rétracter
http://www.antonyme.org/antonyme/r%C3%A9traction,rétraction
http://www.antonyme.org/antonyme/retrait,retrait
http://www.antonyme.org/antonyme/retraite,retraite
http://www.antonyme.org/antonyme/retrait%C3%A9,retraité
http://www.antonyme.org/antonyme/retrait%C3%A9e,retraitée
http://www.antonyme.org/antonyme/retraites,retraites
http://www.antonyme.org/antonyme/retrait%C3%A9s,retraités
http://www.antonyme.org/antonyme/retranchement,retranchement
http://www.antonyme.org/antonyme/retrancher,retrancher
http://www.antonyme.org/antonyme/r%C3%A9tr%C3%A9ci,rétréci
http://www.antonyme.org/antonyme/r%C3%A9tr%C3%A9cir,rétrécir
http://www.antonyme.org/antonyme/r%C3%A9tr%C3%A9cissement,rétrécissement
http://www.antonyme.org/antonyme/r%C3%A9tribuer,rétribuer
http://www.antonyme.org/antonyme/r%C3%A9troactif,rétroactif
http://www.antonyme.org/antonyme/r%C3%A9troc%C3%A9der,rétrocéder
http://www.antonyme.org/antonyme/r%C3%A9trod%C3%A9viation,rétrodéviation
http://www.antonyme.org/antonyme/r%C3%A9trogradation,rétrogradation
http://www.antonyme.org/antonyme/r%C3%A9trograde,rétrograde
http://www.antonyme.org/antonyme/r%C3%A9trograder,rétrograder
http://www.antonyme.org/antonyme/r%C3%A9trogression,rétrogression
http://www.antonyme.org/antonyme/r%C3%A9trospectif,rétrospectif
http://www.antonyme.org/antonyme/r%C3%A9trospective,rétrospective
http://www.antonyme.org/antonyme/retrouss%C3%A9,retroussé
http://www.antonyme.org/antonyme/retrouvailles,retrouvailles
http://www.antonyme.org/antonyme/retrouvait,retrouvait
http://www.antonyme.org/antonyme/retrouvant,retrouvant
http://www.antonyme.org/antonyme/retrouve,retrouve
http://www.antonyme.org/antonyme/retrouv%C3%A9,retrouvé
http://www.antonyme.org/antonyme/retrouv%C3%A9e,retrouvée
http://www.antonyme.org/antonyme/retrouv%C3%A9es,retrouvées
http://www.antonyme.org/antonyme/retrouvent,retrouvent
http://www.antonyme.org/antonyme/retrouver,retrouver
http://www.antonyme.org/antonyme/retrouvera,retrouvera
http://www.antonyme.org/antonyme/retrouv%C3%A9s,retrouvés
http://www.antonyme.org/antonyme/r%C3%A9uni,réuni
http://www.antonyme.org/antonyme/r%C3%A9unie,réunie
http://www.antonyme.org/antonyme/r%C3%A9unies,réunies
http://www.antonyme.org/antonyme/r%C3%A9unification,réunification
http://www.antonyme.org/antonyme/r%C3%A9union,réunion
http://www.antonyme.org/antonyme/r%C3%A9unions,réunions
http://www.antonyme.org/antonyme/r%C3%A9unir,réunir
http://www.antonyme.org/antonyme/r%C3%A9unira,réunira
http://www.antonyme.org/antonyme/r%C3%A9unis,réunis
http://www.antonyme.org/antonyme/r%C3%A9unissant,réunissant
http://www.antonyme.org/antonyme/r%C3%A9unissent,réunissent
http://www.antonyme.org/antonyme/r%C3%A9unit,réunit
http://www.antonyme.org/antonyme/r%C3%A9ussi,réussi
http://www.antonyme.org/antonyme/r%C3%A9ussie,réussie
http://www.antonyme.org/antonyme/r%C3%A9ussir,réussir
http://www.antonyme.org/antonyme/r%C3%A9ussira,réussira
http://www.antonyme.org/antonyme/r%C3%A9ussissent,réussissent
http://www.antonyme.org/antonyme/r%C3%A9ussit,réussit
http://www.antonyme.org/antonyme/r%C3%A9ussite,réussite
http://www.antonyme.org/antonyme/r%C3%A9ussites,réussites
http://www.antonyme.org/antonyme/revalorisation,revalorisation
http://www.antonyme.org/antonyme/revaloriser,revaloriser
http://www.antonyme.org/antonyme/r%C3%AAvasserie,rêvasserie
http://www.antonyme.org/antonyme/r%C3%AAve,rêve
http://www.antonyme.org/antonyme/r%C3%AAv%C3%A9,rêvé
http://www.antonyme.org/antonyme/rev%C3%AAche,revêche
http://www.antonyme.org/antonyme/r%C3%A9veil,réveil
http://www.antonyme.org/antonyme/r%C3%A9veiller,réveiller
http://www.antonyme.org/antonyme/r%C3%A9v%C3%A9la,révéla
http://www.antonyme.org/antonyme/r%C3%A9v%C3%A9lait,révélait
http://www.antonyme.org/antonyme/r%C3%A9v%C3%A9lant,révélant
http://www.antonyme.org/antonyme/r%C3%A9v%C3%A9lateur,révélateur
http://www.antonyme.org/antonyme/r%C3%A9v%C3%A9lation,révélation
http://www.antonyme.org/antonyme/r%C3%A9v%C3%A9lations,révélations
http://www.antonyme.org/antonyme/r%C3%A9v%C3%A9latrice,révélatrice
http://www.antonyme.org/antonyme/r%C3%A9v%C3%A9l%C3%A9,révélé
http://www.antonyme.org/antonyme/r%C3%A9v%C3%A8le,révèle
http://www.antonyme.org/antonyme/r%C3%A9v%C3%A9l%C3%A9e,révélée
http://www.antonyme.org/antonyme/r%C3%A9v%C3%A9l%C3%A9es,révélées
http://www.antonyme.org/antonyme/r%C3%A9v%C3%A8lent,révèlent
http://www.antonyme.org/antonyme/r%C3%A9v%C3%A9ler,révéler
http://www.antonyme.org/antonyme/r%C3%A9v%C3%A9l%C3%A9s,révélés
http://www.antonyme.org/antonyme/revenait,revenait
http://www.antonyme.org/antonyme/revendeur,revendeur
http://www.antonyme.org/antonyme/revendication,revendication
http://www.antonyme.org/antonyme/revendications,revendications
http://www.antonyme.org/antonyme/revendiquant,revendiquant
http://www.antonyme.org/antonyme/revendique,revendique
http://www.antonyme.org/antonyme/revendiqu%C3%A9,revendiqué
http://www.antonyme.org/antonyme/revendiqu%C3%A9e,revendiquée
http://www.antonyme.org/antonyme/revendiquent,revendiquent
http://www.antonyme.org/antonyme/revendiquer,revendiquer
http://www.antonyme.org/antonyme/revenir,revenir
http://www.antonyme.org/antonyme/revenu,revenu
http://www.antonyme.org/antonyme/revenus,revenus
http://www.antonyme.org/antonyme/r%C3%A9verb%C3%A9ration,réverbération
http://www.antonyme.org/antonyme/r%C3%A9v%C3%A9rence,révérence
http://www.antonyme.org/antonyme/r%C3%A9v%C3%A9renciel,révérenciel
http://www.antonyme.org/antonyme/r%C3%A9v%C3%A9rencielle,révérencielle
http://www.antonyme.org/antonyme/r%C3%A9v%C3%A9rencieuse,révérencieuse
http://www.antonyme.org/antonyme/r%C3%A9v%C3%A9rencieux,révérencieux
http://www.antonyme.org/antonyme/r%C3%A9v%C3%A9rer,révérer
http://www.antonyme.org/antonyme/r%C3%AAverie,rêverie
http://www.antonyme.org/antonyme/revers,revers
http://www.antonyme.org/antonyme/reverser,reverser
http://www.antonyme.org/antonyme/r%C3%A9versible,réversible
http://www.antonyme.org/antonyme/r%C3%AAves,rêves
http://www.antonyme.org/antonyme/rev%C3%AAt,revêt
http://www.antonyme.org/antonyme/rev%C3%AAtir,revêtir
http://www.antonyme.org/antonyme/r%C3%AAveur,rêveur
http://www.antonyme.org/antonyme/reviendra,reviendra
http://www.antonyme.org/antonyme/reviendrait,reviendrait
http://www.antonyme.org/antonyme/revienne,revienne
http://www.antonyme.org/antonyme/reviennent,reviennent
http://www.antonyme.org/antonyme/revient,revient
http://www.antonyme.org/antonyme/revigorant,revigorant
http://www.antonyme.org/antonyme/revigorer,revigorer
http://www.antonyme.org/antonyme/revirement,revirement
http://www.antonyme.org/antonyme/r%C3%A9viser,réviser
http://www.antonyme.org/antonyme/r%C3%A9vision,révision
http://www.antonyme.org/antonyme/revivre,revivre
http://www.antonyme.org/antonyme/r%C3%A9vocable,révocable
http://www.antonyme.org/antonyme/r%C3%A9vocation,révocation
http://www.antonyme.org/antonyme/r%C3%A9vocations,révocations
http://www.antonyme.org/antonyme/revoir,revoir
http://www.antonyme.org/antonyme/r%C3%A9voltant,révoltant
http://www.antonyme.org/antonyme/r%C3%A9volte,révolte
http://www.antonyme.org/antonyme/r%C3%A9volt%C3%A9,révolté
http://www.antonyme.org/antonyme/r%C3%A9volt%C3%A9e,révoltée
http://www.antonyme.org/antonyme/r%C3%A9volter,révolter
http://www.antonyme.org/antonyme/r%C3%A9voltes,révoltes
http://www.antonyme.org/antonyme/r%C3%A9volu,révolu
http://www.antonyme.org/antonyme/r%C3%A9volution,révolution
http://www.antonyme.org/antonyme/r%C3%A9volutionnaire,révolutionnaire
http://www.antonyme.org/antonyme/r%C3%A9volutionnaires,révolutionnaires
http://www.antonyme.org/antonyme/r%C3%A9volutionner,révolutionner
http://www.antonyme.org/antonyme/r%C3%A9volutions,révolutions
http://www.antonyme.org/antonyme/r%C3%A9voquer,révoquer
http://www.antonyme.org/antonyme/r%C3%A9vulsif,révulsif
http://www.antonyme.org/antonyme/rh%C3%A9torique,rhétorique
http://www.antonyme.org/antonyme/ri,ri
http://www.antonyme.org/antonyme/riant,riant
http://www.antonyme.org/antonyme/ribambelle,ribambelle
http://www.antonyme.org/antonyme/ribaud,ribaud
http://www.antonyme.org/antonyme/ribaude,ribaude
http://www.antonyme.org/antonyme/ric-rac,ric-rac
http://www.antonyme.org/antonyme/richard,richard
http://www.antonyme.org/antonyme/riche,riche
http://www.antonyme.org/antonyme/richement,richement
http://www.antonyme.org/antonyme/riches,riches
http://www.antonyme.org/antonyme/richesse,richesse
http://www.antonyme.org/antonyme/richesses,richesses
http://www.antonyme.org/antonyme/richissime,richissime
http://www.antonyme.org/antonyme/ride,ride
http://www.antonyme.org/antonyme/rid%C3%A9,ridé
http://www.antonyme.org/antonyme/rideau,rideau
http://www.antonyme.org/antonyme/ridicule,ridicule
http://www.antonyme.org/antonyme/ridiculement,ridiculement
http://www.antonyme.org/antonyme/ridiculisation,ridiculisation
http://www.antonyme.org/antonyme/ridiculiser,ridiculiser
http://www.antonyme.org/antonyme/rien,rien
http://www.antonyme.org/antonyme/rieur,rieur
http://www.antonyme.org/antonyme/rieuse,rieuse
http://www.antonyme.org/antonyme/rigide,rigide
http://www.antonyme.org/antonyme/rigides,rigides
http://www.antonyme.org/antonyme/rigidit%C3%A9,rigidité
http://www.antonyme.org/antonyme/rigolade,rigolade
http://www.antonyme.org/antonyme/rigolard,rigolard
http://www.antonyme.org/antonyme/rigolarde,rigolarde
http://www.antonyme.org/antonyme/rigoler,rigoler
http://www.antonyme.org/antonyme/rigolo,rigolo
http://www.antonyme.org/antonyme/rigolote,rigolote
http://www.antonyme.org/antonyme/rigorisme,rigorisme
http://www.antonyme.org/antonyme/rigoriste,rigoriste
http://www.antonyme.org/antonyme/rigoureuse,rigoureuse
http://www.antonyme.org/antonyme/rigoureusement,rigoureusement
http://www.antonyme.org/antonyme/rigoureux,rigoureux
http://www.antonyme.org/antonyme/rigueur,rigueur
http://www.antonyme.org/antonyme/rikiki,rikiki
http://www.antonyme.org/antonyme/rimailleur,rimailleur
http://www.antonyme.org/antonyme/rimeur,rimeur
http://www.antonyme.org/antonyme/rincer+,rincer
http://www.antonyme.org/antonyme/rincer,rincer
http://www.antonyme.org/antonyme/ringard,ringard
http://www.antonyme.org/antonyme/ringardise,ringardise
http://www.antonyme.org/antonyme/ripaille,ripaille
http://www.antonyme.org/antonyme/riposte,riposte
http://www.antonyme.org/antonyme/ripou,ripou
http://www.antonyme.org/antonyme/riquiqui,riquiqui
http://www.antonyme.org/antonyme/rire,rire
http://www.antonyme.org/antonyme/rires,rires
http://www.antonyme.org/antonyme/ris,ris
http://www.antonyme.org/antonyme/ris%C3%A9e,risée
http://www.antonyme.org/antonyme/ris%C3%A9es,risées
http://www.antonyme.org/antonyme/risible,risible
http://www.antonyme.org/antonyme/risquait,risquait
http://www.antonyme.org/antonyme/risque,risque
http://www.antonyme.org/antonyme/risqu%C3%A9,risqué
http://www.antonyme.org/antonyme/risque-tout,risque-tout
http://www.antonyme.org/antonyme/risquent,risquent
http://www.antonyme.org/antonyme/risquer,risquer
http://www.antonyme.org/antonyme/risquerait,risquerait
http://www.antonyme.org/antonyme/risques,risques
http://www.antonyme.org/antonyme/risquons,risquons
http://www.antonyme.org/antonyme/ristourne,ristourne
http://www.antonyme.org/antonyme/ritualisme,ritualisme
http://www.antonyme.org/antonyme/rituel,rituel
http://www.antonyme.org/antonyme/rituelle,rituelle
http://www.antonyme.org/antonyme/rivage,rivage
http://www.antonyme.org/antonyme/rival,rival
http://www.antonyme.org/antonyme/rivale,rivale
http://www.antonyme.org/antonyme/rivales,rivales
http://www.antonyme.org/antonyme/rivaliser,rivaliser
http://www.antonyme.org/antonyme/rivalit%C3%A9,rivalité
http://www.antonyme.org/antonyme/rivalit%C3%A9s,rivalités
http://www.antonyme.org/antonyme/rivaux,rivaux
http://www.antonyme.org/antonyme/rive,rive
http://www.antonyme.org/antonyme/riv%C3%A9,rivé
http://www.antonyme.org/antonyme/riverain,riverain
http://www.antonyme.org/antonyme/rives,rives
http://www.antonyme.org/antonyme/riveter,riveter
http://www.antonyme.org/antonyme/rixe,rixe
http://www.antonyme.org/antonyme/roboratif,roboratif
http://www.antonyme.org/antonyme/robot,robot
http://www.antonyme.org/antonyme/robots,robots
http://www.antonyme.org/antonyme/robuste,robuste
http://www.antonyme.org/antonyme/robustesse,robustesse
http://www.antonyme.org/antonyme/rocambolesque,rocambolesque
http://www.antonyme.org/antonyme/r%C3%B4dailler,rôdailler
http://www.antonyme.org/antonyme/roder,roder
http://www.antonyme.org/antonyme/r%C3%B4der,rôder
http://www.antonyme.org/antonyme/rogn%C3%A9,rogné
http://www.antonyme.org/antonyme/rogner,rogner
http://www.antonyme.org/antonyme/rognonner,rognonner
http://www.antonyme.org/antonyme/rogue,rogue
http://www.antonyme.org/antonyme/roide,roide
http://www.antonyme.org/antonyme/roideur,roideur
http://www.antonyme.org/antonyme/roidir,roidir
http://www.antonyme.org/antonyme/r%C3%B4le,rôle
http://www.antonyme.org/antonyme/r%C3%B4les,rôles
http://www.antonyme.org/antonyme/romanesque,romanesque
http://www.antonyme.org/antonyme/romanesques,romanesques
http://www.antonyme.org/antonyme/romanichel,romanichel
http://www.antonyme.org/antonyme/romanichelle,romanichelle
http://www.antonyme.org/antonyme/Romanichelle,Romanichelle
http://www.antonyme.org/antonyme/romantique,romantique
http://www.antonyme.org/antonyme/romantisme,romantisme
http://www.antonyme.org/antonyme/rompre,rompre
http://www.antonyme.org/antonyme/rompt,rompt
http://www.antonyme.org/antonyme/rompu,rompu
http://www.antonyme.org/antonyme/rompus,rompus
http://www.antonyme.org/antonyme/ronchon,ronchon
http://www.antonyme.org/antonyme/ronchonne,ronchonne
http://www.antonyme.org/antonyme/ronchonneur,ronchonneur
http://www.antonyme.org/antonyme/rond,rond
http://www.antonyme.org/antonyme/rondelet,rondelet
http://www.antonyme.org/antonyme/rondement,rondement
http://www.antonyme.org/antonyme/rondes,rondes
http://www.antonyme.org/antonyme/rondeur,rondeur
http://www.antonyme.org/antonyme/rondouillard,rondouillard
http://www.antonyme.org/antonyme/rondouillarde,rondouillarde
http://www.antonyme.org/antonyme/ronflant,ronflant
http://www.antonyme.org/antonyme/ronflante,ronflante
http://www.antonyme.org/antonyme/ronflement,ronflement
http://www.antonyme.org/antonyme/ronger,ronger
http://www.antonyme.org/antonyme/ronronner,ronronner
http://www.antonyme.org/antonyme/rose,rose
http://www.antonyme.org/antonyme/roses,roses
http://www.antonyme.org/antonyme/rosette,rosette
http://www.antonyme.org/antonyme/rosse,rosse
http://www.antonyme.org/antonyme/rosserie,rosserie
http://www.antonyme.org/antonyme/ross%C3%A9s,rossés
http://www.antonyme.org/antonyme/rossinante,rossinante
http://www.antonyme.org/antonyme/Rostres,Rostres
http://www.antonyme.org/antonyme/r%C3%B4t,rôt
http://www.antonyme.org/antonyme/r%C3%B4tir,rôtir
http://www.antonyme.org/antonyme/roture,roture
http://www.antonyme.org/antonyme/roturier,roturier
http://www.antonyme.org/antonyme/roturi%C3%A8re,roturière
http://www.antonyme.org/antonyme/roublard,roublard
http://www.antonyme.org/antonyme/roublarde,roublarde
http://www.antonyme.org/antonyme/roublardise,roublardise
http://www.antonyme.org/antonyme/roue,roue
http://www.antonyme.org/antonyme/rou%C3%A9,roué
http://www.antonyme.org/antonyme/rou%C3%A9e,rouée
http://www.antonyme.org/antonyme/rouerie,rouerie
http://www.antonyme.org/antonyme/roues,roues
http://www.antonyme.org/antonyme/rouge,rouge
http://www.antonyme.org/antonyme/rougeaud,rougeaud
http://www.antonyme.org/antonyme/rouges,rouges
http://www.antonyme.org/antonyme/rough,rough
http://www.antonyme.org/antonyme/rougir,rougir
http://www.antonyme.org/antonyme/roul%C3%A9,roulé
http://www.antonyme.org/antonyme/roulent,roulent
http://www.antonyme.org/antonyme/rouler,rouler
http://www.antonyme.org/antonyme/roupiller,roupiller
http://www.antonyme.org/antonyme/rousp%C3%A9ter,rouspéter
http://www.antonyme.org/antonyme/rousp%C3%A9teur,rouspéteur
http://www.antonyme.org/antonyme/rousp%C3%A9teuse,rouspéteuse
http://www.antonyme.org/antonyme/roussir,roussir
http://www.antonyme.org/antonyme/rouste,rouste
http://www.antonyme.org/antonyme/router,router
http://www.antonyme.org/antonyme/routine,routine
http://www.antonyme.org/antonyme/routinier,routinier
http://www.antonyme.org/antonyme/routini%C3%A8re,routinière
http://www.antonyme.org/antonyme/royal,royal
http://www.antonyme.org/antonyme/royale,royale
http://www.antonyme.org/antonyme/royaliste,royaliste
http://www.antonyme.org/antonyme/royaut%C3%A9,royauté
http://www.antonyme.org/antonyme/rubicond,rubicond
http://www.antonyme.org/antonyme/rude,rude
http://www.antonyme.org/antonyme/rudement,rudement
http://www.antonyme.org/antonyme/rudes,rudes
http://www.antonyme.org/antonyme/rudesse,rudesse
http://www.antonyme.org/antonyme/rudiment,rudiment
http://www.antonyme.org/antonyme/rudimentaire,rudimentaire
http://www.antonyme.org/antonyme/rudimentaires,rudimentaires
http://www.antonyme.org/antonyme/rudiments,rudiments
http://www.antonyme.org/antonyme/rudoyer,rudoyer
http://www.antonyme.org/antonyme/rugissant,rugissant
http://www.antonyme.org/antonyme/rugissante,rugissante
http://www.antonyme.org/antonyme/rugissement,rugissement
http://www.antonyme.org/antonyme/rugosit%C3%A9,rugosité
http://www.antonyme.org/antonyme/rugueux,rugueux
http://www.antonyme.org/antonyme/ruine,ruine
http://www.antonyme.org/antonyme/ruin%C3%A9,ruiné
http://www.antonyme.org/antonyme/ruiner,ruiner
http://www.antonyme.org/antonyme/ruines,ruines
http://www.antonyme.org/antonyme/ruineux,ruineux
http://www.antonyme.org/antonyme/rumeur,rumeur
http://www.antonyme.org/antonyme/rumeurs,rumeurs
http://www.antonyme.org/antonyme/rumination,rumination
http://www.antonyme.org/antonyme/rupin,rupin
http://www.antonyme.org/antonyme/rupture,rupture
http://www.antonyme.org/antonyme/rural,rural
http://www.antonyme.org/antonyme/rurale,rurale
http://www.antonyme.org/antonyme/rurales,rurales
http://www.antonyme.org/antonyme/ruraux,ruraux
http://www.antonyme.org/antonyme/ruse,ruse
http://www.antonyme.org/antonyme/rus%C3%A9,rusé
http://www.antonyme.org/antonyme/rus%C3%A9e,rusée
http://www.antonyme.org/antonyme/ruser,ruser
http://www.antonyme.org/antonyme/rustaud,rustaud
http://www.antonyme.org/antonyme/rustaude,rustaude
http://www.antonyme.org/antonyme/rusticit%C3%A9,rusticité
http://www.antonyme.org/antonyme/rustique,rustique
http://www.antonyme.org/antonyme/rustre,rustre
http://www.antonyme.org/antonyme/rutilant,rutilant
http://www.antonyme.org/antonyme/rutilante,rutilante
http://www.antonyme.org/antonyme/rutiler,rutiler
http://www.antonyme.org/antonyme/rythme,rythme
http://www.antonyme.org/antonyme/rythm%C3%A9,rythmé
http://www.antonyme.org/antonyme/rythm%C3%A9e,rythmée
http://www.antonyme.org/antonyme/rythmer,rythmer
http://www.antonyme.org/antonyme/rythmes,rythmes
http://www.antonyme.org/antonyme/rythm%C3%A9s,rythmés
http://www.antonyme.org/antonyme/timide,Timide
http://www.antonyme.org/antonyme/confirmer,Confirmer
http://www.antonyme.org/antonyme/misogyne,Misogyne
http://www.antonyme.org/antonyme/modeste,Modeste
http://www.antonyme.org/antonyme/tardif,Tardif
http://www.antonyme.org/antonyme/liberté,Liberté
http://www.antonyme.org/antonyme/sérieux,Sérieux
http://www.antonyme.org/antonyme/atout,Atout
http://www.antonyme.org/antonyme/confiance,Confiance
http://www.antonyme.org/antonyme/précéder,Précéder
http://www.antonyme.org/antonyme/important,Important
http://www.antonyme.org/antonyme/ponctuel,Ponctuel
http://www.antonyme.org/antonyme/monotone,Monotone
http://www.antonyme.org/antonyme/fiable,Fiable
http://www.antonyme.org/antonyme/original,Original
"http://www.antonyme.org/antonyme/à l'instar","à l instar"
http://www.antonyme.org/antonyme/trouver,Trouver
http://www.antonyme.org/antonyme/amour,Amour
http://www.antonyme.org/antonyme/faire,faire
"http://www.antonyme.org/antonyme/en plus","en plus"
http://www.antonyme.org/antonyme/anglais,anglais
http://www.antonyme.org/antonyme/mettre,mettre
"http://www.antonyme.org/antonyme/en effet","en effet"
http://www.antonyme.org/antonyme/contraire,contraire
http://www.antonyme.org/antonyme/être,être
http://www.antonyme.org/antonyme/avoir,avoir
http://www.antonyme.org/antonyme/problème,problème
http://www.antonyme.org/antonyme/pour,pour
http://www.antonyme.org/antonyme/travail,travail
http://www.antonyme.org/antonyme/créer,créer
http://www.antonyme.org/antonyme/demander,demander
http://www.antonyme.org/antonyme/bien,bien
http://www.antonyme.org/antonyme/important,important
http://www.antonyme.org/antonyme/prendre,prendre
http://www.antonyme.org/antonyme/experience,expérience
http://www.antonyme.org/antonyme/amour,amour
http://www.antonyme.org/antonyme/dire,dire
http://www.antonyme.org/antonyme/trouver,trouver
http://www.antonyme.org/antonyme/augmenter,augmenter
http://www.antonyme.org/antonyme/installer,installer
"http://www.antonyme.org/antonyme/en fait","en fait"
http://www.antonyme.org/antonyme/voir,voir
http://www.antonyme.org/antonyme/aimer,aimer
http://www.antonyme.org/antonyme/temps,temps
http://www.antonyme.org/antonyme/petit,petit
http://www.antonyme.org/antonyme/obtenir,obtenir
http://www.antonyme.org/antonyme/analyse,analyse
http://www.antonyme.org/antonyme/utiliser,utiliser
http://www.antonyme.org/antonyme/savoir,savoir
http://www.antonyme.org/antonyme/montrer,montrer
http://www.antonyme.org/antonyme/développer,développer
http://www.antonyme.org/antonyme/origine,origine
http://www.antonyme.org/antonyme/fin,fin
"http://www.antonyme.org/antonyme/du coup","du coup"
"http://www.antonyme.org/antonyme/en ligne","en ligne"
http://www.antonyme.org/antonyme/changer,changer
http://www.antonyme.org/antonyme/oeuvre,oeuvre
http://www.antonyme.org/antonyme/intéresser,intéresser
http://www.antonyme.org/antonyme/bonne,bonne
http://www.antonyme.org/antonyme/présentation,présentation
http://www.antonyme.org/antonyme/aide,aide
http://www.antonyme.org/antonyme/différent,différent
http://www.antonyme.org/antonyme/vie,vie
http://www.antonyme.org/antonyme/aider,aider
http://www.antonyme.org/antonyme/réaliser,réaliser
http://www.antonyme.org/antonyme/cause,cause
http://www.antonyme.org/antonyme/souhaiter,souhaiter
http://www.antonyme.org/antonyme/belle,belle
http://www.antonyme.org/antonyme/découvrir,découvrir
http://www.antonyme.org/antonyme/intéressant,intéressant
http://www.antonyme.org/antonyme/présenter,présenter
"http://www.antonyme.org/antonyme/suite à","suite à"
http://www.antonyme.org/antonyme/intégrer,intégrer
http://www.antonyme.org/antonyme/grand,grand
http://www.antonyme.org/antonyme/connaître,connaître
http://www.antonyme.org/antonyme/démonter,démonter
http://www.antonyme.org/antonyme/effectuer,effectuer
http://www.antonyme.org/antonyme/beau,beau
http://www.antonyme.org/antonyme/connaissance,connaissance
http://www.antonyme.org/antonyme/emploi,emploi
http://www.antonyme.org/antonyme/recherche,recherche
"http://www.antonyme.org/antonyme/par contre","par contre"
http://www.antonyme.org/antonyme/parler,parler
http://www.antonyme.org/antonyme/explication,explication
http://www.antonyme.org/antonyme/penser,penser
http://www.antonyme.org/antonyme/avec,avec
http://www.antonyme.org/antonyme/triste,triste
http://www.antonyme.org/antonyme/regarder,regarder
http://www.antonyme.org/antonyme/travailler,travailler
http://www.antonyme.org/antonyme/améliorer,améliorer
http://www.antonyme.org/antonyme/tristesse,tristesse
http://www.antonyme.org/antonyme/passer,passer
http://www.antonyme.org/antonyme/création,création
http://www.antonyme.org/antonyme/acquérir,acquérir
"http://www.antonyme.org/antonyme/ainsi que","ainsi que"
http://www.antonyme.org/antonyme/intérêt,intérêt
http://www.antonyme.org/antonyme/passionné,passionné
http://www.antonyme.org/antonyme/peur,peur
http://www.antonyme.org/antonyme/adapter,adapter
http://www.antonyme.org/antonyme/rechercher,rechercher
http://www.antonyme.org/antonyme/passion,passion
http://www.antonyme.org/antonyme/accord,accord
http://www.antonyme.org/antonyme/organisation,organisation
http://www.antonyme.org/antonyme/compétence,compétence
