http://www.antonyme.org/antonyme/saborder,saborder
http://www.antonyme.org/antonyme/sabot,sabot
http://www.antonyme.org/antonyme/saboter,saboter
http://www.antonyme.org/antonyme/sabrer,sabrer
http://www.antonyme.org/antonyme/saccade,saccade
http://www.antonyme.org/antonyme/saccad%C3%A9,saccadé
http://www.antonyme.org/antonyme/saccager,saccager
http://www.antonyme.org/antonyme/sachant,sachant
http://www.antonyme.org/antonyme/sache,sache
http://www.antonyme.org/antonyme/sachem,sachem
http://www.antonyme.org/antonyme/sacquer,sacquer
http://www.antonyme.org/antonyme/sacre,sacre
http://www.antonyme.org/antonyme/sacr%C3%A9,sacré
http://www.antonyme.org/antonyme/sacr%C3%A9e,sacrée
http://www.antonyme.org/antonyme/sacrement,sacrement
http://www.antonyme.org/antonyme/sacr%C3%A9ment,sacrément
http://www.antonyme.org/antonyme/sacrifice,sacrifice
http://www.antonyme.org/antonyme/sacrifices,sacrifices
http://www.antonyme.org/antonyme/sacrifier,sacrifier
http://www.antonyme.org/antonyme/sacril%C3%A8ge,sacrilège
http://www.antonyme.org/antonyme/sacripant,sacripant
http://www.antonyme.org/antonyme/sacristain,sacristain
http://www.antonyme.org/antonyme/sacro-saint,sacro-saint
http://www.antonyme.org/antonyme/sadique,sadique
http://www.antonyme.org/antonyme/sadisme,sadisme
http://www.antonyme.org/antonyme/sagace,sagace
http://www.antonyme.org/antonyme/sagacit%C3%A9,sagacité
http://www.antonyme.org/antonyme/sage,sage
http://www.antonyme.org/antonyme/sagement,sagement
http://www.antonyme.org/antonyme/sages,sages
http://www.antonyme.org/antonyme/sagesse,sagesse
http://www.antonyme.org/antonyme/sagittaire,sagittaire
http://www.antonyme.org/antonyme/saignement,saignement
http://www.antonyme.org/antonyme/saillant,saillant
http://www.antonyme.org/antonyme/saillie,saillie
http://www.antonyme.org/antonyme/saillir,saillir
http://www.antonyme.org/antonyme/sain,sain
http://www.antonyme.org/antonyme/saine,saine
http://www.antonyme.org/antonyme/sainement,sainement
http://www.antonyme.org/antonyme/saint,saint
http://www.antonyme.org/antonyme/saint+patron,"saint patron"
http://www.antonyme.org/antonyme/sainte,sainte
http://www.antonyme.org/antonyme/saintet%C3%A9,sainteté
http://www.antonyme.org/antonyme/saints,saints
http://www.antonyme.org/antonyme/sais,sais
http://www.antonyme.org/antonyme/saisie,saisie
http://www.antonyme.org/antonyme/saisies,saisies
http://www.antonyme.org/antonyme/saisir,saisir
http://www.antonyme.org/antonyme/saisissable,saisissable
http://www.antonyme.org/antonyme/saisissant,saisissant
http://www.antonyme.org/antonyme/saisissante,saisissante
http://www.antonyme.org/antonyme/saisissement,saisissement
http://www.antonyme.org/antonyme/saisit,saisit
http://www.antonyme.org/antonyme/saisonnier,saisonnier
http://www.antonyme.org/antonyme/saisonni%C3%A8res,saisonnières
http://www.antonyme.org/antonyme/sait,sait
http://www.antonyme.org/antonyme/salacit%C3%A9,salacité
http://www.antonyme.org/antonyme/salades,salades
http://www.antonyme.org/antonyme/salari%C3%A9,salarié
http://www.antonyme.org/antonyme/salari%C3%A9s,salariés
http://www.antonyme.org/antonyme/sale,sale
http://www.antonyme.org/antonyme/sal%C3%A9,salé
http://www.antonyme.org/antonyme/sal%C3%A9e,salée
http://www.antonyme.org/antonyme/salement,salement
http://www.antonyme.org/antonyme/sales,sales
http://www.antonyme.org/antonyme/salet%C3%A9,saleté
http://www.antonyme.org/antonyme/salir,salir
http://www.antonyme.org/antonyme/salissure,salissure
http://www.antonyme.org/antonyme/salles,salles
http://www.antonyme.org/antonyme/saltimbanque,saltimbanque
http://www.antonyme.org/antonyme/salubre,salubre
http://www.antonyme.org/antonyme/salubrit%C3%A9,salubrité
http://www.antonyme.org/antonyme/salut,salut
http://www.antonyme.org/antonyme/salutaire,salutaire
http://www.antonyme.org/antonyme/salutairement,salutairement
http://www.antonyme.org/antonyme/sanctification,sanctification
http://www.antonyme.org/antonyme/sanctifier,sanctifier
http://www.antonyme.org/antonyme/sanction,sanction
http://www.antonyme.org/antonyme/sanctionner,sanctionner
http://www.antonyme.org/antonyme/sanctions,sanctions
http://www.antonyme.org/antonyme/sandwicher,sandwicher
http://www.antonyme.org/antonyme/sang,sang
http://www.antonyme.org/antonyme/sang-froid,sang-froid
http://www.antonyme.org/antonyme/sanglant,sanglant
http://www.antonyme.org/antonyme/sanglants,sanglants
http://www.antonyme.org/antonyme/sanglots,sanglots
http://www.antonyme.org/antonyme/sanguin,sanguin
http://www.antonyme.org/antonyme/sanguinaire,sanguinaire
http://www.antonyme.org/antonyme/sans,sans
http://www.antonyme.org/antonyme/sans-fa%C3%A7on,sans-façon
http://www.antonyme.org/antonyme/sans-g%C3%AAne,sans-gêne
http://www.antonyme.org/antonyme/sans-grade,sans-grade
http://www.antonyme.org/antonyme/sans-souci,sans-souci
http://www.antonyme.org/antonyme/sant%C3%A9,santé
http://www.antonyme.org/antonyme/santon,santon
http://www.antonyme.org/antonyme/saoul%C3%A9,saoulé
http://www.antonyme.org/antonyme/saper,saper
http://www.antonyme.org/antonyme/sapes,sapes
http://www.antonyme.org/antonyme/sapide,sapide
http://www.antonyme.org/antonyme/sapidit%C3%A9,sapidité
http://www.antonyme.org/antonyme/sapin,sapin
http://www.antonyme.org/antonyme/sarcasme,sarcasme
http://www.antonyme.org/antonyme/sarcastique,sarcastique
http://www.antonyme.org/antonyme/sarcastiquement,sarcastiquement
http://www.antonyme.org/antonyme/sarcler,sarcler
http://www.antonyme.org/antonyme/sardonique,sardonique
http://www.antonyme.org/antonyme/sardoniquement,sardoniquement
http://www.antonyme.org/antonyme/sarment,sarment
http://www.antonyme.org/antonyme/sasser,sasser
http://www.antonyme.org/antonyme/satanique,satanique
http://www.antonyme.org/antonyme/sataniquement,sataniquement
http://www.antonyme.org/antonyme/sataniques,sataniques
http://www.antonyme.org/antonyme/satellite,satellite
http://www.antonyme.org/antonyme/satellites,satellites
http://www.antonyme.org/antonyme/sati%C3%A9t%C3%A9,satiété
http://www.antonyme.org/antonyme/satin%C3%A9,satiné
http://www.antonyme.org/antonyme/satin%C3%A9e,satinée
http://www.antonyme.org/antonyme/satire,satire
http://www.antonyme.org/antonyme/satirique,satirique
http://www.antonyme.org/antonyme/satiriquement,satiriquement
http://www.antonyme.org/antonyme/satisfaction,satisfaction
http://www.antonyme.org/antonyme/satisfaire,satisfaire
http://www.antonyme.org/antonyme/satisfaisant,satisfaisant
http://www.antonyme.org/antonyme/satisfaisante,satisfaisante
http://www.antonyme.org/antonyme/satisfait,satisfait
http://www.antonyme.org/antonyme/satisfaite,satisfaite
http://www.antonyme.org/antonyme/satisfaites,satisfaites
http://www.antonyme.org/antonyme/satisfaits,satisfaits
http://www.antonyme.org/antonyme/satisfecit,satisfecit
http://www.antonyme.org/antonyme/satisfont,satisfont
http://www.antonyme.org/antonyme/satrape,satrape
http://www.antonyme.org/antonyme/saturation,saturation
http://www.antonyme.org/antonyme/satur%C3%A9,saturé
http://www.antonyme.org/antonyme/saturer,saturer
http://www.antonyme.org/antonyme/saturnien,saturnien
http://www.antonyme.org/antonyme/saturniennes,saturniennes
http://www.antonyme.org/antonyme/sauce,sauce
http://www.antonyme.org/antonyme/saucissonner,saucissonner
http://www.antonyme.org/antonyme/sauf,sauf
http://www.antonyme.org/antonyme/saugrenu,saugrenu
http://www.antonyme.org/antonyme/saum%C3%A2tre,saumâtre
http://www.antonyme.org/antonyme/saupoudrer,saupoudrer
http://www.antonyme.org/antonyme/sauraient,sauraient
http://www.antonyme.org/antonyme/saurait,saurait
http://www.antonyme.org/antonyme/sauront,sauront
http://www.antonyme.org/antonyme/saut%C3%A9,sauté
http://www.antonyme.org/antonyme/sauter,sauter
http://www.antonyme.org/antonyme/sauteur,sauteur
http://www.antonyme.org/antonyme/sauteuse,sauteuse
http://www.antonyme.org/antonyme/sauteuses,sauteuses
http://www.antonyme.org/antonyme/sautillant,sautillant
http://www.antonyme.org/antonyme/sauvage,sauvage
http://www.antonyme.org/antonyme/sauvagerie,sauvagerie
http://www.antonyme.org/antonyme/sauvages,sauvages
http://www.antonyme.org/antonyme/sauve-qui-peut,sauve-qui-peut
http://www.antonyme.org/antonyme/sauvegarder,sauvegarder
http://www.antonyme.org/antonyme/sauver,sauver
http://www.antonyme.org/antonyme/sauver+sa+peau,"sauver sa peau"
http://www.antonyme.org/antonyme/sauv%C3%A9s,sauvés
http://www.antonyme.org/antonyme/sauvetage,sauvetage
http://www.antonyme.org/antonyme/sauveur,sauveur
http://www.antonyme.org/antonyme/savaient,savaient
http://www.antonyme.org/antonyme/savais,savais
http://www.antonyme.org/antonyme/savait,savait
http://www.antonyme.org/antonyme/savamment,savamment
http://www.antonyme.org/antonyme/savant,savant
http://www.antonyme.org/antonyme/savante,savante
http://www.antonyme.org/antonyme/savantes,savantes
http://www.antonyme.org/antonyme/savants,savants
http://www.antonyme.org/antonyme/savent,savent
http://www.antonyme.org/antonyme/saveur,saveur
http://www.antonyme.org/antonyme/savez,savez
http://www.antonyme.org/antonyme/savoir,savoir
http://www.antonyme.org/antonyme/savoir-faire,savoir-faire
http://www.antonyme.org/antonyme/savoir-vivre,savoir-vivre
http://www.antonyme.org/antonyme/savoirs,savoirs
http://www.antonyme.org/antonyme/savonnage,savonnage
http://www.antonyme.org/antonyme/savonner,savonner
http://www.antonyme.org/antonyme/savons,savons
http://www.antonyme.org/antonyme/savoureuse,savoureuse
http://www.antonyme.org/antonyme/savoureusement,savoureusement
http://www.antonyme.org/antonyme/savoureux,savoureux
http://www.antonyme.org/antonyme/scabreuse,scabreuse
http://www.antonyme.org/antonyme/scabreux,scabreux
http://www.antonyme.org/antonyme/scandale,scandale
http://www.antonyme.org/antonyme/scandales,scandales
http://www.antonyme.org/antonyme/scandaleuse,scandaleuse
http://www.antonyme.org/antonyme/scandaleux,scandaleux
http://www.antonyme.org/antonyme/scandalis%C3%A9,scandalisé
http://www.antonyme.org/antonyme/scandaliser,scandaliser
http://www.antonyme.org/antonyme/scander,scander
http://www.antonyme.org/antonyme/sc%C3%A9l%C3%A9rat,scélérat
http://www.antonyme.org/antonyme/sc%C3%A9l%C3%A9rate,scélérate
http://www.antonyme.org/antonyme/scell%C3%A9,scellé
http://www.antonyme.org/antonyme/scellement,scellement
http://www.antonyme.org/antonyme/sc%C3%A8ne+de+th%C3%A9%C3%A2tre,"scène de théâtre"
http://www.antonyme.org/antonyme/scepticisme,scepticisme
http://www.antonyme.org/antonyme/sceptique,sceptique
http://www.antonyme.org/antonyme/sceptiques,sceptiques
http://www.antonyme.org/antonyme/sch%C3%A9ma,schéma
http://www.antonyme.org/antonyme/sch%C3%A9matique,schématique
http://www.antonyme.org/antonyme/sch%C3%A9matiquement,schématiquement
http://www.antonyme.org/antonyme/sch%C3%A9matiser,schématiser
http://www.antonyme.org/antonyme/schismatique,schismatique
http://www.antonyme.org/antonyme/schisme,schisme
http://www.antonyme.org/antonyme/sciant,sciant
http://www.antonyme.org/antonyme/sciemment,sciemment
http://www.antonyme.org/antonyme/science,science
http://www.antonyme.org/antonyme/scientifique,scientifique
http://www.antonyme.org/antonyme/scientifiques,scientifiques
http://www.antonyme.org/antonyme/scier,scier
http://www.antonyme.org/antonyme/scind%C3%A9,scindé
http://www.antonyme.org/antonyme/scinder,scinder
http://www.antonyme.org/antonyme/scintillant,scintillant
http://www.antonyme.org/antonyme/scintiller,scintiller
http://www.antonyme.org/antonyme/scission,scission
http://www.antonyme.org/antonyme/scl%C3%A9rose,sclérose
http://www.antonyme.org/antonyme/scl%C3%A9ros%C3%A9,sclérosé
http://www.antonyme.org/antonyme/scolaire,scolaire
http://www.antonyme.org/antonyme/scolaires,scolaires
http://www.antonyme.org/antonyme/score,score
http://www.antonyme.org/antonyme/scores,scores
http://www.antonyme.org/antonyme/scoumoune,scoumoune
http://www.antonyme.org/antonyme/scrupule,scrupule
http://www.antonyme.org/antonyme/scrupuleuse,scrupuleuse
http://www.antonyme.org/antonyme/scrupuleusement,scrupuleusement
http://www.antonyme.org/antonyme/scrupuleux,scrupuleux
http://www.antonyme.org/antonyme/scruter,scruter
http://www.antonyme.org/antonyme/scrutins,scrutins
http://www.antonyme.org/antonyme/sdf,sdf
http://www.antonyme.org/antonyme/se+coaliser,"se coaliser"
http://www.antonyme.org/antonyme/se+complaire,"se complaire"
http://www.antonyme.org/antonyme/se+d%C3%A9barrasser,"se débarrasser"
http://www.antonyme.org/antonyme/se+d%C3%A9couvrir,"se découvrir"
http://www.antonyme.org/antonyme/se+d%C3%A9faire,"se défaire"
http://www.antonyme.org/antonyme/se+d%C3%A9fier,"se défier"
http://www.antonyme.org/antonyme/se+d%C3%A9gager,"se dégager"
http://www.antonyme.org/antonyme/se+d%C3%A9rober,"se dérober"
http://www.antonyme.org/antonyme/se+dessiner,"se dessiner"
http://www.antonyme.org/antonyme/se+d%C3%A9tacher,"se détacher"
http://www.antonyme.org/antonyme/se+d%C3%A9terminer,"se déterminer"
http://www.antonyme.org/antonyme/se+d%C3%A9velopper,"se développer"
http://www.antonyme.org/antonyme/se+diff%C3%A9rencier,"se différencier"
http://www.antonyme.org/antonyme/se+disputer,"se disputer"
http://www.antonyme.org/antonyme/se+distraire,"se distraire"
http://www.antonyme.org/antonyme/se+faner,"se faner"
http://www.antonyme.org/antonyme/se+f%C3%A9liciter,"se féliciter"
http://www.antonyme.org/antonyme/se+fier,"se fier"
http://www.antonyme.org/antonyme/se+figer,"se figer"
http://www.antonyme.org/antonyme/se+g%C3%A2ter,"se gâter"
http://www.antonyme.org/antonyme/se+glorifier,"se glorifier"
http://www.antonyme.org/antonyme/se+lever,"se lever"
http://www.antonyme.org/antonyme/se+livrer,"se livrer"
http://www.antonyme.org/antonyme/se+manifester,"se manifester"
http://www.antonyme.org/antonyme/se+m%C3%A9fier,"se méfier"
http://www.antonyme.org/antonyme/se+m%C3%AAler,"se mêler"
http://www.antonyme.org/antonyme/se+montrer,"se montrer"
http://www.antonyme.org/antonyme/se+moquer,"se moquer"
http://www.antonyme.org/antonyme/se+prendre,"se prendre"
http://www.antonyme.org/antonyme/se+pr%C3%A9occuper,"se préoccuper"
http://www.antonyme.org/antonyme/se+rapprocher,"se rapprocher"
http://www.antonyme.org/antonyme/se+r%C3%A9jouir,"se réjouir"
http://www.antonyme.org/antonyme/se+rendre,"se rendre"
http://www.antonyme.org/antonyme/se+r%C3%A9pandre,"se répandre"
http://www.antonyme.org/antonyme/se+replier,"se replier"
http://www.antonyme.org/antonyme/se+reprocher,"se reprocher"
http://www.antonyme.org/antonyme/se+ternir,"se ternir"
http://www.antonyme.org/antonyme/se+vanter,"se vanter"
http://www.antonyme.org/antonyme/s%C3%A9ance,séance
http://www.antonyme.org/antonyme/s%C3%A9ances,séances
http://www.antonyme.org/antonyme/s%C3%A9ant,séant
http://www.antonyme.org/antonyme/sec,sec
http://www.antonyme.org/antonyme/s%C3%A9cable,sécable
http://www.antonyme.org/antonyme/s%C3%A9cession,sécession
http://www.antonyme.org/antonyme/s%C3%A9ch%C3%A9,séché
http://www.antonyme.org/antonyme/s%C3%A8che,sèche
http://www.antonyme.org/antonyme/s%C3%A8chement,sèchement
http://www.antonyme.org/antonyme/s%C3%A9cher,sécher
http://www.antonyme.org/antonyme/s%C3%A9cheresse,sécheresse
http://www.antonyme.org/antonyme/s%C3%A8ches,sèches
http://www.antonyme.org/antonyme/second,second
http://www.antonyme.org/antonyme/secondaire,secondaire
http://www.antonyme.org/antonyme/secondairement,secondairement
http://www.antonyme.org/antonyme/secondaires,secondaires
http://www.antonyme.org/antonyme/seconde,seconde
http://www.antonyme.org/antonyme/second%C3%A9,secondé
http://www.antonyme.org/antonyme/secondes,secondes
http://www.antonyme.org/antonyme/seconds,seconds
http://www.antonyme.org/antonyme/secouer,secouer
http://www.antonyme.org/antonyme/secours,secours
http://www.antonyme.org/antonyme/secousse,secousse
http://www.antonyme.org/antonyme/secousses,secousses
http://www.antonyme.org/antonyme/secret,secret
http://www.antonyme.org/antonyme/secr%C3%A9taire,secrétaire
http://www.antonyme.org/antonyme/secr%C3%A9taires,secrétaires
http://www.antonyme.org/antonyme/secr%C3%A8te,secrète
http://www.antonyme.org/antonyme/secr%C3%A8tement,secrètement
http://www.antonyme.org/antonyme/secr%C3%A8tes,secrètes
http://www.antonyme.org/antonyme/secrets,secrets
http://www.antonyme.org/antonyme/secs,secs
http://www.antonyme.org/antonyme/sectaire,sectaire
http://www.antonyme.org/antonyme/sectarisme,sectarisme
http://www.antonyme.org/antonyme/sectateur,sectateur
http://www.antonyme.org/antonyme/sectatrice,sectatrice
http://www.antonyme.org/antonyme/sectionner,sectionner
http://www.antonyme.org/antonyme/sectoriel,sectoriel
http://www.antonyme.org/antonyme/sectorielle,sectorielle
http://www.antonyme.org/antonyme/s%C3%A9culaire,séculaire
http://www.antonyme.org/antonyme/s%C3%A9culier,séculier
http://www.antonyme.org/antonyme/s%C3%A9culi%C3%A8re,séculière
http://www.antonyme.org/antonyme/s%C3%A9curisant,sécurisant
http://www.antonyme.org/antonyme/s%C3%A9curit%C3%A9,sécurité
http://www.antonyme.org/antonyme/s%C3%A9datif,sédatif
http://www.antonyme.org/antonyme/s%C3%A9dentaire,sédentaire
http://www.antonyme.org/antonyme/s%C3%A9dentarisation,sédentarisation
http://www.antonyme.org/antonyme/s%C3%A9diment,sédiment
http://www.antonyme.org/antonyme/s%C3%A9ditieux,séditieux
http://www.antonyme.org/antonyme/s%C3%A9ducteur,séducteur
http://www.antonyme.org/antonyme/s%C3%A9duction,séduction
http://www.antonyme.org/antonyme/s%C3%A9duire,séduire
http://www.antonyme.org/antonyme/s%C3%A9duisant,séduisant
http://www.antonyme.org/antonyme/s%C3%A9duisante,séduisante
http://www.antonyme.org/antonyme/s%C3%A9duit,séduit
http://www.antonyme.org/antonyme/segment,segment
http://www.antonyme.org/antonyme/segmenter,segmenter
http://www.antonyme.org/antonyme/s%C3%A9gr%C3%A9gation,ségrégation
http://www.antonyme.org/antonyme/s%C3%A9gr%C3%A9gationniste,ségrégationniste
http://www.antonyme.org/antonyme/s%C3%A9ide,séide
http://www.antonyme.org/antonyme/seigneur,seigneur
http://www.antonyme.org/antonyme/seigneuriaux,seigneuriaux
http://www.antonyme.org/antonyme/seigneurie,seigneurie
http://www.antonyme.org/antonyme/seigneurs,seigneurs
http://www.antonyme.org/antonyme/s%C3%A9isme,séisme
http://www.antonyme.org/antonyme/s%C3%A9jours,séjours
http://www.antonyme.org/antonyme/s%C3%A9lect,sélect
http://www.antonyme.org/antonyme/s%C3%A9lection,sélection
http://www.antonyme.org/antonyme/s%C3%A9lectionner,sélectionner
http://www.antonyme.org/antonyme/self-government,self-government
http://www.antonyme.org/antonyme/selon,selon
http://www.antonyme.org/antonyme/s%C3%A9mantique,sémantique
http://www.antonyme.org/antonyme/semblable,semblable
http://www.antonyme.org/antonyme/semblablement,semblablement
http://www.antonyme.org/antonyme/semblables,semblables
http://www.antonyme.org/antonyme/sembler,sembler
http://www.antonyme.org/antonyme/sem%C3%A9,semé
http://www.antonyme.org/antonyme/semer,semer
http://www.antonyme.org/antonyme/s%C3%A9millant,sémillant
http://www.antonyme.org/antonyme/s%C3%A9minaire,séminaire
http://www.antonyme.org/antonyme/semonce,semonce
http://www.antonyme.org/antonyme/semoncer,semoncer
http://www.antonyme.org/antonyme/semonc%C3%A9s,semoncés
http://www.antonyme.org/antonyme/s%C3%A9nescence,sénescence
http://www.antonyme.org/antonyme/senestre,senestre
http://www.antonyme.org/antonyme/s%C3%A9nile,sénile
http://www.antonyme.org/antonyme/s%C3%A9nilit%C3%A9,sénilité
http://www.antonyme.org/antonyme/sens,sens
http://www.antonyme.org/antonyme/sens+unique,"sens unique"
http://www.antonyme.org/antonyme/sensationnel,sensationnel
http://www.antonyme.org/antonyme/sens%C3%A9,sensé
http://www.antonyme.org/antonyme/sensibilisation,sensibilisation
http://www.antonyme.org/antonyme/sensibiliser,sensibiliser
http://www.antonyme.org/antonyme/sensibilit%C3%A9,sensibilité
http://www.antonyme.org/antonyme/sensibilit%C3%A9s,sensibilités
http://www.antonyme.org/antonyme/sensible,sensible
http://www.antonyme.org/antonyme/sensiblement,sensiblement
http://www.antonyme.org/antonyme/sensibles,sensibles
http://www.antonyme.org/antonyme/sensitif,sensitif
http://www.antonyme.org/antonyme/sensualit%C3%A9,sensualité
http://www.antonyme.org/antonyme/sensuel,sensuel
http://www.antonyme.org/antonyme/sensuelle,sensuelle
http://www.antonyme.org/antonyme/sensuellement,sensuellement
http://www.antonyme.org/antonyme/sente,sente
http://www.antonyme.org/antonyme/sentence,sentence
http://www.antonyme.org/antonyme/sentences,sentences
http://www.antonyme.org/antonyme/sentencieusement,sentencieusement
http://www.antonyme.org/antonyme/senti,senti
http://www.antonyme.org/antonyme/sentier,sentier
http://www.antonyme.org/antonyme/sentiment,sentiment
http://www.antonyme.org/antonyme/sentimental,sentimental
http://www.antonyme.org/antonyme/sentimentale,sentimentale
http://www.antonyme.org/antonyme/sentiments,sentiments
http://www.antonyme.org/antonyme/sentir,sentir
http://www.antonyme.org/antonyme/s%C3%A9parable,séparable
http://www.antonyme.org/antonyme/s%C3%A9parant,séparant
http://www.antonyme.org/antonyme/s%C3%A9paration,séparation
http://www.antonyme.org/antonyme/s%C3%A9paratisme,séparatisme
http://www.antonyme.org/antonyme/s%C3%A9pare,sépare
http://www.antonyme.org/antonyme/s%C3%A9par%C3%A9,séparé
http://www.antonyme.org/antonyme/s%C3%A9par%C3%A9e,séparée
http://www.antonyme.org/antonyme/s%C3%A9par%C3%A9es,séparées
http://www.antonyme.org/antonyme/s%C3%A9par%C3%A9ment,séparément
http://www.antonyme.org/antonyme/s%C3%A9parent,séparent
http://www.antonyme.org/antonyme/s%C3%A9parer,séparer
http://www.antonyme.org/antonyme/s%C3%A9par%C3%A9s,séparés
http://www.antonyme.org/antonyme/septentrional,septentrional
http://www.antonyme.org/antonyme/septique,septique
http://www.antonyme.org/antonyme/s%C3%A9pulcral,sépulcral
http://www.antonyme.org/antonyme/s%C3%A9pulcraux,sépulcraux
http://www.antonyme.org/antonyme/s%C3%A9quelles,séquelles
http://www.antonyme.org/antonyme/s%C3%A9questration,séquestration
http://www.antonyme.org/antonyme/s%C3%A9questre,séquestre
http://www.antonyme.org/antonyme/s%C3%A9questr%C3%A9,séquestré
http://www.antonyme.org/antonyme/s%C3%A9questrer,séquestrer
http://www.antonyme.org/antonyme/sera,sera
http://www.antonyme.org/antonyme/serai,serai
http://www.antonyme.org/antonyme/seraient,seraient
http://www.antonyme.org/antonyme/serais,serais
http://www.antonyme.org/antonyme/serait,serait
http://www.antonyme.org/antonyme/s%C3%A9raphique,séraphique
http://www.antonyme.org/antonyme/serein,serein
http://www.antonyme.org/antonyme/sereine,sereine
http://www.antonyme.org/antonyme/sereinement,sereinement
http://www.antonyme.org/antonyme/s%C3%A9r%C3%A9nit%C3%A9,sérénité
http://www.antonyme.org/antonyme/serf,serf
http://www.antonyme.org/antonyme/s%C3%A9rie,série
http://www.antonyme.org/antonyme/s%C3%A9ries,séries
http://www.antonyme.org/antonyme/s%C3%A9rieuse,sérieuse
http://www.antonyme.org/antonyme/s%C3%A9rieusement,sérieusement
http://www.antonyme.org/antonyme/s%C3%A9rieuses,sérieuses
http://www.antonyme.org/antonyme/s%C3%A9rieux,sérieux
http://www.antonyme.org/antonyme/serions,serions
http://www.antonyme.org/antonyme/serment,serment
http://www.antonyme.org/antonyme/sermonner,sermonner
http://www.antonyme.org/antonyme/sermonneur,sermonneur
http://www.antonyme.org/antonyme/sermonneuse,sermonneuse
http://www.antonyme.org/antonyme/serons,serons
http://www.antonyme.org/antonyme/seront,seront
http://www.antonyme.org/antonyme/serpentin,serpentin
http://www.antonyme.org/antonyme/serre,serre
http://www.antonyme.org/antonyme/serr%C3%A9,serré
http://www.antonyme.org/antonyme/serr%C3%A9e,serrée
http://www.antonyme.org/antonyme/serrer,serrer
http://www.antonyme.org/antonyme/serres,serres
http://www.antonyme.org/antonyme/serr%C3%A9s,serrés
http://www.antonyme.org/antonyme/sert,sert
http://www.antonyme.org/antonyme/sertir,sertir
http://www.antonyme.org/antonyme/servage,servage
http://www.antonyme.org/antonyme/servait,servait
http://www.antonyme.org/antonyme/serve,serve
http://www.antonyme.org/antonyme/servent,servent
http://www.antonyme.org/antonyme/serviabilit%C3%A9,serviabilité
http://www.antonyme.org/antonyme/serviable,serviable
http://www.antonyme.org/antonyme/service,service
http://www.antonyme.org/antonyme/servile,servile
http://www.antonyme.org/antonyme/servilit%C3%A9,servilité
http://www.antonyme.org/antonyme/servir,servir
http://www.antonyme.org/antonyme/servir+de,"servir de"
http://www.antonyme.org/antonyme/servir+pour,"servir pour"
http://www.antonyme.org/antonyme/servira,servira
http://www.antonyme.org/antonyme/serviront,serviront
http://www.antonyme.org/antonyme/serviteur,serviteur
http://www.antonyme.org/antonyme/servitude,servitude
http://www.antonyme.org/antonyme/set,set
http://www.antonyme.org/antonyme/seuil,seuil
http://www.antonyme.org/antonyme/seuils,seuils
http://www.antonyme.org/antonyme/seul,seul
http://www.antonyme.org/antonyme/seulement,seulement
http://www.antonyme.org/antonyme/seules,seules
http://www.antonyme.org/antonyme/seulet,seulet
http://www.antonyme.org/antonyme/seuls,seuls
http://www.antonyme.org/antonyme/s%C3%A8ve,sève
http://www.antonyme.org/antonyme/s%C3%A9v%C3%A8re,sévère
http://www.antonyme.org/antonyme/s%C3%A9v%C3%A8rement,sévèrement
http://www.antonyme.org/antonyme/s%C3%A9v%C3%A8res,sévères
http://www.antonyme.org/antonyme/s%C3%A9v%C3%A9rit%C3%A9,sévérité
http://www.antonyme.org/antonyme/sevrage,sevrage
http://www.antonyme.org/antonyme/sevrer,sevrer
http://www.antonyme.org/antonyme/sexualit%C3%A9,sexualité
http://www.antonyme.org/antonyme/sexuelle,sexuelle
http://www.antonyme.org/antonyme/sexuelles,sexuelles
http://www.antonyme.org/antonyme/seyant,seyant
http://www.antonyme.org/antonyme/shocking,shocking
http://www.antonyme.org/antonyme/shooter,shooter
http://www.antonyme.org/antonyme/si,si
http://www.antonyme.org/antonyme/sialorrh%C3%A9e,sialorrhée
http://www.antonyme.org/antonyme/sibyllin,sibyllin
http://www.antonyme.org/antonyme/sibylline,sibylline
http://www.antonyme.org/antonyme/siccit%C3%A9,siccité
http://www.antonyme.org/antonyme/sid%C3%A9rante,sidérante
http://www.antonyme.org/antonyme/sid%C3%A9rer,sidérer
http://www.antonyme.org/antonyme/sieste,sieste
http://www.antonyme.org/antonyme/siestes,siestes
http://www.antonyme.org/antonyme/sieur,sieur
http://www.antonyme.org/antonyme/sifflet,sifflet
http://www.antonyme.org/antonyme/sifflets,sifflets
http://www.antonyme.org/antonyme/siffleur,siffleur
http://www.antonyme.org/antonyme/signalent,signalent
http://www.antonyme.org/antonyme/signaler,signaler
http://www.antonyme.org/antonyme/signaliser,signaliser
http://www.antonyme.org/antonyme/signalons,signalons
http://www.antonyme.org/antonyme/signifiait,signifiait
http://www.antonyme.org/antonyme/significatif,significatif
http://www.antonyme.org/antonyme/significatifs,significatifs
http://www.antonyme.org/antonyme/significative,significative
http://www.antonyme.org/antonyme/significatives,significatives
http://www.antonyme.org/antonyme/signifier,signifier
http://www.antonyme.org/antonyme/silence,silence
http://www.antonyme.org/antonyme/silences,silences
http://www.antonyme.org/antonyme/silencieuse,silencieuse
http://www.antonyme.org/antonyme/silencieusement,silencieusement
http://www.antonyme.org/antonyme/silencieux,silencieux
http://www.antonyme.org/antonyme/silhouette,silhouette
http://www.antonyme.org/antonyme/silhouettes,silhouettes
http://www.antonyme.org/antonyme/simagr%C3%A9e,simagrée
http://www.antonyme.org/antonyme/similaire,similaire
http://www.antonyme.org/antonyme/similaires,similaires
http://www.antonyme.org/antonyme/similarit%C3%A9,similarité
http://www.antonyme.org/antonyme/similitude,similitude
http://www.antonyme.org/antonyme/similitudes,similitudes
http://www.antonyme.org/antonyme/simple,simple
http://www.antonyme.org/antonyme/simplement,simplement
http://www.antonyme.org/antonyme/simples,simples
http://www.antonyme.org/antonyme/simplet,simplet
http://www.antonyme.org/antonyme/simplicit%C3%A9,simplicité
http://www.antonyme.org/antonyme/simplification,simplification
http://www.antonyme.org/antonyme/simplifier,simplifier
http://www.antonyme.org/antonyme/simulacre,simulacre
http://www.antonyme.org/antonyme/simulation,simulation
http://www.antonyme.org/antonyme/simul%C3%A9,simulé
http://www.antonyme.org/antonyme/simultan%C3%A9,simultané
http://www.antonyme.org/antonyme/simultan%C3%A9e,simultanée
http://www.antonyme.org/antonyme/simultan%C3%A9it%C3%A9,simultanéité
http://www.antonyme.org/antonyme/simultan%C3%A9ment,simultanément
http://www.antonyme.org/antonyme/sinc%C3%A8re,sincère
http://www.antonyme.org/antonyme/sinc%C3%A8rement,sincèrement
http://www.antonyme.org/antonyme/sinc%C3%A8res,sincères
http://www.antonyme.org/antonyme/sinc%C3%A9rit%C3%A9,sincérité
http://www.antonyme.org/antonyme/sin%C3%A9cure,sinécure
http://www.antonyme.org/antonyme/singe,singe
http://www.antonyme.org/antonyme/singer,singer
http://www.antonyme.org/antonyme/singes,singes
http://www.antonyme.org/antonyme/singulariser,singulariser
http://www.antonyme.org/antonyme/singularit%C3%A9,singularité
http://www.antonyme.org/antonyme/singulier,singulier
http://www.antonyme.org/antonyme/singuli%C3%A8re,singulière
http://www.antonyme.org/antonyme/singuli%C3%A8rement,singulièrement
http://www.antonyme.org/antonyme/singuliers,singuliers
http://www.antonyme.org/antonyme/sinistre,sinistre
http://www.antonyme.org/antonyme/sinistr%C3%A9,sinistré
http://www.antonyme.org/antonyme/sinistr%C3%A9s,sinistrés
http://www.antonyme.org/antonyme/sinistrose,sinistrose
http://www.antonyme.org/antonyme/sinueux,sinueux
http://www.antonyme.org/antonyme/sioux,sioux
http://www.antonyme.org/antonyme/siphonn%C3%A9,siphonné
http://www.antonyme.org/antonyme/sirupeux,sirupeux
http://www.antonyme.org/antonyme/situation,situation
http://www.antonyme.org/antonyme/situations,situations
http://www.antonyme.org/antonyme/situer,situer
http://www.antonyme.org/antonyme/slogan,slogan
http://www.antonyme.org/antonyme/slogans,slogans
http://www.antonyme.org/antonyme/smala,smala
http://www.antonyme.org/antonyme/snob,snob
http://www.antonyme.org/antonyme/snober,snober
http://www.antonyme.org/antonyme/snobisme,snobisme
http://www.antonyme.org/antonyme/sobre,sobre
http://www.antonyme.org/antonyme/sobrement,sobrement
http://www.antonyme.org/antonyme/sobri%C3%A9t%C3%A9,sobriété
http://www.antonyme.org/antonyme/sociabilit%C3%A9,sociabilité
http://www.antonyme.org/antonyme/sociable,sociable
http://www.antonyme.org/antonyme/sociables,sociables
http://www.antonyme.org/antonyme/social,social
http://www.antonyme.org/antonyme/sociale,sociale
http://www.antonyme.org/antonyme/sociales,sociales
http://www.antonyme.org/antonyme/socialiser,socialiser
http://www.antonyme.org/antonyme/socialisme,socialisme
http://www.antonyme.org/antonyme/socialiste,socialiste
http://www.antonyme.org/antonyme/socialistes,socialistes
http://www.antonyme.org/antonyme/socialit%C3%A9,socialité
http://www.antonyme.org/antonyme/sociaux,sociaux
http://www.antonyme.org/antonyme/soci%C3%A9taire,sociétaire
http://www.antonyme.org/antonyme/soci%C3%A9t%C3%A9,société
http://www.antonyme.org/antonyme/soci%C3%A9t%C3%A9s,sociétés
http://www.antonyme.org/antonyme/soi-disant,soi-disant
http://www.antonyme.org/antonyme/soient,soient
http://www.antonyme.org/antonyme/soif,soif
http://www.antonyme.org/antonyme/soign%C3%A9,soigné
http://www.antonyme.org/antonyme/soign%C3%A9e,soignée
http://www.antonyme.org/antonyme/soigner,soigner
http://www.antonyme.org/antonyme/soigneuse,soigneuse
http://www.antonyme.org/antonyme/soigneusement,soigneusement
http://www.antonyme.org/antonyme/soigneux,soigneux
http://www.antonyme.org/antonyme/soin,soin
http://www.antonyme.org/antonyme/soins,soins
http://www.antonyme.org/antonyme/soir,soir
http://www.antonyme.org/antonyme/soir%C3%A9e,soirée
http://www.antonyme.org/antonyme/soir%C3%A9es,soirées
http://www.antonyme.org/antonyme/soirs,soirs
http://www.antonyme.org/antonyme/sol,sol
http://www.antonyme.org/antonyme/soldat,soldat
http://www.antonyme.org/antonyme/solde,solde
http://www.antonyme.org/antonyme/sold%C3%A9,soldé
http://www.antonyme.org/antonyme/soleil,soleil
http://www.antonyme.org/antonyme/solennel,solennel
http://www.antonyme.org/antonyme/solennelle,solennelle
http://www.antonyme.org/antonyme/solennellement,solennellement
http://www.antonyme.org/antonyme/solennit%C3%A9,solennité
http://www.antonyme.org/antonyme/solidaire,solidaire
http://www.antonyme.org/antonyme/solidaires,solidaires
http://www.antonyme.org/antonyme/solidariser,solidariser
http://www.antonyme.org/antonyme/solidarit%C3%A9,solidarité
http://www.antonyme.org/antonyme/solidarit%C3%A9s,solidarités
http://www.antonyme.org/antonyme/solide,solide
http://www.antonyme.org/antonyme/solidement,solidement
http://www.antonyme.org/antonyme/solides,solides
http://www.antonyme.org/antonyme/solidification,solidification
http://www.antonyme.org/antonyme/solidifier,solidifier
http://www.antonyme.org/antonyme/solidit%C3%A9,solidité
http://www.antonyme.org/antonyme/soliloque,soliloque
http://www.antonyme.org/antonyme/soliste,soliste
http://www.antonyme.org/antonyme/solitaire,solitaire
http://www.antonyme.org/antonyme/solitude,solitude
http://www.antonyme.org/antonyme/sollicitation,sollicitation
http://www.antonyme.org/antonyme/sollicit%C3%A9,sollicité
http://www.antonyme.org/antonyme/solliciter,solliciter
http://www.antonyme.org/antonyme/sollicitude,sollicitude
http://www.antonyme.org/antonyme/sols,sols
http://www.antonyme.org/antonyme/solubilit%C3%A9,solubilité
http://www.antonyme.org/antonyme/soluble,soluble
http://www.antonyme.org/antonyme/solution,solution
http://www.antonyme.org/antonyme/solutionner,solutionner
http://www.antonyme.org/antonyme/solutions,solutions
http://www.antonyme.org/antonyme/solvabilit%C3%A9,solvabilité
http://www.antonyme.org/antonyme/solvable,solvable
http://www.antonyme.org/antonyme/somatique,somatique
http://www.antonyme.org/antonyme/somatisation,somatisation
http://www.antonyme.org/antonyme/sombre,sombre
http://www.antonyme.org/antonyme/sombrer,sombrer
http://www.antonyme.org/antonyme/sombres,sombres
http://www.antonyme.org/antonyme/sommable,sommable
http://www.antonyme.org/antonyme/sommaire,sommaire
http://www.antonyme.org/antonyme/sommairement,sommairement
http://www.antonyme.org/antonyme/sommaires,sommaires
http://www.antonyme.org/antonyme/sommation,sommation
http://www.antonyme.org/antonyme/somme,somme
http://www.antonyme.org/antonyme/sommeil,sommeil
http://www.antonyme.org/antonyme/sommeils,sommeils
http://www.antonyme.org/antonyme/sommer,sommer
http://www.antonyme.org/antonyme/sommes,sommes
http://www.antonyme.org/antonyme/sommet,sommet
http://www.antonyme.org/antonyme/sommets,sommets
http://www.antonyme.org/antonyme/sommier,sommier
http://www.antonyme.org/antonyme/sommital,sommital
http://www.antonyme.org/antonyme/somnif%C3%A8re,somnifère
http://www.antonyme.org/antonyme/somnolence,somnolence
http://www.antonyme.org/antonyme/somnolences,somnolences
http://www.antonyme.org/antonyme/somnolent,somnolent
http://www.antonyme.org/antonyme/somptueusement,somptueusement
http://www.antonyme.org/antonyme/somptueux,somptueux
http://www.antonyme.org/antonyme/somptuosit%C3%A9,somptuosité
http://www.antonyme.org/antonyme/sonde,sonde
http://www.antonyme.org/antonyme/song%C3%A9,songé
http://www.antonyme.org/antonyme/songent,songent
http://www.antonyme.org/antonyme/songer,songer
http://www.antonyme.org/antonyme/sonnant,sonnant
http://www.antonyme.org/antonyme/sonne,sonne
http://www.antonyme.org/antonyme/sonn%C3%A9,sonné
http://www.antonyme.org/antonyme/sonner,sonner
http://www.antonyme.org/antonyme/sonnerie,sonnerie
http://www.antonyme.org/antonyme/sonore,sonore
http://www.antonyme.org/antonyme/sonores,sonores
http://www.antonyme.org/antonyme/sonorit%C3%A9,sonorité
http://www.antonyme.org/antonyme/sont,sont
http://www.antonyme.org/antonyme/sophisme,sophisme
http://www.antonyme.org/antonyme/sophistication,sophistication
http://www.antonyme.org/antonyme/sophistique,sophistique
http://www.antonyme.org/antonyme/sophistiqu%C3%A9,sophistiqué
http://www.antonyme.org/antonyme/sophistiqu%C3%A9e,sophistiquée
http://www.antonyme.org/antonyme/sophistiqu%C3%A9s,sophistiqués
http://www.antonyme.org/antonyme/soporifique,soporifique
http://www.antonyme.org/antonyme/sorci%C3%A8re,sorcière
http://www.antonyme.org/antonyme/sordide,sordide
http://www.antonyme.org/antonyme/sordidit%C3%A9,sordidité
http://www.antonyme.org/antonyme/sornette,sornette
http://www.antonyme.org/antonyme/sornettes,sornettes
http://www.antonyme.org/antonyme/sort,sort
http://www.antonyme.org/antonyme/sortable,sortable
http://www.antonyme.org/antonyme/sortait,sortait
http://www.antonyme.org/antonyme/sortent,sortent
http://www.antonyme.org/antonyme/sortie,sortie
http://www.antonyme.org/antonyme/sorties,sorties
http://www.antonyme.org/antonyme/sortil%C3%A8ge,sortilège
http://www.antonyme.org/antonyme/sortir,sortir
http://www.antonyme.org/antonyme/sortira,sortira
http://www.antonyme.org/antonyme/sot,sot
http://www.antonyme.org/antonyme/sotte,sotte
http://www.antonyme.org/antonyme/sottement,sottement
http://www.antonyme.org/antonyme/sottie,sottie
http://www.antonyme.org/antonyme/sottise,sottise
http://www.antonyme.org/antonyme/soubassement,soubassement
http://www.antonyme.org/antonyme/soubrette,soubrette
http://www.antonyme.org/antonyme/souche,souche
http://www.antonyme.org/antonyme/souci,souci
http://www.antonyme.org/antonyme/soucier,soucier
http://www.antonyme.org/antonyme/soucieuse,soucieuse
http://www.antonyme.org/antonyme/soucieux,soucieux
http://www.antonyme.org/antonyme/soucis,soucis
http://www.antonyme.org/antonyme/soudain,soudain
http://www.antonyme.org/antonyme/soudaine,soudaine
http://www.antonyme.org/antonyme/soudainement,soudainement
http://www.antonyme.org/antonyme/souder,souder
http://www.antonyme.org/antonyme/soudoyer,soudoyer
http://www.antonyme.org/antonyme/soudure,soudure
http://www.antonyme.org/antonyme/souffle,souffle
http://www.antonyme.org/antonyme/souffl%C3%A9,soufflé
http://www.antonyme.org/antonyme/souffler,souffler
http://www.antonyme.org/antonyme/souffrait,souffrait
http://www.antonyme.org/antonyme/souffrance,souffrance
http://www.antonyme.org/antonyme/souffrances,souffrances
http://www.antonyme.org/antonyme/souffrant,souffrant
http://www.antonyme.org/antonyme/souffre,souffre
http://www.antonyme.org/antonyme/souffre-douleur,souffre-douleur
http://www.antonyme.org/antonyme/souffrent,souffrent
http://www.antonyme.org/antonyme/souffreteux,souffreteux
http://www.antonyme.org/antonyme/souffrir,souffrir
http://www.antonyme.org/antonyme/souhait,souhait
http://www.antonyme.org/antonyme/souhaitable,souhaitable
http://www.antonyme.org/antonyme/souhaitaient,souhaitaient
http://www.antonyme.org/antonyme/souhaitait,souhaitait
http://www.antonyme.org/antonyme/souhaitant,souhaitant
http://www.antonyme.org/antonyme/souhait%C3%A9e,souhaitée
http://www.antonyme.org/antonyme/souhaitent,souhaitent
http://www.antonyme.org/antonyme/souhaiter,souhaiter
http://www.antonyme.org/antonyme/souhaiterait,souhaiterait
http://www.antonyme.org/antonyme/souhaitons,souhaitons
http://www.antonyme.org/antonyme/souhaits,souhaits
http://www.antonyme.org/antonyme/souill%C3%A9,souillé
http://www.antonyme.org/antonyme/souiller,souiller
http://www.antonyme.org/antonyme/souillure,souillure
http://www.antonyme.org/antonyme/so%C3%BBl,soûl
http://www.antonyme.org/antonyme/soulagement,soulagement
http://www.antonyme.org/antonyme/soulager,soulager
http://www.antonyme.org/antonyme/so%C3%BBlard,soûlard
http://www.antonyme.org/antonyme/so%C3%BBle,soûle
http://www.antonyme.org/antonyme/so%C3%BBl%C3%A9,soûlé
http://www.antonyme.org/antonyme/so%C3%BBler,soûler
http://www.antonyme.org/antonyme/soulev%C3%A9,soulevé
http://www.antonyme.org/antonyme/soul%C3%A8ve,soulève
http://www.antonyme.org/antonyme/soulev%C3%A9e,soulevée
http://www.antonyme.org/antonyme/soul%C3%A8vement,soulèvement
http://www.antonyme.org/antonyme/soulever,soulever
http://www.antonyme.org/antonyme/soul%C3%A8ves,soulèves
http://www.antonyme.org/antonyme/soulier,soulier
http://www.antonyme.org/antonyme/souligner,souligner
http://www.antonyme.org/antonyme/so%C3%BBlographie,soûlographie
http://www.antonyme.org/antonyme/soumet,soumet
http://www.antonyme.org/antonyme/soumettre,soumettre
http://www.antonyme.org/antonyme/soumis,soumis
http://www.antonyme.org/antonyme/soumise,soumise
http://www.antonyme.org/antonyme/soumises,soumises
http://www.antonyme.org/antonyme/soumission,soumission
http://www.antonyme.org/antonyme/soumissionnaire,soumissionnaire
http://www.antonyme.org/antonyme/soup%C3%A7on,soupçon
http://www.antonyme.org/antonyme/soup%C3%A7onnable,soupçonnable
http://www.antonyme.org/antonyme/soup%C3%A7onneuse,soupçonneuse
http://www.antonyme.org/antonyme/soup%C3%A7onneux,soupçonneux
http://www.antonyme.org/antonyme/soup%C3%A7ons,soupçons
http://www.antonyme.org/antonyme/souper,souper
http://www.antonyme.org/antonyme/soupirer,soupirer
http://www.antonyme.org/antonyme/souple,souple
http://www.antonyme.org/antonyme/souples,souples
http://www.antonyme.org/antonyme/souplesse,souplesse
http://www.antonyme.org/antonyme/souquer,souquer
http://www.antonyme.org/antonyme/source,source
http://www.antonyme.org/antonyme/sources,sources
http://www.antonyme.org/antonyme/sourcilleuse,sourcilleuse
http://www.antonyme.org/antonyme/sourcilleux,sourcilleux
http://www.antonyme.org/antonyme/sourd,sourd
http://www.antonyme.org/antonyme/sourde,sourde
http://www.antonyme.org/antonyme/sourdine,sourdine
http://www.antonyme.org/antonyme/sourds,sourds
http://www.antonyme.org/antonyme/souriant,souriant
http://www.antonyme.org/antonyme/sourire,sourire
http://www.antonyme.org/antonyme/sournois,sournois
http://www.antonyme.org/antonyme/sournoise,sournoise
http://www.antonyme.org/antonyme/sournoisement,sournoisement
http://www.antonyme.org/antonyme/sournoiserie,sournoiserie
http://www.antonyme.org/antonyme/sous,sous
http://www.antonyme.org/antonyme/sous-chef,sous-chef
http://www.antonyme.org/antonyme/sous-entendu,sous-entendu
http://www.antonyme.org/antonyme/sous-estimer,sous-estimer
http://www.antonyme.org/antonyme/sous-%C3%A9valuer,sous-évaluer
http://www.antonyme.org/antonyme/sous-fifre,sous-fifre
http://www.antonyme.org/antonyme/sous-homme,sous-homme
http://www.antonyme.org/antonyme/sous-main,sous-main
http://www.antonyme.org/antonyme/sous-marin,sous-marin
http://www.antonyme.org/antonyme/sous-ordre,sous-ordre
http://www.antonyme.org/antonyme/sous-peupl%C3%A9,sous-peuplé
http://www.antonyme.org/antonyme/sous-prol%C3%A9tariat,sous-prolétariat
http://www.antonyme.org/antonyme/sous-qualifi%C3%A9,sous-qualifié
http://www.antonyme.org/antonyme/sous-sol,sous-sol
http://www.antonyme.org/antonyme/souscrire,souscrire
http://www.antonyme.org/antonyme/soustraction,soustraction
http://www.antonyme.org/antonyme/soustraire,soustraire
http://www.antonyme.org/antonyme/soutenable,soutenable
http://www.antonyme.org/antonyme/soutenir,soutenir
http://www.antonyme.org/antonyme/soutenu,soutenu
http://www.antonyme.org/antonyme/soutenue,soutenue
http://www.antonyme.org/antonyme/soutenus,soutenus
http://www.antonyme.org/antonyme/souterrain,souterrain
http://www.antonyme.org/antonyme/souterraine,souterraine
http://www.antonyme.org/antonyme/souterrainement,souterrainement
http://www.antonyme.org/antonyme/souterrains,souterrains
http://www.antonyme.org/antonyme/soutien,soutien
http://www.antonyme.org/antonyme/soutiennent,soutiennent
http://www.antonyme.org/antonyme/soutiens,soutiens
http://www.antonyme.org/antonyme/soutient,soutient
http://www.antonyme.org/antonyme/soutirer,soutirer
http://www.antonyme.org/antonyme/souvenir,souvenir
http://www.antonyme.org/antonyme/souvent,souvent
http://www.antonyme.org/antonyme/souverain,souverain
http://www.antonyme.org/antonyme/souveraine,souveraine
http://www.antonyme.org/antonyme/souverainet%C3%A9,souveraineté
http://www.antonyme.org/antonyme/souverains,souverains
http://www.antonyme.org/antonyme/souviennent,souviennent
http://www.antonyme.org/antonyme/souviens,souviens
http://www.antonyme.org/antonyme/souvient,souvient
http://www.antonyme.org/antonyme/sovi%C3%A9tiser,soviétiser
http://www.antonyme.org/antonyme/soyeuse,soyeuse
http://www.antonyme.org/antonyme/soyons,soyons
http://www.antonyme.org/antonyme/spacieuse,spacieuse
http://www.antonyme.org/antonyme/spacieux,spacieux
http://www.antonyme.org/antonyme/spartiate,spartiate
http://www.antonyme.org/antonyme/spasme,spasme
http://www.antonyme.org/antonyme/spasmes,spasmes
http://www.antonyme.org/antonyme/spasmodique,spasmodique
http://www.antonyme.org/antonyme/spasmolytique,spasmolytique
http://www.antonyme.org/antonyme/spatule,spatule
http://www.antonyme.org/antonyme/sp%C3%A9cial,spécial
http://www.antonyme.org/antonyme/sp%C3%A9ciale,spéciale
http://www.antonyme.org/antonyme/sp%C3%A9ciales,spéciales
http://www.antonyme.org/antonyme/sp%C3%A9cialis%C3%A9e,spécialisée
http://www.antonyme.org/antonyme/sp%C3%A9cialis%C3%A9s,spécialisés
http://www.antonyme.org/antonyme/sp%C3%A9cialiste,spécialiste
http://www.antonyme.org/antonyme/sp%C3%A9cialistes,spécialistes
http://www.antonyme.org/antonyme/sp%C3%A9cialit%C3%A9,spécialité
http://www.antonyme.org/antonyme/sp%C3%A9ciaux,spéciaux
http://www.antonyme.org/antonyme/sp%C3%A9cieux,spécieux
http://www.antonyme.org/antonyme/sp%C3%A9cificit%C3%A9,spécificité
http://www.antonyme.org/antonyme/sp%C3%A9cificit%C3%A9s,spécificités
http://www.antonyme.org/antonyme/sp%C3%A9cifier,spécifier
http://www.antonyme.org/antonyme/sp%C3%A9cifiquement,spécifiquement
http://www.antonyme.org/antonyme/spectaculaire,spectaculaire
http://www.antonyme.org/antonyme/spectaculaires,spectaculaires
http://www.antonyme.org/antonyme/spectateur,spectateur
http://www.antonyme.org/antonyme/spectateurs,spectateurs
http://www.antonyme.org/antonyme/spectatrice,spectatrice
http://www.antonyme.org/antonyme/sp%C3%A9culatif,spéculatif
http://www.antonyme.org/antonyme/sp%C3%A9culation,spéculation
http://www.antonyme.org/antonyme/sp%C3%A9culations,spéculations
http://www.antonyme.org/antonyme/sph%C3%A8re,sphère
http://www.antonyme.org/antonyme/sph%C3%A8res,sphères
http://www.antonyme.org/antonyme/sphinge,sphinge
http://www.antonyme.org/antonyme/spire,spire
http://www.antonyme.org/antonyme/spiritualisation,spiritualisation
http://www.antonyme.org/antonyme/spiritualiser,spiritualiser
http://www.antonyme.org/antonyme/spiritualisme,spiritualisme
http://www.antonyme.org/antonyme/spiritualiste,spiritualiste
http://www.antonyme.org/antonyme/spiritualit%C3%A9,spiritualité
http://www.antonyme.org/antonyme/spirituel,spirituel
http://www.antonyme.org/antonyme/spirituelle,spirituelle
http://www.antonyme.org/antonyme/spirituellement,spirituellement
http://www.antonyme.org/antonyme/spirituels,spirituels
http://www.antonyme.org/antonyme/spleen,spleen
http://www.antonyme.org/antonyme/spleen%C3%A9tique,spleenétique
http://www.antonyme.org/antonyme/splendide,splendide
http://www.antonyme.org/antonyme/splendidement,splendidement
http://www.antonyme.org/antonyme/spoli%C3%A9,spolié
http://www.antonyme.org/antonyme/spolier,spolier
http://www.antonyme.org/antonyme/spongieux,spongieux
http://www.antonyme.org/antonyme/spontan%C3%A9,spontané
http://www.antonyme.org/antonyme/spontan%C3%A9e,spontanée
http://www.antonyme.org/antonyme/spontan%C3%A9it%C3%A9,spontanéité
http://www.antonyme.org/antonyme/spontan%C3%A9ment,spontanément
http://www.antonyme.org/antonyme/sporadique,sporadique
http://www.antonyme.org/antonyme/sporadiquement,sporadiquement
http://www.antonyme.org/antonyme/sportif,sportif
http://www.antonyme.org/antonyme/sportifs,sportifs
http://www.antonyme.org/antonyme/sportive,sportive
http://www.antonyme.org/antonyme/sportivit%C3%A9,sportivité
http://www.antonyme.org/antonyme/sprint,sprint
http://www.antonyme.org/antonyme/sprinter,sprinter
http://www.antonyme.org/antonyme/squelette,squelette
http://www.antonyme.org/antonyme/squelettique,squelettique
http://www.antonyme.org/antonyme/stabilisation,stabilisation
http://www.antonyme.org/antonyme/stabilis%C3%A9e,stabilisée
http://www.antonyme.org/antonyme/stabiliser,stabiliser
http://www.antonyme.org/antonyme/stabilit%C3%A9,stabilité
http://www.antonyme.org/antonyme/stable,stable
http://www.antonyme.org/antonyme/stables,stables
http://www.antonyme.org/antonyme/staff,staff
http://www.antonyme.org/antonyme/stagiaire,stagiaire
http://www.antonyme.org/antonyme/stagiaires,stagiaires
http://www.antonyme.org/antonyme/stagnant,stagnant
http://www.antonyme.org/antonyme/stagnante,stagnante
http://www.antonyme.org/antonyme/stagnation,stagnation
http://www.antonyme.org/antonyme/stagner,stagner
http://www.antonyme.org/antonyme/standard,standard
http://www.antonyme.org/antonyme/star,star
http://www.antonyme.org/antonyme/stars,stars
http://www.antonyme.org/antonyme/stase,stase
http://www.antonyme.org/antonyme/station,station
http://www.antonyme.org/antonyme/stationnaire,stationnaire
http://www.antonyme.org/antonyme/stationnarit%C3%A9,stationnarité
http://www.antonyme.org/antonyme/stationner,stationner
http://www.antonyme.org/antonyme/stationn%C3%A9s,stationnés
http://www.antonyme.org/antonyme/stations,stations
http://www.antonyme.org/antonyme/statiquement,statiquement
http://www.antonyme.org/antonyme/statisme,statisme
http://www.antonyme.org/antonyme/statut,statut
http://www.antonyme.org/antonyme/statuts,statuts
http://www.antonyme.org/antonyme/st%C3%A9r%C3%A9otype,stéréotype
http://www.antonyme.org/antonyme/st%C3%A9r%C3%A9otyp%C3%A9,stéréotypé
http://www.antonyme.org/antonyme/st%C3%A9r%C3%A9otypes,stéréotypes
http://www.antonyme.org/antonyme/st%C3%A9rile,stérile
http://www.antonyme.org/antonyme/st%C3%A9rilement,stérilement
http://www.antonyme.org/antonyme/st%C3%A9rilisation,stérilisation
http://www.antonyme.org/antonyme/st%C3%A9riliser,stériliser
http://www.antonyme.org/antonyme/st%C3%A9rilit%C3%A9,stérilité
http://www.antonyme.org/antonyme/stigmatisation,stigmatisation
http://www.antonyme.org/antonyme/stigmatiser,stigmatiser
http://www.antonyme.org/antonyme/stimulant,stimulant
http://www.antonyme.org/antonyme/stimulateur,stimulateur
http://www.antonyme.org/antonyme/stimuler,stimuler
http://www.antonyme.org/antonyme/stipendi%C3%A9,stipendié
http://www.antonyme.org/antonyme/stipendier,stipendier
http://www.antonyme.org/antonyme/stipulation,stipulation
http://www.antonyme.org/antonyme/stipuler,stipuler
http://www.antonyme.org/antonyme/stochastique,stochastique
http://www.antonyme.org/antonyme/stocker,stocker
http://www.antonyme.org/antonyme/sto%C3%AFcien,stoïcien
http://www.antonyme.org/antonyme/sto%C3%AFcienne,stoïcienne
http://www.antonyme.org/antonyme/sto%C3%AFcisme,stoïcisme
http://www.antonyme.org/antonyme/sto%C3%AFque,stoïque
http://www.antonyme.org/antonyme/sto%C3%AFquement,stoïquement
http://www.antonyme.org/antonyme/stopper,stopper
http://www.antonyme.org/antonyme/strate,strate
http://www.antonyme.org/antonyme/stress,stress
http://www.antonyme.org/antonyme/strict,strict
http://www.antonyme.org/antonyme/stricte,stricte
http://www.antonyme.org/antonyme/strictement,strictement
http://www.antonyme.org/antonyme/strictes,strictes
http://www.antonyme.org/antonyme/striction,striction
http://www.antonyme.org/antonyme/strident,strident
http://www.antonyme.org/antonyme/structur%C3%A9,structuré
http://www.antonyme.org/antonyme/structurel,structurel
http://www.antonyme.org/antonyme/structurelle,structurelle
http://www.antonyme.org/antonyme/structurels,structurels
http://www.antonyme.org/antonyme/structurer,structurer
http://www.antonyme.org/antonyme/studieuse,studieuse
http://www.antonyme.org/antonyme/studieusement,studieusement
http://www.antonyme.org/antonyme/studieux,studieux
http://www.antonyme.org/antonyme/stup%C3%A9fiant,stupéfiant
http://www.antonyme.org/antonyme/stup%C3%A9fiants,stupéfiants
http://www.antonyme.org/antonyme/stup%C3%A9fier,stupéfier
http://www.antonyme.org/antonyme/stupide,stupide
http://www.antonyme.org/antonyme/stupidement,stupidement
http://www.antonyme.org/antonyme/stupidit%C3%A9,stupidité
http://www.antonyme.org/antonyme/stupre,stupre
http://www.antonyme.org/antonyme/stupres,stupres
http://www.antonyme.org/antonyme/style,style
http://www.antonyme.org/antonyme/stylite,stylite
http://www.antonyme.org/antonyme/su,su
http://www.antonyme.org/antonyme/suant,suant
http://www.antonyme.org/antonyme/suave,suave
http://www.antonyme.org/antonyme/suavit%C3%A9,suavité
http://www.antonyme.org/antonyme/subalterne,subalterne
http://www.antonyme.org/antonyme/subconscient,subconscient
http://www.antonyme.org/antonyme/subdiviser,subdiviser
http://www.antonyme.org/antonyme/subie,subie
http://www.antonyme.org/antonyme/subir,subir
http://www.antonyme.org/antonyme/subissent,subissent
http://www.antonyme.org/antonyme/subit,subit
http://www.antonyme.org/antonyme/subite,subite
http://www.antonyme.org/antonyme/subitement,subitement
http://www.antonyme.org/antonyme/subito,subito
http://www.antonyme.org/antonyme/subjectif,subjectif
http://www.antonyme.org/antonyme/subjective,subjective
http://www.antonyme.org/antonyme/subjectivement,subjectivement
http://www.antonyme.org/antonyme/subjectivit%C3%A9,subjectivité
http://www.antonyme.org/antonyme/subjuguer,subjuguer
http://www.antonyme.org/antonyme/sublimation,sublimation
http://www.antonyme.org/antonyme/sublime,sublime
http://www.antonyme.org/antonyme/sublim%C3%A9,sublimé
http://www.antonyme.org/antonyme/sublimer,sublimer
http://www.antonyme.org/antonyme/submerger,submerger
http://www.antonyme.org/antonyme/submersible,submersible
http://www.antonyme.org/antonyme/submersion,submersion
http://www.antonyme.org/antonyme/subodorer,subodorer
http://www.antonyme.org/antonyme/subordination,subordination
http://www.antonyme.org/antonyme/subordonn%C3%A9,subordonné
http://www.antonyme.org/antonyme/subordonn%C3%A9e,subordonnée
http://www.antonyme.org/antonyme/subordonn%C3%A9s,subordonnés
http://www.antonyme.org/antonyme/suborneur,suborneur
http://www.antonyme.org/antonyme/subreptice,subreptice
http://www.antonyme.org/antonyme/subrepticement,subrepticement
http://www.antonyme.org/antonyme/subs%C3%A9quent,subséquent
http://www.antonyme.org/antonyme/subsidiaire,subsidiaire
http://www.antonyme.org/antonyme/subsiste,subsiste
http://www.antonyme.org/antonyme/subsistent,subsistent
http://www.antonyme.org/antonyme/subsister,subsister
http://www.antonyme.org/antonyme/substance,substance
http://www.antonyme.org/antonyme/substances,substances
http://www.antonyme.org/antonyme/substantiel,substantiel
http://www.antonyme.org/antonyme/substantielle,substantielle
http://www.antonyme.org/antonyme/substantielles,substantielles
http://www.antonyme.org/antonyme/substantiels,substantiels
http://www.antonyme.org/antonyme/substituer,substituer
http://www.antonyme.org/antonyme/subterfuge,subterfuge
http://www.antonyme.org/antonyme/subtil,subtil
http://www.antonyme.org/antonyme/subtile,subtile
http://www.antonyme.org/antonyme/subtilement,subtilement
http://www.antonyme.org/antonyme/subtiliser,subtiliser
http://www.antonyme.org/antonyme/subtilit%C3%A9,subtilité
http://www.antonyme.org/antonyme/subul%C3%A9,subulé
http://www.antonyme.org/antonyme/subversion,subversion
http://www.antonyme.org/antonyme/subversive,subversive
http://www.antonyme.org/antonyme/subvertir,subvertir
http://www.antonyme.org/antonyme/succ%C3%A9d%C3%A9,succédé
http://www.antonyme.org/antonyme/succ%C3%A8de,succède
http://www.antonyme.org/antonyme/succ%C3%A8dent,succèdent
http://www.antonyme.org/antonyme/succ%C3%A8s,succès
http://www.antonyme.org/antonyme/successeur,successeur
http://www.antonyme.org/antonyme/successeurs,successeurs
http://www.antonyme.org/antonyme/successif,successif
http://www.antonyme.org/antonyme/successifs,successifs
http://www.antonyme.org/antonyme/succession,succession
http://www.antonyme.org/antonyme/successive,successive
http://www.antonyme.org/antonyme/successivement,successivement
http://www.antonyme.org/antonyme/successives,successives
http://www.antonyme.org/antonyme/successivit%C3%A9,successivité
http://www.antonyme.org/antonyme/succinct,succinct
http://www.antonyme.org/antonyme/succinctement,succinctement
http://www.antonyme.org/antonyme/succomb%C3%A9,succombé
http://www.antonyme.org/antonyme/succomber,succomber
http://www.antonyme.org/antonyme/succube,succube
http://www.antonyme.org/antonyme/succulent,succulent
http://www.antonyme.org/antonyme/succulente,succulente
http://www.antonyme.org/antonyme/sucer,sucer
http://www.antonyme.org/antonyme/sucre,sucre
http://www.antonyme.org/antonyme/sucr%C3%A9,sucré
http://www.antonyme.org/antonyme/sucr%C3%A9e,sucrée
http://www.antonyme.org/antonyme/sucrer,sucrer
http://www.antonyme.org/antonyme/sud,sud
http://www.antonyme.org/antonyme/sudiste,sudiste
http://www.antonyme.org/antonyme/suffire,suffire
http://www.antonyme.org/antonyme/suffisance,suffisance
http://www.antonyme.org/antonyme/suffisant,suffisant
http://www.antonyme.org/antonyme/suffisante,suffisante
http://www.antonyme.org/antonyme/suffisantes,suffisantes
http://www.antonyme.org/antonyme/suffisants,suffisants
http://www.antonyme.org/antonyme/suffixe,suffixe
http://www.antonyme.org/antonyme/suffocant,suffocant
http://www.antonyme.org/antonyme/suffocation,suffocation
http://www.antonyme.org/antonyme/suffoquer,suffoquer
http://www.antonyme.org/antonyme/suffragant,suffragant
http://www.antonyme.org/antonyme/suffragants,suffragants
http://www.antonyme.org/antonyme/suffrage,suffrage
http://www.antonyme.org/antonyme/suffrages,suffrages
http://www.antonyme.org/antonyme/sugg%C3%A9rer,suggérer
http://www.antonyme.org/antonyme/suggestif,suggestif
http://www.antonyme.org/antonyme/suggestive,suggestive
http://www.antonyme.org/antonyme/suicider,suicider
http://www.antonyme.org/antonyme/suintement,suintement
http://www.antonyme.org/antonyme/suinter,suinter
http://www.antonyme.org/antonyme/suis,suis
http://www.antonyme.org/antonyme/suit,suit
http://www.antonyme.org/antonyme/suite,suite
http://www.antonyme.org/antonyme/suites,suites
http://www.antonyme.org/antonyme/suivaient,suivaient
http://www.antonyme.org/antonyme/suivait,suivait
http://www.antonyme.org/antonyme/suivant,suivant
http://www.antonyme.org/antonyme/suivante,suivante
http://www.antonyme.org/antonyme/suivants,suivants
http://www.antonyme.org/antonyme/suivent,suivent
http://www.antonyme.org/antonyme/suiveur,suiveur
http://www.antonyme.org/antonyme/suiveuse,suiveuse
http://www.antonyme.org/antonyme/suivi,suivi
http://www.antonyme.org/antonyme/suivie,suivie
http://www.antonyme.org/antonyme/suivies,suivies
http://www.antonyme.org/antonyme/suivis,suivis
http://www.antonyme.org/antonyme/suivisme,suivisme
http://www.antonyme.org/antonyme/suiviste,suiviste
http://www.antonyme.org/antonyme/suivra,suivra
http://www.antonyme.org/antonyme/suivre,suivre
http://www.antonyme.org/antonyme/suivront,suivront
http://www.antonyme.org/antonyme/sujet,sujet
http://www.antonyme.org/antonyme/suj%C3%A9tion,sujétion
http://www.antonyme.org/antonyme/sujets,sujets
http://www.antonyme.org/antonyme/sujette,sujette
http://www.antonyme.org/antonyme/summum,summum
http://www.antonyme.org/antonyme/superbe,superbe
http://www.antonyme.org/antonyme/superbement,superbement
http://www.antonyme.org/antonyme/superbes,superbes
http://www.antonyme.org/antonyme/supercherie,supercherie
http://www.antonyme.org/antonyme/supercheries,supercheries
http://www.antonyme.org/antonyme/superf%C3%A9tatoire,superfétatoire
http://www.antonyme.org/antonyme/superficie,superficie
http://www.antonyme.org/antonyme/superficiel,superficiel
http://www.antonyme.org/antonyme/superficiellement,superficiellement
http://www.antonyme.org/antonyme/superflu,superflu
http://www.antonyme.org/antonyme/superfluit%C3%A9,superfluité
http://www.antonyme.org/antonyme/sup%C3%A9rieur,supérieur
http://www.antonyme.org/antonyme/sup%C3%A9rieure,supérieure
http://www.antonyme.org/antonyme/sup%C3%A9rieurement,supérieurement
http://www.antonyme.org/antonyme/sup%C3%A9rieures,supérieures
http://www.antonyme.org/antonyme/sup%C3%A9rieurs,supérieurs
http://www.antonyme.org/antonyme/sup%C3%A9riorit%C3%A9,supériorité
http://www.antonyme.org/antonyme/superlatif,superlatif
http://www.antonyme.org/antonyme/superposer,superposer
http://www.antonyme.org/antonyme/superposition,superposition
http://www.antonyme.org/antonyme/superstitieux,superstitieux
http://www.antonyme.org/antonyme/superstition,superstition
http://www.antonyme.org/antonyme/superstructure,superstructure
http://www.antonyme.org/antonyme/superstructures,superstructures
http://www.antonyme.org/antonyme/supplanter,supplanter
http://www.antonyme.org/antonyme/suppl%C3%A9ant,suppléant
http://www.antonyme.org/antonyme/suppl%C3%A9ment,supplément
http://www.antonyme.org/antonyme/supplice,supplice
http://www.antonyme.org/antonyme/supportable,supportable
http://www.antonyme.org/antonyme/supportent,supportent
http://www.antonyme.org/antonyme/supporter,supporter
http://www.antonyme.org/antonyme/supporters,supporters
http://www.antonyme.org/antonyme/supposable,supposable
http://www.antonyme.org/antonyme/suppose,suppose
http://www.antonyme.org/antonyme/suppos%C3%A9,supposé
http://www.antonyme.org/antonyme/suppos%C3%A9e,supposée
http://www.antonyme.org/antonyme/suppos%C3%A9s,supposés
http://www.antonyme.org/antonyme/supp%C3%B4t,suppôt
http://www.antonyme.org/antonyme/suppression,suppression
http://www.antonyme.org/antonyme/suppressions,suppressions
http://www.antonyme.org/antonyme/supprimant,supprimant
http://www.antonyme.org/antonyme/supprime,supprime
http://www.antonyme.org/antonyme/supprim%C3%A9e,supprimée
http://www.antonyme.org/antonyme/supprimer,supprimer
http://www.antonyme.org/antonyme/supprim%C3%A9s,supprimés
http://www.antonyme.org/antonyme/supputation,supputation
http://www.antonyme.org/antonyme/supra,supra
http://www.antonyme.org/antonyme/supranational,supranational
http://www.antonyme.org/antonyme/supr%C3%A9matie,suprématie
http://www.antonyme.org/antonyme/supr%C3%AAme,suprême
http://www.antonyme.org/antonyme/supr%C3%AAmes,suprêmes
http://www.antonyme.org/antonyme/sur,sur
http://www.antonyme.org/antonyme/s%C3%BBr,sûr
http://www.antonyme.org/antonyme/surabondance,surabondance
http://www.antonyme.org/antonyme/surabondant,surabondant
http://www.antonyme.org/antonyme/suraigu,suraigu
http://www.antonyme.org/antonyme/surajouter,surajouter
http://www.antonyme.org/antonyme/suralimentation,suralimentation
http://www.antonyme.org/antonyme/surann%C3%A9,suranné
http://www.antonyme.org/antonyme/surann%C3%A9e,surannée
http://www.antonyme.org/antonyme/surann%C3%A9s,surannés
http://www.antonyme.org/antonyme/surcharge,surcharge
http://www.antonyme.org/antonyme/surcharger,surcharger
http://www.antonyme.org/antonyme/surcharges,surcharges
http://www.antonyme.org/antonyme/surcro%C3%AEt,surcroît
http://www.antonyme.org/antonyme/surdimensionn%C3%A9,surdimensionné
http://www.antonyme.org/antonyme/surdit%C3%A9,surdité
http://www.antonyme.org/antonyme/s%C3%BBre,sûre
http://www.antonyme.org/antonyme/sur%C3%A9l%C3%A9vation,surélévation
http://www.antonyme.org/antonyme/sur%C3%A9lever,surélever
http://www.antonyme.org/antonyme/s%C3%BBrement,sûrement
http://www.antonyme.org/antonyme/surench%C3%A8re,surenchère
http://www.antonyme.org/antonyme/surench%C3%A8res,surenchères
http://www.antonyme.org/antonyme/sur%C3%A9quipement,suréquipement
http://www.antonyme.org/antonyme/s%C3%BBres,sûres
http://www.antonyme.org/antonyme/surestimation,surestimation
http://www.antonyme.org/antonyme/suret,suret
http://www.antonyme.org/antonyme/s%C3%BBret%C3%A9,sûreté
http://www.antonyme.org/antonyme/sur%C3%A9valuation,surévaluation
http://www.antonyme.org/antonyme/surexcitation,surexcitation
http://www.antonyme.org/antonyme/surexciter,surexciter
http://www.antonyme.org/antonyme/surface,surface
http://www.antonyme.org/antonyme/surfaces,surfaces
http://www.antonyme.org/antonyme/surfacturer,surfacturer
http://www.antonyme.org/antonyme/surfaire,surfaire
http://www.antonyme.org/antonyme/surfait,surfait
http://www.antonyme.org/antonyme/surgeon,surgeon
http://www.antonyme.org/antonyme/surgir,surgir
http://www.antonyme.org/antonyme/surgissement,surgissement
http://www.antonyme.org/antonyme/surgit,surgit
http://www.antonyme.org/antonyme/surhomme,surhomme
http://www.antonyme.org/antonyme/surhumain,surhumain
http://www.antonyme.org/antonyme/surimposition,surimposition
http://www.antonyme.org/antonyme/surmenage,surmenage
http://www.antonyme.org/antonyme/surmonter,surmonter
http://www.antonyme.org/antonyme/surnager,surnager
http://www.antonyme.org/antonyme/surnaturel,surnaturel
http://www.antonyme.org/antonyme/surnaturelle,surnaturelle
http://www.antonyme.org/antonyme/surnombre,surnombre
http://www.antonyme.org/antonyme/surnommer,surnommer
http://www.antonyme.org/antonyme/surnum%C3%A9raire,surnuméraire
http://www.antonyme.org/antonyme/surpassement,surpassement
http://www.antonyme.org/antonyme/surpeupl%C3%A9,surpeuplé
http://www.antonyme.org/antonyme/surplus,surplus
http://www.antonyme.org/antonyme/surpoids,surpoids
http://www.antonyme.org/antonyme/surprenant,surprenant
http://www.antonyme.org/antonyme/surprenante,surprenante
http://www.antonyme.org/antonyme/surprenantes,surprenantes
http://www.antonyme.org/antonyme/surprendre,surprendre
http://www.antonyme.org/antonyme/surprise,surprise
http://www.antonyme.org/antonyme/surprises,surprises
http://www.antonyme.org/antonyme/surqualifi%C3%A9,surqualifié
http://www.antonyme.org/antonyme/s%C3%BBrs,sûrs
http://www.antonyme.org/antonyme/sursaut,sursaut
http://www.antonyme.org/antonyme/surseoir,surseoir
http://www.antonyme.org/antonyme/surtaxe,surtaxe
http://www.antonyme.org/antonyme/surtout,surtout
http://www.antonyme.org/antonyme/surveillant,surveillant
http://www.antonyme.org/antonyme/surveillants,surveillants
http://www.antonyme.org/antonyme/survie,survie
http://www.antonyme.org/antonyme/survivance,survivance
http://www.antonyme.org/antonyme/survivant,survivant
http://www.antonyme.org/antonyme/survivants,survivants
http://www.antonyme.org/antonyme/survoltage,survoltage
http://www.antonyme.org/antonyme/survolter,survolter
http://www.antonyme.org/antonyme/susceptibilit%C3%A9,susceptibilité
http://www.antonyme.org/antonyme/susceptible,susceptible
http://www.antonyme.org/antonyme/susceptibles,susceptibles
http://www.antonyme.org/antonyme/suscitant,suscitant
http://www.antonyme.org/antonyme/suscite,suscite
http://www.antonyme.org/antonyme/suscit%C3%A9,suscité
http://www.antonyme.org/antonyme/suscitent,suscitent
http://www.antonyme.org/antonyme/susciter,susciter
http://www.antonyme.org/antonyme/suspect,suspect
http://www.antonyme.org/antonyme/suspecte,suspecte
http://www.antonyme.org/antonyme/suspects,suspects
http://www.antonyme.org/antonyme/suspendre,suspendre
http://www.antonyme.org/antonyme/suspendu,suspendu
http://www.antonyme.org/antonyme/suspendue,suspendue
http://www.antonyme.org/antonyme/suspendues,suspendues
http://www.antonyme.org/antonyme/suspendus,suspendus
http://www.antonyme.org/antonyme/suspens,suspens
http://www.antonyme.org/antonyme/suspension,suspension
http://www.antonyme.org/antonyme/suspensions,suspensions
http://www.antonyme.org/antonyme/suspicieuse,suspicieuse
http://www.antonyme.org/antonyme/suspicion,suspicion
http://www.antonyme.org/antonyme/sustenter,sustenter
http://www.antonyme.org/antonyme/susurrer,susurrer
http://www.antonyme.org/antonyme/suturer,suturer
http://www.antonyme.org/antonyme/suzerain,suzerain
http://www.antonyme.org/antonyme/suzerainet%C3%A9,suzeraineté
http://www.antonyme.org/antonyme/svelte,svelte
http://www.antonyme.org/antonyme/sveltesse,sveltesse
http://www.antonyme.org/antonyme/swinguer,swinguer
http://www.antonyme.org/antonyme/sybarite,sybarite
http://www.antonyme.org/antonyme/sybaritisme,sybaritisme
http://www.antonyme.org/antonyme/symbole,symbole
http://www.antonyme.org/antonyme/symboles,symboles
http://www.antonyme.org/antonyme/symbolique,symbolique
http://www.antonyme.org/antonyme/symboliques,symboliques
http://www.antonyme.org/antonyme/symboliser,symboliser
http://www.antonyme.org/antonyme/sym%C3%A9trie,symétrie
http://www.antonyme.org/antonyme/sym%C3%A9trique,symétrique
http://www.antonyme.org/antonyme/sympa,sympa
http://www.antonyme.org/antonyme/sympathie,sympathie
http://www.antonyme.org/antonyme/sympathies,sympathies
http://www.antonyme.org/antonyme/sympathique,sympathique
http://www.antonyme.org/antonyme/sympathiques,sympathiques
http://www.antonyme.org/antonyme/sympathisant,sympathisant
http://www.antonyme.org/antonyme/sympathisants,sympathisants
http://www.antonyme.org/antonyme/symposium,symposium
http://www.antonyme.org/antonyme/symptomatique,symptomatique
http://www.antonyme.org/antonyme/synallagmatique,synallagmatique
http://www.antonyme.org/antonyme/synchrone,synchrone
http://www.antonyme.org/antonyme/synchronique,synchronique
http://www.antonyme.org/antonyme/synchroniser,synchroniser
http://www.antonyme.org/antonyme/syncope,syncope
http://www.antonyme.org/antonyme/syncop%C3%A9,syncopé
http://www.antonyme.org/antonyme/syndic,syndic
http://www.antonyme.org/antonyme/syndiquer,syndiquer
http://www.antonyme.org/antonyme/syndrome,syndrome
http://www.antonyme.org/antonyme/synergie,synergie
http://www.antonyme.org/antonyme/synergies,synergies
http://www.antonyme.org/antonyme/synonyme,synonyme
http://www.antonyme.org/antonyme/synonymie,synonymie
http://www.antonyme.org/antonyme/synth%C3%A8se,synthèse
http://www.antonyme.org/antonyme/synth%C3%A9tique,synthétique
http://www.antonyme.org/antonyme/synth%C3%A9tiser,synthétiser
http://www.antonyme.org/antonyme/syst%C3%A9matique,systématique
http://www.antonyme.org/antonyme/syst%C3%A9matiquement,systématiquement
http://www.antonyme.org/antonyme/syst%C3%A8me,système
http://www.antonyme.org/antonyme/syst%C3%A8mes,systèmes
http://www.antonyme.org/antonyme/timide,Timide
http://www.antonyme.org/antonyme/confirmer,Confirmer
http://www.antonyme.org/antonyme/misogyne,Misogyne
http://www.antonyme.org/antonyme/modeste,Modeste
http://www.antonyme.org/antonyme/tardif,Tardif
http://www.antonyme.org/antonyme/liberté,Liberté
http://www.antonyme.org/antonyme/sérieux,Sérieux
http://www.antonyme.org/antonyme/atout,Atout
http://www.antonyme.org/antonyme/confiance,Confiance
http://www.antonyme.org/antonyme/précéder,Précéder
http://www.antonyme.org/antonyme/important,Important
http://www.antonyme.org/antonyme/ponctuel,Ponctuel
http://www.antonyme.org/antonyme/monotone,Monotone
http://www.antonyme.org/antonyme/fiable,Fiable
http://www.antonyme.org/antonyme/original,Original
"http://www.antonyme.org/antonyme/à l'instar","à l instar"
http://www.antonyme.org/antonyme/trouver,Trouver
http://www.antonyme.org/antonyme/amour,Amour
http://www.antonyme.org/antonyme/faire,faire
"http://www.antonyme.org/antonyme/en plus","en plus"
http://www.antonyme.org/antonyme/anglais,anglais
http://www.antonyme.org/antonyme/mettre,mettre
"http://www.antonyme.org/antonyme/en effet","en effet"
http://www.antonyme.org/antonyme/contraire,contraire
http://www.antonyme.org/antonyme/être,être
http://www.antonyme.org/antonyme/avoir,avoir
http://www.antonyme.org/antonyme/problème,problème
http://www.antonyme.org/antonyme/pour,pour
http://www.antonyme.org/antonyme/travail,travail
http://www.antonyme.org/antonyme/créer,créer
http://www.antonyme.org/antonyme/demander,demander
http://www.antonyme.org/antonyme/bien,bien
http://www.antonyme.org/antonyme/important,important
http://www.antonyme.org/antonyme/prendre,prendre
http://www.antonyme.org/antonyme/experience,expérience
http://www.antonyme.org/antonyme/amour,amour
http://www.antonyme.org/antonyme/dire,dire
http://www.antonyme.org/antonyme/trouver,trouver
http://www.antonyme.org/antonyme/augmenter,augmenter
http://www.antonyme.org/antonyme/installer,installer
"http://www.antonyme.org/antonyme/en fait","en fait"
http://www.antonyme.org/antonyme/voir,voir
http://www.antonyme.org/antonyme/aimer,aimer
http://www.antonyme.org/antonyme/temps,temps
http://www.antonyme.org/antonyme/petit,petit
http://www.antonyme.org/antonyme/obtenir,obtenir
http://www.antonyme.org/antonyme/analyse,analyse
http://www.antonyme.org/antonyme/utiliser,utiliser
http://www.antonyme.org/antonyme/savoir,savoir
http://www.antonyme.org/antonyme/montrer,montrer
http://www.antonyme.org/antonyme/développer,développer
http://www.antonyme.org/antonyme/origine,origine
http://www.antonyme.org/antonyme/fin,fin
"http://www.antonyme.org/antonyme/du coup","du coup"
"http://www.antonyme.org/antonyme/en ligne","en ligne"
http://www.antonyme.org/antonyme/changer,changer
http://www.antonyme.org/antonyme/oeuvre,oeuvre
http://www.antonyme.org/antonyme/intéresser,intéresser
http://www.antonyme.org/antonyme/bonne,bonne
http://www.antonyme.org/antonyme/présentation,présentation
http://www.antonyme.org/antonyme/aide,aide
http://www.antonyme.org/antonyme/différent,différent
http://www.antonyme.org/antonyme/vie,vie
http://www.antonyme.org/antonyme/aider,aider
http://www.antonyme.org/antonyme/réaliser,réaliser
http://www.antonyme.org/antonyme/cause,cause
http://www.antonyme.org/antonyme/souhaiter,souhaiter
http://www.antonyme.org/antonyme/belle,belle
http://www.antonyme.org/antonyme/découvrir,découvrir
http://www.antonyme.org/antonyme/intéressant,intéressant
http://www.antonyme.org/antonyme/présenter,présenter
"http://www.antonyme.org/antonyme/suite à","suite à"
http://www.antonyme.org/antonyme/intégrer,intégrer
http://www.antonyme.org/antonyme/grand,grand
http://www.antonyme.org/antonyme/connaître,connaître
http://www.antonyme.org/antonyme/démonter,démonter
http://www.antonyme.org/antonyme/effectuer,effectuer
http://www.antonyme.org/antonyme/beau,beau
http://www.antonyme.org/antonyme/connaissance,connaissance
http://www.antonyme.org/antonyme/emploi,emploi
http://www.antonyme.org/antonyme/recherche,recherche
"http://www.antonyme.org/antonyme/par contre","par contre"
http://www.antonyme.org/antonyme/parler,parler
http://www.antonyme.org/antonyme/explication,explication
http://www.antonyme.org/antonyme/penser,penser
http://www.antonyme.org/antonyme/avec,avec
http://www.antonyme.org/antonyme/triste,triste
http://www.antonyme.org/antonyme/regarder,regarder
http://www.antonyme.org/antonyme/travailler,travailler
http://www.antonyme.org/antonyme/améliorer,améliorer
http://www.antonyme.org/antonyme/tristesse,tristesse
http://www.antonyme.org/antonyme/passer,passer
http://www.antonyme.org/antonyme/création,création
http://www.antonyme.org/antonyme/acquérir,acquérir
"http://www.antonyme.org/antonyme/ainsi que","ainsi que"
http://www.antonyme.org/antonyme/intérêt,intérêt
http://www.antonyme.org/antonyme/passionné,passionné
http://www.antonyme.org/antonyme/peur,peur
http://www.antonyme.org/antonyme/adapter,adapter
http://www.antonyme.org/antonyme/rechercher,rechercher
http://www.antonyme.org/antonyme/passion,passion
http://www.antonyme.org/antonyme/accord,accord
http://www.antonyme.org/antonyme/organisation,organisation
http://www.antonyme.org/antonyme/compétence,compétence
