http://www.antonyme.org/antonyme/tabac,tabac
http://www.antonyme.org/antonyme/tabasser,tabasser
http://www.antonyme.org/antonyme/table,table
http://www.antonyme.org/antonyme/tabl%C3%A9,tablé
http://www.antonyme.org/antonyme/tableau,tableau
http://www.antonyme.org/antonyme/tables,tables
http://www.antonyme.org/antonyme/tabou,tabou
http://www.antonyme.org/antonyme/tabous,tabous
http://www.antonyme.org/antonyme/tache,tache
http://www.antonyme.org/antonyme/tach%C3%A9,taché
http://www.antonyme.org/antonyme/t%C3%A2che,tâche
http://www.antonyme.org/antonyme/t%C3%A2ch%C3%A9,tâché
http://www.antonyme.org/antonyme/tacher,tacher
http://www.antonyme.org/antonyme/t%C3%A2cher,tâcher
http://www.antonyme.org/antonyme/t%C3%A2ches,tâches
http://www.antonyme.org/antonyme/tachet%C3%A9,tacheté
http://www.antonyme.org/antonyme/tacite,tacite
http://www.antonyme.org/antonyme/tacitement,tacitement
http://www.antonyme.org/antonyme/taciturne,taciturne
http://www.antonyme.org/antonyme/tact,tact
http://www.antonyme.org/antonyme/tactile,tactile
http://www.antonyme.org/antonyme/taillade,taillade
http://www.antonyme.org/antonyme/taille,taille
http://www.antonyme.org/antonyme/taill%C3%A9,taillé
http://www.antonyme.org/antonyme/tailler,tailler
http://www.antonyme.org/antonyme/tailles,tailles
http://www.antonyme.org/antonyme/taire,taire
http://www.antonyme.org/antonyme/take-off,take-off
http://www.antonyme.org/antonyme/talent,talent
http://www.antonyme.org/antonyme/talents,talents
http://www.antonyme.org/antonyme/taler,taler
http://www.antonyme.org/antonyme/talion,talion
http://www.antonyme.org/antonyme/taloche,taloche
http://www.antonyme.org/antonyme/talonnement,talonnement
http://www.antonyme.org/antonyme/talonner,talonner
http://www.antonyme.org/antonyme/talus,talus
http://www.antonyme.org/antonyme/tambouriner,tambouriner
http://www.antonyme.org/antonyme/tamiser,tamiser
http://www.antonyme.org/antonyme/tamponnement,tamponnement
http://www.antonyme.org/antonyme/tamponner,tamponner
http://www.antonyme.org/antonyme/tancer,tancer
http://www.antonyme.org/antonyme/tangage,tangage
http://www.antonyme.org/antonyme/tangent,tangent
http://www.antonyme.org/antonyme/tangible,tangible
http://www.antonyme.org/antonyme/tangiblement,tangiblement
http://www.antonyme.org/antonyme/tanguer,tanguer
http://www.antonyme.org/antonyme/tann%C3%A9e,tannée
http://www.antonyme.org/antonyme/tanner,tanner
http://www.antonyme.org/antonyme/tant%C3%B4t,tantôt
http://www.antonyme.org/antonyme/tapage,tapage
http://www.antonyme.org/antonyme/tapageur,tapageur
http://www.antonyme.org/antonyme/tapageuse,tapageuse
http://www.antonyme.org/antonyme/tapageusement,tapageusement
http://www.antonyme.org/antonyme/tapant,tapant
http://www.antonyme.org/antonyme/tape-%C3%A0-l%27oeil,tape-à-l'oeil
http://www.antonyme.org/antonyme/taper,taper
http://www.antonyme.org/antonyme/tapi,tapi
http://www.antonyme.org/antonyme/tapie,tapie
http://www.antonyme.org/antonyme/tapinois,tapinois
http://www.antonyme.org/antonyme/tapisserie,tapisserie
http://www.antonyme.org/antonyme/taquet,taquet
http://www.antonyme.org/antonyme/taquin,taquin
http://www.antonyme.org/antonyme/taquine,taquine
http://www.antonyme.org/antonyme/taquiner,taquiner
http://www.antonyme.org/antonyme/taquinerie,taquinerie
http://www.antonyme.org/antonyme/taquineries,taquineries
http://www.antonyme.org/antonyme/tarabiscot%C3%A9,tarabiscoté
http://www.antonyme.org/antonyme/tarabuster,tarabuster
http://www.antonyme.org/antonyme/taraud,taraud
http://www.antonyme.org/antonyme/tard,tard
http://www.antonyme.org/antonyme/tarde,tarde
http://www.antonyme.org/antonyme/tard%C3%A9,tardé
http://www.antonyme.org/antonyme/tarder,tarder
http://www.antonyme.org/antonyme/tardif,tardif
http://www.antonyme.org/antonyme/tardive,tardive
http://www.antonyme.org/antonyme/tardivement,tardivement
http://www.antonyme.org/antonyme/tardives,tardives
http://www.antonyme.org/antonyme/tare,tare
http://www.antonyme.org/antonyme/tar%C3%A9,taré
http://www.antonyme.org/antonyme/targui,targui
http://www.antonyme.org/antonyme/tarir,tarir
http://www.antonyme.org/antonyme/tarissement,tarissement
http://www.antonyme.org/antonyme/tartufe,tartufe
http://www.antonyme.org/antonyme/tartuferie,tartuferie
http://www.antonyme.org/antonyme/tartuffe,tartuffe
http://www.antonyme.org/antonyme/tas,tas
http://www.antonyme.org/antonyme/tassa,tassa
http://www.antonyme.org/antonyme/tasse,tasse
http://www.antonyme.org/antonyme/tass%C3%A9,tassé
http://www.antonyme.org/antonyme/tasser,tasser
http://www.antonyme.org/antonyme/t%C3%A2ter,tâter
http://www.antonyme.org/antonyme/tatillon,tatillon
http://www.antonyme.org/antonyme/tatillonne,tatillonne
http://www.antonyme.org/antonyme/t%C3%A2tonnant,tâtonnant
http://www.antonyme.org/antonyme/t%C3%A2tonnement,tâtonnement
http://www.antonyme.org/antonyme/t%C3%A2tonner,tâtonner
http://www.antonyme.org/antonyme/taudis,taudis
http://www.antonyme.org/antonyme/tautologie,tautologie
http://www.antonyme.org/antonyme/tautologique,tautologique
http://www.antonyme.org/antonyme/taxation,taxation
http://www.antonyme.org/antonyme/taxer,taxer
http://www.antonyme.org/antonyme/taxes,taxes
http://www.antonyme.org/antonyme/taylorisations,taylorisations
http://www.antonyme.org/antonyme/technicien,technicien
http://www.antonyme.org/antonyme/technicienne,technicienne
http://www.antonyme.org/antonyme/techniciens,techniciens
http://www.antonyme.org/antonyme/technique,technique
http://www.antonyme.org/antonyme/techniques,techniques
http://www.antonyme.org/antonyme/teigneuse,teigneuse
http://www.antonyme.org/antonyme/teigneux,teigneux
http://www.antonyme.org/antonyme/teint,teint
http://www.antonyme.org/antonyme/teinter,teinter
http://www.antonyme.org/antonyme/teinture,teinture
http://www.antonyme.org/antonyme/tel,tel
http://www.antonyme.org/antonyme/t%C3%A9l%C3%A9,télé
http://www.antonyme.org/antonyme/t%C3%A9lescopage,télescopage
http://www.antonyme.org/antonyme/t%C3%A9lescoper,télescoper
http://www.antonyme.org/antonyme/t%C3%A9l%C3%A9viseur,téléviseur
http://www.antonyme.org/antonyme/t%C3%A9l%C3%A9vision,télévision
http://www.antonyme.org/antonyme/telle+que,"telle que"
http://www.antonyme.org/antonyme/tels,tels
http://www.antonyme.org/antonyme/tels+que,"tels que"
http://www.antonyme.org/antonyme/t%C3%A9m%C3%A9raire,téméraire
http://www.antonyme.org/antonyme/t%C3%A9m%C3%A9rit%C3%A9,témérité
http://www.antonyme.org/antonyme/t%C3%A9moignage,témoignage
http://www.antonyme.org/antonyme/t%C3%A9moignages,témoignages
http://www.antonyme.org/antonyme/t%C3%A9moigne,témoigne
http://www.antonyme.org/antonyme/t%C3%A9moin,témoin
http://www.antonyme.org/antonyme/t%C3%A9moins,témoins
http://www.antonyme.org/antonyme/temp%C3%A9rance,tempérance
http://www.antonyme.org/antonyme/temp%C3%A9rant,tempérant
http://www.antonyme.org/antonyme/temp%C3%A9r%C3%A9,tempéré
http://www.antonyme.org/antonyme/temp%C3%A9r%C3%A9e,tempérée
http://www.antonyme.org/antonyme/temp%C3%A9rer,tempérer
http://www.antonyme.org/antonyme/temp%C3%AAte,tempête
http://www.antonyme.org/antonyme/temp%C3%A9tueuses,tempétueuses
http://www.antonyme.org/antonyme/temporaire,temporaire
http://www.antonyme.org/antonyme/temporairement,temporairement
http://www.antonyme.org/antonyme/temporaires,temporaires
http://www.antonyme.org/antonyme/temporel,temporel
http://www.antonyme.org/antonyme/temporellement,temporellement
http://www.antonyme.org/antonyme/temporisation,temporisation
http://www.antonyme.org/antonyme/temporisations,temporisations
http://www.antonyme.org/antonyme/temporiser,temporiser
http://www.antonyme.org/antonyme/temps,temps
http://www.antonyme.org/antonyme/temps+pass%C3%A9s,"temps passés"
http://www.antonyme.org/antonyme/tenable,tenable
http://www.antonyme.org/antonyme/tenace,tenace
http://www.antonyme.org/antonyme/tenacement,tenacement
http://www.antonyme.org/antonyme/t%C3%A9nacit%C3%A9,ténacité
http://www.antonyme.org/antonyme/tenaient,tenaient
http://www.antonyme.org/antonyme/tenait,tenait
http://www.antonyme.org/antonyme/tenant,tenant
http://www.antonyme.org/antonyme/tenants,tenants
http://www.antonyme.org/antonyme/tend,tend
http://www.antonyme.org/antonyme/tendance,tendance
http://www.antonyme.org/antonyme/tendances,tendances
http://www.antonyme.org/antonyme/tendancieux,tendancieux
http://www.antonyme.org/antonyme/tendant,tendant
http://www.antonyme.org/antonyme/tendent,tendent
http://www.antonyme.org/antonyme/tendre,tendre
http://www.antonyme.org/antonyme/tendrement,tendrement
http://www.antonyme.org/antonyme/tendresse,tendresse
http://www.antonyme.org/antonyme/tendret%C3%A9,tendreté
http://www.antonyme.org/antonyme/tendu,tendu
http://www.antonyme.org/antonyme/tendue,tendue
http://www.antonyme.org/antonyme/tendus,tendus
http://www.antonyme.org/antonyme/t%C3%A9n%C3%A8bres,ténèbres
http://www.antonyme.org/antonyme/t%C3%A9n%C3%A9breuse,ténébreuse
http://www.antonyme.org/antonyme/t%C3%A9n%C3%A9breux,ténébreux
http://www.antonyme.org/antonyme/teneur,teneur
http://www.antonyme.org/antonyme/tenir,tenir
http://www.antonyme.org/antonyme/t%C3%A9nor,ténor
http://www.antonyme.org/antonyme/tension,tension
http://www.antonyme.org/antonyme/tensions,tensions
http://www.antonyme.org/antonyme/tenta,tenta
http://www.antonyme.org/antonyme/tentaculaire,tentaculaire
http://www.antonyme.org/antonyme/tentait,tentait
http://www.antonyme.org/antonyme/tentant,tentant
http://www.antonyme.org/antonyme/tentante,tentante
http://www.antonyme.org/antonyme/tentateur,tentateur
http://www.antonyme.org/antonyme/tentation,tentation
http://www.antonyme.org/antonyme/tentations,tentations
http://www.antonyme.org/antonyme/tentative,tentative
http://www.antonyme.org/antonyme/tente,tente
http://www.antonyme.org/antonyme/tent%C3%A9,tenté
http://www.antonyme.org/antonyme/tent%C3%A9e,tentée
http://www.antonyme.org/antonyme/tentent,tentent
http://www.antonyme.org/antonyme/tenter,tenter
http://www.antonyme.org/antonyme/tentera,tentera
http://www.antonyme.org/antonyme/tent%C3%A9s,tentés
http://www.antonyme.org/antonyme/tenu,tenu
http://www.antonyme.org/antonyme/t%C3%A9nu,ténu
http://www.antonyme.org/antonyme/tenu+de,"tenu de"
http://www.antonyme.org/antonyme/tenue,tenue
http://www.antonyme.org/antonyme/tenues,tenues
http://www.antonyme.org/antonyme/t%C3%A9nuit%C3%A9,ténuité
http://www.antonyme.org/antonyme/tenure,tenure
http://www.antonyme.org/antonyme/tenus,tenus
http://www.antonyme.org/antonyme/t%C3%A9r%C3%A9brant,térébrant
http://www.antonyme.org/antonyme/tergiversation,tergiversation
http://www.antonyme.org/antonyme/terme,terme
http://www.antonyme.org/antonyme/termes,termes
http://www.antonyme.org/antonyme/terminaison,terminaison
http://www.antonyme.org/antonyme/terminal,terminal
http://www.antonyme.org/antonyme/terminale,terminale
http://www.antonyme.org/antonyme/terminaux,terminaux
http://www.antonyme.org/antonyme/termin%C3%A9,terminé
http://www.antonyme.org/antonyme/terminer,terminer
http://www.antonyme.org/antonyme/terminologie,terminologie
http://www.antonyme.org/antonyme/terminus,terminus
http://www.antonyme.org/antonyme/terne,terne
http://www.antonyme.org/antonyme/ternir,ternir
http://www.antonyme.org/antonyme/terrasse,terrasse
http://www.antonyme.org/antonyme/terrass%C3%A9,terrassé
http://www.antonyme.org/antonyme/terrasser,terrasser
http://www.antonyme.org/antonyme/terrasses,terrasses
http://www.antonyme.org/antonyme/terre,terre
http://www.antonyme.org/antonyme/terre-%C3%A0-terre,terre-à-terre
http://www.antonyme.org/antonyme/terrer,terrer
http://www.antonyme.org/antonyme/terres,terres
http://www.antonyme.org/antonyme/terrestre,terrestre
http://www.antonyme.org/antonyme/terrestres,terrestres
http://www.antonyme.org/antonyme/terreur,terreur
http://www.antonyme.org/antonyme/terreux,terreux
http://www.antonyme.org/antonyme/terrible,terrible
http://www.antonyme.org/antonyme/terriblement,terriblement
http://www.antonyme.org/antonyme/terribles,terribles
http://www.antonyme.org/antonyme/terrien,terrien
http://www.antonyme.org/antonyme/terrienne,terrienne
http://www.antonyme.org/antonyme/terrifiant,terrifiant
http://www.antonyme.org/antonyme/terrifier,terrifier
http://www.antonyme.org/antonyme/territoriale,territoriale
http://www.antonyme.org/antonyme/terrorisant,terrorisant
http://www.antonyme.org/antonyme/terroriser,terroriser
http://www.antonyme.org/antonyme/terrorisme,terrorisme
http://www.antonyme.org/antonyme/terroriste,terroriste
http://www.antonyme.org/antonyme/terroristes,terroristes
http://www.antonyme.org/antonyme/tertre,tertre
http://www.antonyme.org/antonyme/test,test
http://www.antonyme.org/antonyme/testable,testable
http://www.antonyme.org/antonyme/testament,testament
http://www.antonyme.org/antonyme/testateur,testateur
http://www.antonyme.org/antonyme/testatrice,testatrice
http://www.antonyme.org/antonyme/tester,tester
http://www.antonyme.org/antonyme/tests,tests
http://www.antonyme.org/antonyme/t%C3%AAtard,têtard
http://www.antonyme.org/antonyme/t%C3%AAte,tête
http://www.antonyme.org/antonyme/t%C3%AAte-%C3%A0-t%C3%AAte,tête-à-tête
http://www.antonyme.org/antonyme/t%C3%A9ter,téter
http://www.antonyme.org/antonyme/t%C3%AAtes,têtes
http://www.antonyme.org/antonyme/t%C3%AAtu,têtu
http://www.antonyme.org/antonyme/t%C3%AAtue,têtue
http://www.antonyme.org/antonyme/texte,texte
http://www.antonyme.org/antonyme/textuel,textuel
http://www.antonyme.org/antonyme/textuellement,textuellement
http://www.antonyme.org/antonyme/textuels,textuels
http://www.antonyme.org/antonyme/texture,texture
http://www.antonyme.org/antonyme/th%C3%A9%C3%A2tral,théâtral
http://www.antonyme.org/antonyme/th%C3%A9%C3%A2trale,théâtrale
http://www.antonyme.org/antonyme/th%C3%A9%C3%A2trales,théâtrales
http://www.antonyme.org/antonyme/th%C3%A9ba%C3%AFde,thébaïde
http://www.antonyme.org/antonyme/th%C3%A9iste,théiste
http://www.antonyme.org/antonyme/th%C3%A9ogonie,théogonie
http://www.antonyme.org/antonyme/th%C3%A9ologie,théologie
http://www.antonyme.org/antonyme/th%C3%A9ologique,théologique
http://www.antonyme.org/antonyme/th%C3%A9or%C3%A9tique,théorétique
http://www.antonyme.org/antonyme/th%C3%A9orie,théorie
http://www.antonyme.org/antonyme/th%C3%A9ories,théories
http://www.antonyme.org/antonyme/th%C3%A9orique,théorique
http://www.antonyme.org/antonyme/th%C3%A9oriquement,théoriquement
http://www.antonyme.org/antonyme/th%C3%A9oriques,théoriques
http://www.antonyme.org/antonyme/th%C3%A9rapeutique,thérapeutique
http://www.antonyme.org/antonyme/th%C3%A9rapeutiques,thérapeutiques
http://www.antonyme.org/antonyme/th%C3%A9rapie,thérapie
http://www.antonyme.org/antonyme/th%C3%A9rapies,thérapies
http://www.antonyme.org/antonyme/thermique,thermique
http://www.antonyme.org/antonyme/thermodynamique,thermodynamique
http://www.antonyme.org/antonyme/th%C3%A9saurisation,thésaurisation
http://www.antonyme.org/antonyme/th%C3%A9sauriser,thésauriser
http://www.antonyme.org/antonyme/th%C3%A9sauriseur,thésauriseur
http://www.antonyme.org/antonyme/th%C3%A8se,thèse
http://www.antonyme.org/antonyme/th%C3%A8ses,thèses
http://www.antonyme.org/antonyme/thrombose,thrombose
http://www.antonyme.org/antonyme/tic,tic
http://www.antonyme.org/antonyme/ti%C3%A9dasse,tiédasse
http://www.antonyme.org/antonyme/ti%C3%A8de,tiède
http://www.antonyme.org/antonyme/ti%C3%A8dement,tièdement
http://www.antonyme.org/antonyme/ti%C3%A9deur,tiédeur
http://www.antonyme.org/antonyme/ti%C3%A9dir,tiédir
http://www.antonyme.org/antonyme/ti%C3%A9dissement,tiédissement
http://www.antonyme.org/antonyme/tiendra,tiendra
http://www.antonyme.org/antonyme/tiendrait,tiendrait
http://www.antonyme.org/antonyme/tiendront,tiendront
http://www.antonyme.org/antonyme/tiennent,tiennent
http://www.antonyme.org/antonyme/tient,tient
http://www.antonyme.org/antonyme/tigre,tigre
http://www.antonyme.org/antonyme/tigr%C3%A9,tigré
http://www.antonyme.org/antonyme/timbre,timbre
http://www.antonyme.org/antonyme/timide,timide
http://www.antonyme.org/antonyme/timidement,timidement
http://www.antonyme.org/antonyme/timides,timides
http://www.antonyme.org/antonyme/timidit%C3%A9,timidité
http://www.antonyme.org/antonyme/timor%C3%A9,timoré
http://www.antonyme.org/antonyme/timor%C3%A9e,timorée
http://www.antonyme.org/antonyme/tintamarre,tintamarre
http://www.antonyme.org/antonyme/tintement,tintement
http://www.antonyme.org/antonyme/tintouin,tintouin
http://www.antonyme.org/antonyme/tirage,tirage
http://www.antonyme.org/antonyme/tiraillement,tiraillement
http://www.antonyme.org/antonyme/tirailler,tirailler
http://www.antonyme.org/antonyme/tiraillerie,tiraillerie
http://www.antonyme.org/antonyme/tirent,tirent
http://www.antonyme.org/antonyme/tirer,tirer
http://www.antonyme.org/antonyme/tireur,tireur
http://www.antonyme.org/antonyme/tiroir,tiroir
http://www.antonyme.org/antonyme/tiroirs,tiroirs
http://www.antonyme.org/antonyme/tissu,tissu
http://www.antonyme.org/antonyme/titan,titan
http://www.antonyme.org/antonyme/titanesque,titanesque
http://www.antonyme.org/antonyme/titanique,titanique
http://www.antonyme.org/antonyme/titillant,titillant
http://www.antonyme.org/antonyme/titiller,titiller
http://www.antonyme.org/antonyme/titre,titre
http://www.antonyme.org/antonyme/titres,titres
http://www.antonyme.org/antonyme/titubant,titubant
http://www.antonyme.org/antonyme/titulaire,titulaire
http://www.antonyme.org/antonyme/titulaires,titulaires
http://www.antonyme.org/antonyme/titularis%C3%A9,titularisé
http://www.antonyme.org/antonyme/tocade,tocade
http://www.antonyme.org/antonyme/tohu-bohu,tohu-bohu
http://www.antonyme.org/antonyme/toilettage,toilettage
http://www.antonyme.org/antonyme/toilette,toilette
http://www.antonyme.org/antonyme/toiletter,toiletter
http://www.antonyme.org/antonyme/toilettes,toilettes
http://www.antonyme.org/antonyme/toise,toise
http://www.antonyme.org/antonyme/tois%C3%A9,toisé
http://www.antonyme.org/antonyme/toit,toit
http://www.antonyme.org/antonyme/toits,toits
http://www.antonyme.org/antonyme/toiture,toiture
http://www.antonyme.org/antonyme/tol%C3%A9rable,tolérable
http://www.antonyme.org/antonyme/tol%C3%A9rance,tolérance
http://www.antonyme.org/antonyme/tol%C3%A9rant,tolérant
http://www.antonyme.org/antonyme/tol%C3%A9rante,tolérante
http://www.antonyme.org/antonyme/tol%C3%A9rants,tolérants
http://www.antonyme.org/antonyme/tol%C3%A9rer,tolérer
http://www.antonyme.org/antonyme/t%C3%B4lerie,tôlerie
http://www.antonyme.org/antonyme/toll%C3%A9,tollé
http://www.antonyme.org/antonyme/tombait,tombait
http://www.antonyme.org/antonyme/tombant,tombant
http://www.antonyme.org/antonyme/tomb%C3%A9e,tombée
http://www.antonyme.org/antonyme/tomb%C3%A9es,tombées
http://www.antonyme.org/antonyme/tombelle,tombelle
http://www.antonyme.org/antonyme/tombent,tombent
http://www.antonyme.org/antonyme/tomber,tomber
http://www.antonyme.org/antonyme/tonal,tonal
http://www.antonyme.org/antonyme/tondre,tondre
http://www.antonyme.org/antonyme/tonicit%C3%A9,tonicité
http://www.antonyme.org/antonyme/tonifiant,tonifiant
http://www.antonyme.org/antonyme/tonique,tonique
http://www.antonyme.org/antonyme/tonitruant,tonitruant
http://www.antonyme.org/antonyme/tonitruante,tonitruante
http://www.antonyme.org/antonyme/tonitruer,tonitruer
http://www.antonyme.org/antonyme/tonnage,tonnage
http://www.antonyme.org/antonyme/tonnant,tonnant
http://www.antonyme.org/antonyme/tonus,tonus
http://www.antonyme.org/antonyme/toquade,toquade
http://www.antonyme.org/antonyme/toqu%C3%A9,toqué
http://www.antonyme.org/antonyme/toquer,toquer
http://www.antonyme.org/antonyme/torche,torche
http://www.antonyme.org/antonyme/torch%C3%A9e,torchée
http://www.antonyme.org/antonyme/torcher,torcher
http://www.antonyme.org/antonyme/torchonner,torchonner
http://www.antonyme.org/antonyme/tordant,tordant
http://www.antonyme.org/antonyme/tordre,tordre
http://www.antonyme.org/antonyme/tordu,tordu
http://www.antonyme.org/antonyme/tordue,tordue
http://www.antonyme.org/antonyme/torpeur,torpeur
http://www.antonyme.org/antonyme/torpeurs,torpeurs
http://www.antonyme.org/antonyme/torpiller,torpiller
http://www.antonyme.org/antonyme/torrent,torrent
http://www.antonyme.org/antonyme/torrent+de,"torrent de"
http://www.antonyme.org/antonyme/torrentiel,torrentiel
http://www.antonyme.org/antonyme/torrentueuse,torrentueuse
http://www.antonyme.org/antonyme/torride,torride
http://www.antonyme.org/antonyme/tors,tors
http://www.antonyme.org/antonyme/torsion,torsion
http://www.antonyme.org/antonyme/tort,tort
http://www.antonyme.org/antonyme/tortiller,tortiller
http://www.antonyme.org/antonyme/tortionnaire,tortionnaire
http://www.antonyme.org/antonyme/tortorer,tortorer
http://www.antonyme.org/antonyme/torts,torts
http://www.antonyme.org/antonyme/tortu,tortu
http://www.antonyme.org/antonyme/tortueux,tortueux
http://www.antonyme.org/antonyme/torture,torture
http://www.antonyme.org/antonyme/tortur%C3%A9,torturé
http://www.antonyme.org/antonyme/torturer,torturer
http://www.antonyme.org/antonyme/tortures,tortures
http://www.antonyme.org/antonyme/tortur%C3%A9s,torturés
http://www.antonyme.org/antonyme/torve,torve
http://www.antonyme.org/antonyme/t%C3%B4t,tôt
http://www.antonyme.org/antonyme/total,total
http://www.antonyme.org/antonyme/totale,totale
http://www.antonyme.org/antonyme/totalement,totalement
http://www.antonyme.org/antonyme/totalisable,totalisable
http://www.antonyme.org/antonyme/totaliser,totaliser
http://www.antonyme.org/antonyme/totalitaire,totalitaire
http://www.antonyme.org/antonyme/totalitarisme,totalitarisme
http://www.antonyme.org/antonyme/totalit%C3%A9,totalité
http://www.antonyme.org/antonyme/totaux,totaux
http://www.antonyme.org/antonyme/touchait,touchait
http://www.antonyme.org/antonyme/touchant,touchant
http://www.antonyme.org/antonyme/touche,touche
http://www.antonyme.org/antonyme/touch%C3%A9,touché
http://www.antonyme.org/antonyme/touch%C3%A9e,touchée
http://www.antonyme.org/antonyme/touch%C3%A9es,touchées
http://www.antonyme.org/antonyme/touchent,touchent
http://www.antonyme.org/antonyme/toucher,toucher
http://www.antonyme.org/antonyme/touches,touches
http://www.antonyme.org/antonyme/touch%C3%A9s,touchés
http://www.antonyme.org/antonyme/touffeur,touffeur
http://www.antonyme.org/antonyme/touffu,touffu
http://www.antonyme.org/antonyme/touffue,touffue
http://www.antonyme.org/antonyme/touiller,touiller
http://www.antonyme.org/antonyme/toujours,toujours
http://www.antonyme.org/antonyme/toupet,toupet
http://www.antonyme.org/antonyme/tour,tour
http://www.antonyme.org/antonyme/tourbe,tourbe
http://www.antonyme.org/antonyme/tourbillon,tourbillon
http://www.antonyme.org/antonyme/tourbillonnaire,tourbillonnaire
http://www.antonyme.org/antonyme/tourbillonner,tourbillonner
http://www.antonyme.org/antonyme/tourment,tourment
http://www.antonyme.org/antonyme/tourmente,tourmente
http://www.antonyme.org/antonyme/tourment%C3%A9,tourmenté
http://www.antonyme.org/antonyme/tourment%C3%A9e,tourmentée
http://www.antonyme.org/antonyme/tourmenter,tourmenter
http://www.antonyme.org/antonyme/tourmenteur,tourmenteur
http://www.antonyme.org/antonyme/tournages,tournages
http://www.antonyme.org/antonyme/tournant,tournant
http://www.antonyme.org/antonyme/tournebroche,tournebroche
http://www.antonyme.org/antonyme/tourn%C3%A9es,tournées
http://www.antonyme.org/antonyme/tourner,tourner
http://www.antonyme.org/antonyme/tournoi,tournoi
http://www.antonyme.org/antonyme/tournois,tournois
http://www.antonyme.org/antonyme/tournoyer,tournoyer
http://www.antonyme.org/antonyme/tournure,tournure
http://www.antonyme.org/antonyme/tours,tours
http://www.antonyme.org/antonyme/tousser,tousser
http://www.antonyme.org/antonyme/tout,tout
http://www.antonyme.org/antonyme/toutes,toutes
http://www.antonyme.org/antonyme/toxicit%C3%A9,toxicité
http://www.antonyme.org/antonyme/toxicomanie,toxicomanie
http://www.antonyme.org/antonyme/toxique,toxique
http://www.antonyme.org/antonyme/toxiques,toxiques
http://www.antonyme.org/antonyme/tracas,tracas
http://www.antonyme.org/antonyme/tracasser,tracasser
http://www.antonyme.org/antonyme/tracassin,tracassin
http://www.antonyme.org/antonyme/trace,trace
http://www.antonyme.org/antonyme/trac%C3%A9,tracé
http://www.antonyme.org/antonyme/trace+de+pas,"trace de pas"
http://www.antonyme.org/antonyme/tracer,tracer
http://www.antonyme.org/antonyme/traces,traces
http://www.antonyme.org/antonyme/tract,tract
http://www.antonyme.org/antonyme/traction,traction
http://www.antonyme.org/antonyme/tracts,tracts
http://www.antonyme.org/antonyme/trader,trader
http://www.antonyme.org/antonyme/traditionalisme,traditionalisme
http://www.antonyme.org/antonyme/traditionaliste,traditionaliste
http://www.antonyme.org/antonyme/traditionnel,traditionnel
http://www.antonyme.org/antonyme/traditionnelle,traditionnelle
http://www.antonyme.org/antonyme/traditionnellement,traditionnellement
http://www.antonyme.org/antonyme/traditionnelles,traditionnelles
http://www.antonyme.org/antonyme/traditionnels,traditionnels
http://www.antonyme.org/antonyme/traduction,traduction
http://www.antonyme.org/antonyme/traductions,traductions
http://www.antonyme.org/antonyme/traduire,traduire
http://www.antonyme.org/antonyme/traduisible,traduisible
http://www.antonyme.org/antonyme/trafiquante,trafiquante
http://www.antonyme.org/antonyme/trag%C3%A9die,tragédie
http://www.antonyme.org/antonyme/tragique,tragique
http://www.antonyme.org/antonyme/tragiquement,tragiquement
http://www.antonyme.org/antonyme/tragiques,tragiques
http://www.antonyme.org/antonyme/trahir,trahir
http://www.antonyme.org/antonyme/trahison,trahison
http://www.antonyme.org/antonyme/train-train,train-train
http://www.antonyme.org/antonyme/tra%C3%AEnard,traînard
http://www.antonyme.org/antonyme/tra%C3%AEnarde,traînarde
http://www.antonyme.org/antonyme/tra%C3%AEnent,traînent
http://www.antonyme.org/antonyme/tra%C3%AEner,traîner
http://www.antonyme.org/antonyme/trait,trait
http://www.antonyme.org/antonyme/trait+d%27union,"trait d'union"
http://www.antonyme.org/antonyme/traitable,traitable
http://www.antonyme.org/antonyme/traite,traite
http://www.antonyme.org/antonyme/trait%C3%A9,traité
http://www.antonyme.org/antonyme/traitement,traitement
http://www.antonyme.org/antonyme/traitements,traitements
http://www.antonyme.org/antonyme/traiter,traiter
http://www.antonyme.org/antonyme/traites,traites
http://www.antonyme.org/antonyme/trait%C3%A9s,traités
http://www.antonyme.org/antonyme/tra%C3%AEtre,traître
http://www.antonyme.org/antonyme/tra%C3%AEtres,traîtres
http://www.antonyme.org/antonyme/tra%C3%AEtresse,traîtresse
http://www.antonyme.org/antonyme/tra%C3%AEtrise,traîtrise
http://www.antonyme.org/antonyme/traits,traits
http://www.antonyme.org/antonyme/trajectoire,trajectoire
http://www.antonyme.org/antonyme/tralala,tralala
http://www.antonyme.org/antonyme/tranchant,tranchant
http://www.antonyme.org/antonyme/tranche,tranche
http://www.antonyme.org/antonyme/tranch%C3%A9,tranché
http://www.antonyme.org/antonyme/tranch%C3%A9es,tranchées
http://www.antonyme.org/antonyme/trancher,trancher
http://www.antonyme.org/antonyme/tranches,tranches
http://www.antonyme.org/antonyme/tranquille,tranquille
http://www.antonyme.org/antonyme/tranquillement,tranquillement
http://www.antonyme.org/antonyme/tranquilles,tranquilles
http://www.antonyme.org/antonyme/tranquillisant,tranquillisant
http://www.antonyme.org/antonyme/tranquilliser,tranquilliser
http://www.antonyme.org/antonyme/tranquillit%C3%A9,tranquillité
http://www.antonyme.org/antonyme/transactions,transactions
http://www.antonyme.org/antonyme/transcendant,transcendant
http://www.antonyme.org/antonyme/transcodage,transcodage
http://www.antonyme.org/antonyme/transcription,transcription
http://www.antonyme.org/antonyme/transcrire,transcrire
http://www.antonyme.org/antonyme/transe,transe
http://www.antonyme.org/antonyme/transf%C3%A9rable,transférable
http://www.antonyme.org/antonyme/transf%C3%A9r%C3%A9,transféré
http://www.antonyme.org/antonyme/transfigurer,transfigurer
http://www.antonyme.org/antonyme/transformable,transformable
http://www.antonyme.org/antonyme/transformation,transformation
http://www.antonyme.org/antonyme/transformations,transformations
http://www.antonyme.org/antonyme/transformer,transformer
http://www.antonyme.org/antonyme/transformisme,transformisme
http://www.antonyme.org/antonyme/transgression,transgression
http://www.antonyme.org/antonyme/transhumer,transhumer
http://www.antonyme.org/antonyme/transi,transi
http://www.antonyme.org/antonyme/transir,transir
http://www.antonyme.org/antonyme/transiter,transiter
http://www.antonyme.org/antonyme/transition,transition
http://www.antonyme.org/antonyme/transitoire,transitoire
http://www.antonyme.org/antonyme/translucide,translucide
http://www.antonyme.org/antonyme/transmettre,transmettre
http://www.antonyme.org/antonyme/transmises,transmises
http://www.antonyme.org/antonyme/transmissibilit%C3%A9,transmissibilité
http://www.antonyme.org/antonyme/transmissible,transmissible
http://www.antonyme.org/antonyme/transmission,transmission
http://www.antonyme.org/antonyme/transmissions,transmissions
http://www.antonyme.org/antonyme/transmuer,transmuer
http://www.antonyme.org/antonyme/transmuter,transmuter
http://www.antonyme.org/antonyme/transpara%C3%AEtre,transparaître
http://www.antonyme.org/antonyme/transparence,transparence
http://www.antonyme.org/antonyme/transparent,transparent
http://www.antonyme.org/antonyme/transparente,transparente
http://www.antonyme.org/antonyme/transpercement,transpercement
http://www.antonyme.org/antonyme/transpercer,transpercer
http://www.antonyme.org/antonyme/transpirer,transpirer
http://www.antonyme.org/antonyme/transplanter,transplanter
http://www.antonyme.org/antonyme/transport,transport
http://www.antonyme.org/antonyme/transporte,transporte
http://www.antonyme.org/antonyme/transport%C3%A9,transporté
http://www.antonyme.org/antonyme/transporter,transporter
http://www.antonyme.org/antonyme/transport%C3%A9s,transportés
http://www.antonyme.org/antonyme/transports,transports
http://www.antonyme.org/antonyme/transposable,transposable
http://www.antonyme.org/antonyme/transposer,transposer
http://www.antonyme.org/antonyme/transversal,transversal
http://www.antonyme.org/antonyme/trap%C3%A9ziste,trapéziste
http://www.antonyme.org/antonyme/trapu,trapu
http://www.antonyme.org/antonyme/trapue,trapue
http://www.antonyme.org/antonyme/traquer,traquer
http://www.antonyme.org/antonyme/traqueur,traqueur
http://www.antonyme.org/antonyme/traumatiser,traumatiser
http://www.antonyme.org/antonyme/traumatisme,traumatisme
http://www.antonyme.org/antonyme/travail,travail
http://www.antonyme.org/antonyme/travaillaient,travaillaient
http://www.antonyme.org/antonyme/travaillait,travaillait
http://www.antonyme.org/antonyme/travaillant,travaillant
http://www.antonyme.org/antonyme/travaille,travaille
http://www.antonyme.org/antonyme/travaill%C3%A9,travaillé
http://www.antonyme.org/antonyme/travaillent,travaillent
http://www.antonyme.org/antonyme/travailler,travailler
http://www.antonyme.org/antonyme/travailleur,travailleur
http://www.antonyme.org/antonyme/travailleurs,travailleurs
http://www.antonyme.org/antonyme/travailleuse,travailleuse
http://www.antonyme.org/antonyme/travaillons,travaillons
http://www.antonyme.org/antonyme/travaux,travaux
http://www.antonyme.org/antonyme/travaux+forc%C3%A9s,"travaux forcés"
http://www.antonyme.org/antonyme/travers,travers
http://www.antonyme.org/antonyme/travers%C3%A9,traversé
http://www.antonyme.org/antonyme/traverser,traverser
http://www.antonyme.org/antonyme/tr%C3%A9buchant,trébuchant
http://www.antonyme.org/antonyme/tr%C3%A9fonds,tréfonds
http://www.antonyme.org/antonyme/treillage,treillage
http://www.antonyme.org/antonyme/tremblant,tremblant
http://www.antonyme.org/antonyme/tremblement,tremblement
http://www.antonyme.org/antonyme/tremblement+de+terre,"tremblement de terre"
http://www.antonyme.org/antonyme/tremblements,tremblements
http://www.antonyme.org/antonyme/trembler,trembler
http://www.antonyme.org/antonyme/trembleur,trembleur
http://www.antonyme.org/antonyme/trembleuse,trembleuse
http://www.antonyme.org/antonyme/trempe,trempe
http://www.antonyme.org/antonyme/tremp%C3%A9,trempé
http://www.antonyme.org/antonyme/tremper,tremper
http://www.antonyme.org/antonyme/tr%C3%A9pan,trépan
http://www.antonyme.org/antonyme/tr%C3%A9pas,trépas
http://www.antonyme.org/antonyme/tr%C3%A9passer,trépasser
http://www.antonyme.org/antonyme/tr%C3%A9pidant,trépidant
http://www.antonyme.org/antonyme/tr%C3%A9pidante,trépidante
http://www.antonyme.org/antonyme/tr%C3%A8s,très
http://www.antonyme.org/antonyme/tr%C3%A9sor,trésor
http://www.antonyme.org/antonyme/tr%C3%A9sors,trésors
http://www.antonyme.org/antonyme/tressaillement,tressaillement
http://www.antonyme.org/antonyme/tressautement,tressautement
http://www.antonyme.org/antonyme/tresser,tresser
http://www.antonyme.org/antonyme/tr%C3%AAve,trêve
http://www.antonyme.org/antonyme/tri,tri
http://www.antonyme.org/antonyme/tribord,tribord
http://www.antonyme.org/antonyme/tribu,tribu
http://www.antonyme.org/antonyme/tribune,tribune
http://www.antonyme.org/antonyme/tribus,tribus
http://www.antonyme.org/antonyme/tribut,tribut
http://www.antonyme.org/antonyme/tributaire,tributaire
http://www.antonyme.org/antonyme/tricher,tricher
http://www.antonyme.org/antonyme/tricherie,tricherie
http://www.antonyme.org/antonyme/trier,trier
http://www.antonyme.org/antonyme/trifouiller,trifouiller
http://www.antonyme.org/antonyme/trimard,trimard
http://www.antonyme.org/antonyme/trimer,trimer
http://www.antonyme.org/antonyme/trinquer,trinquer
http://www.antonyme.org/antonyme/triomphant,triomphant
http://www.antonyme.org/antonyme/triomphante,triomphante
http://www.antonyme.org/antonyme/triomphateur,triomphateur
http://www.antonyme.org/antonyme/triomphe,triomphe
http://www.antonyme.org/antonyme/triompher,triompher
http://www.antonyme.org/antonyme/tripatouiller,tripatouiller
http://www.antonyme.org/antonyme/tripe,tripe
http://www.antonyme.org/antonyme/tripes,tripes
http://www.antonyme.org/antonyme/tripoter,tripoter
http://www.antonyme.org/antonyme/trisser,trisser
http://www.antonyme.org/antonyme/triste,triste
http://www.antonyme.org/antonyme/tristement,tristement
http://www.antonyme.org/antonyme/tristes,tristes
http://www.antonyme.org/antonyme/tristesse,tristesse
http://www.antonyme.org/antonyme/tristounet,tristounet
http://www.antonyme.org/antonyme/triturer,triturer
http://www.antonyme.org/antonyme/trivial,trivial
http://www.antonyme.org/antonyme/triviale,triviale
http://www.antonyme.org/antonyme/trivialement,trivialement
http://www.antonyme.org/antonyme/trivialit%C3%A9,trivialité
http://www.antonyme.org/antonyme/trognon,trognon
http://www.antonyme.org/antonyme/tromper,tromper
http://www.antonyme.org/antonyme/tromperie,tromperie
http://www.antonyme.org/antonyme/trompeur,trompeur
http://www.antonyme.org/antonyme/trompeuse,trompeuse
http://www.antonyme.org/antonyme/trompeusement,trompeusement
http://www.antonyme.org/antonyme/tron%C3%A7on,tronçon
http://www.antonyme.org/antonyme/tron%C3%A7onner,tronçonner
http://www.antonyme.org/antonyme/tr%C3%B4ner,trôner
http://www.antonyme.org/antonyme/tronqu%C3%A9,tronqué
http://www.antonyme.org/antonyme/trop,trop
http://www.antonyme.org/antonyme/tropical,tropical
http://www.antonyme.org/antonyme/tropicale,tropicale
http://www.antonyme.org/antonyme/troquer,troquer
http://www.antonyme.org/antonyme/trou,trou
http://www.antonyme.org/antonyme/troublant,troublant
http://www.antonyme.org/antonyme/troublante,troublante
http://www.antonyme.org/antonyme/trouble,trouble
http://www.antonyme.org/antonyme/troubl%C3%A9,troublé
http://www.antonyme.org/antonyme/trouble-f%C3%AAte,trouble-fête
http://www.antonyme.org/antonyme/troubl%C3%A9e,troublée
http://www.antonyme.org/antonyme/troubler,troubler
http://www.antonyme.org/antonyme/troubles,troubles
http://www.antonyme.org/antonyme/trou%C3%A9e,trouée
http://www.antonyme.org/antonyme/trouer,trouer
http://www.antonyme.org/antonyme/trouillard,trouillard
http://www.antonyme.org/antonyme/trouillarde,trouillarde
http://www.antonyme.org/antonyme/trouille,trouille
http://www.antonyme.org/antonyme/troupe,troupe
http://www.antonyme.org/antonyme/troupeau,troupeau
http://www.antonyme.org/antonyme/troupes,troupes
http://www.antonyme.org/antonyme/trous,trous
http://www.antonyme.org/antonyme/trousse,trousse
http://www.antonyme.org/antonyme/trouvaille,trouvaille
http://www.antonyme.org/antonyme/trouver,trouver
http://www.antonyme.org/antonyme/truand,truand
http://www.antonyme.org/antonyme/truands,truands
http://www.antonyme.org/antonyme/trublion,trublion
http://www.antonyme.org/antonyme/truculence,truculence
http://www.antonyme.org/antonyme/truculent,truculent
http://www.antonyme.org/antonyme/truisme,truisme
http://www.antonyme.org/antonyme/truqu%C3%A9,truqué
http://www.antonyme.org/antonyme/truqu%C3%A9e,truquée
http://www.antonyme.org/antonyme/truquer,truquer
http://www.antonyme.org/antonyme/truster,truster
http://www.antonyme.org/antonyme/tsigane,tsigane
http://www.antonyme.org/antonyme/tuant,tuant
http://www.antonyme.org/antonyme/tube,tube
http://www.antonyme.org/antonyme/tubes,tubes
http://www.antonyme.org/antonyme/tubulure,tubulure
http://www.antonyme.org/antonyme/tuer,tuer
http://www.antonyme.org/antonyme/tuerie,tuerie
http://www.antonyme.org/antonyme/tuile,tuile
http://www.antonyme.org/antonyme/tumulte,tumulte
http://www.antonyme.org/antonyme/tumultueusement,tumultueusement
http://www.antonyme.org/antonyme/tumultueux,tumultueux
http://www.antonyme.org/antonyme/tumulus,tumulus
http://www.antonyme.org/antonyme/tuner,tuner
http://www.antonyme.org/antonyme/turbin,turbin
http://www.antonyme.org/antonyme/turbiner,turbiner
http://www.antonyme.org/antonyme/turbo,turbo
http://www.antonyme.org/antonyme/turbulence,turbulence
http://www.antonyme.org/antonyme/turbulences,turbulences
http://www.antonyme.org/antonyme/turbulent,turbulent
http://www.antonyme.org/antonyme/turbulente,turbulente
http://www.antonyme.org/antonyme/turlupin,turlupin
http://www.antonyme.org/antonyme/turn-over,turn-over
http://www.antonyme.org/antonyme/turnes,turnes
http://www.antonyme.org/antonyme/turpide,turpide
http://www.antonyme.org/antonyme/turpitude,turpitude
http://www.antonyme.org/antonyme/tut%C3%A9laire,tutélaire
http://www.antonyme.org/antonyme/tuteur,tuteur
http://www.antonyme.org/antonyme/tuyau,tuyau
http://www.antonyme.org/antonyme/tuyauter,tuyauter
http://www.antonyme.org/antonyme/tuyauterie,tuyauterie
http://www.antonyme.org/antonyme/tympaniser,tympaniser
http://www.antonyme.org/antonyme/typage,typage
http://www.antonyme.org/antonyme/type,type
http://www.antonyme.org/antonyme/typ%C3%A9,typé
http://www.antonyme.org/antonyme/types,types
http://www.antonyme.org/antonyme/typique,typique
http://www.antonyme.org/antonyme/typologie,typologie
http://www.antonyme.org/antonyme/tyran,tyran
http://www.antonyme.org/antonyme/tyrannie,tyrannie
http://www.antonyme.org/antonyme/tyrannique,tyrannique
http://www.antonyme.org/antonyme/tyranniques,tyranniques
http://www.antonyme.org/antonyme/tyranniser,tyranniser
http://www.antonyme.org/antonyme/timide,Timide
http://www.antonyme.org/antonyme/confirmer,Confirmer
http://www.antonyme.org/antonyme/misogyne,Misogyne
http://www.antonyme.org/antonyme/modeste,Modeste
http://www.antonyme.org/antonyme/tardif,Tardif
http://www.antonyme.org/antonyme/liberté,Liberté
http://www.antonyme.org/antonyme/sérieux,Sérieux
http://www.antonyme.org/antonyme/atout,Atout
http://www.antonyme.org/antonyme/confiance,Confiance
http://www.antonyme.org/antonyme/précéder,Précéder
http://www.antonyme.org/antonyme/important,Important
http://www.antonyme.org/antonyme/ponctuel,Ponctuel
http://www.antonyme.org/antonyme/monotone,Monotone
http://www.antonyme.org/antonyme/fiable,Fiable
http://www.antonyme.org/antonyme/original,Original
"http://www.antonyme.org/antonyme/à l'instar","à l instar"
http://www.antonyme.org/antonyme/trouver,Trouver
http://www.antonyme.org/antonyme/amour,Amour
http://www.antonyme.org/antonyme/faire,faire
"http://www.antonyme.org/antonyme/en plus","en plus"
http://www.antonyme.org/antonyme/anglais,anglais
http://www.antonyme.org/antonyme/mettre,mettre
"http://www.antonyme.org/antonyme/en effet","en effet"
http://www.antonyme.org/antonyme/contraire,contraire
http://www.antonyme.org/antonyme/être,être
http://www.antonyme.org/antonyme/avoir,avoir
http://www.antonyme.org/antonyme/problème,problème
http://www.antonyme.org/antonyme/pour,pour
http://www.antonyme.org/antonyme/travail,travail
http://www.antonyme.org/antonyme/créer,créer
http://www.antonyme.org/antonyme/demander,demander
http://www.antonyme.org/antonyme/bien,bien
http://www.antonyme.org/antonyme/important,important
http://www.antonyme.org/antonyme/prendre,prendre
http://www.antonyme.org/antonyme/experience,expérience
http://www.antonyme.org/antonyme/amour,amour
http://www.antonyme.org/antonyme/dire,dire
http://www.antonyme.org/antonyme/trouver,trouver
http://www.antonyme.org/antonyme/augmenter,augmenter
http://www.antonyme.org/antonyme/installer,installer
"http://www.antonyme.org/antonyme/en fait","en fait"
http://www.antonyme.org/antonyme/voir,voir
http://www.antonyme.org/antonyme/aimer,aimer
http://www.antonyme.org/antonyme/temps,temps
http://www.antonyme.org/antonyme/petit,petit
http://www.antonyme.org/antonyme/obtenir,obtenir
http://www.antonyme.org/antonyme/analyse,analyse
http://www.antonyme.org/antonyme/utiliser,utiliser
http://www.antonyme.org/antonyme/savoir,savoir
http://www.antonyme.org/antonyme/montrer,montrer
http://www.antonyme.org/antonyme/développer,développer
http://www.antonyme.org/antonyme/origine,origine
http://www.antonyme.org/antonyme/fin,fin
"http://www.antonyme.org/antonyme/du coup","du coup"
"http://www.antonyme.org/antonyme/en ligne","en ligne"
http://www.antonyme.org/antonyme/changer,changer
http://www.antonyme.org/antonyme/oeuvre,oeuvre
http://www.antonyme.org/antonyme/intéresser,intéresser
http://www.antonyme.org/antonyme/bonne,bonne
http://www.antonyme.org/antonyme/présentation,présentation
http://www.antonyme.org/antonyme/aide,aide
http://www.antonyme.org/antonyme/différent,différent
http://www.antonyme.org/antonyme/vie,vie
http://www.antonyme.org/antonyme/aider,aider
http://www.antonyme.org/antonyme/réaliser,réaliser
http://www.antonyme.org/antonyme/cause,cause
http://www.antonyme.org/antonyme/souhaiter,souhaiter
http://www.antonyme.org/antonyme/belle,belle
http://www.antonyme.org/antonyme/découvrir,découvrir
http://www.antonyme.org/antonyme/intéressant,intéressant
http://www.antonyme.org/antonyme/présenter,présenter
"http://www.antonyme.org/antonyme/suite à","suite à"
http://www.antonyme.org/antonyme/intégrer,intégrer
http://www.antonyme.org/antonyme/grand,grand
http://www.antonyme.org/antonyme/connaître,connaître
http://www.antonyme.org/antonyme/démonter,démonter
http://www.antonyme.org/antonyme/effectuer,effectuer
http://www.antonyme.org/antonyme/beau,beau
http://www.antonyme.org/antonyme/connaissance,connaissance
http://www.antonyme.org/antonyme/emploi,emploi
http://www.antonyme.org/antonyme/recherche,recherche
"http://www.antonyme.org/antonyme/par contre","par contre"
http://www.antonyme.org/antonyme/parler,parler
http://www.antonyme.org/antonyme/explication,explication
http://www.antonyme.org/antonyme/penser,penser
http://www.antonyme.org/antonyme/avec,avec
http://www.antonyme.org/antonyme/triste,triste
http://www.antonyme.org/antonyme/regarder,regarder
http://www.antonyme.org/antonyme/travailler,travailler
http://www.antonyme.org/antonyme/améliorer,améliorer
http://www.antonyme.org/antonyme/tristesse,tristesse
http://www.antonyme.org/antonyme/passer,passer
http://www.antonyme.org/antonyme/création,création
http://www.antonyme.org/antonyme/acquérir,acquérir
"http://www.antonyme.org/antonyme/ainsi que","ainsi que"
http://www.antonyme.org/antonyme/intérêt,intérêt
http://www.antonyme.org/antonyme/passionné,passionné
http://www.antonyme.org/antonyme/peur,peur
http://www.antonyme.org/antonyme/adapter,adapter
http://www.antonyme.org/antonyme/rechercher,rechercher
http://www.antonyme.org/antonyme/passion,passion
http://www.antonyme.org/antonyme/accord,accord
http://www.antonyme.org/antonyme/organisation,organisation
http://www.antonyme.org/antonyme/compétence,compétence
