http://www.antonyme.org/antonyme/ulc%C3%A9rer,ulcérer
http://www.antonyme.org/antonyme/ult%C3%A9rieur,ultérieur
http://www.antonyme.org/antonyme/ult%C3%A9rieurement,ultérieurement
http://www.antonyme.org/antonyme/ultime,ultime
http://www.antonyme.org/antonyme/Ultra,Ultra
http://www.antonyme.org/antonyme/ultra,ultra
http://www.antonyme.org/antonyme/ultramontain,ultramontain
http://www.antonyme.org/antonyme/ululer,ululer
http://www.antonyme.org/antonyme/un,un
http://www.antonyme.org/antonyme/unanimement,unanimement
http://www.antonyme.org/antonyme/unanimit%C3%A9,unanimité
http://www.antonyme.org/antonyme/une,une
http://www.antonyme.org/antonyme/unes,unes
http://www.antonyme.org/antonyme/uni,uni
http://www.antonyme.org/antonyme/unicit%C3%A9,unicité
http://www.antonyme.org/antonyme/unicolore,unicolore
http://www.antonyme.org/antonyme/unie,unie
http://www.antonyme.org/antonyme/unies,unies
http://www.antonyme.org/antonyme/unification,unification
http://www.antonyme.org/antonyme/unifier,unifier
http://www.antonyme.org/antonyme/uniforme,uniforme
http://www.antonyme.org/antonyme/uniformes,uniformes
http://www.antonyme.org/antonyme/uniformiser,uniformiser
http://www.antonyme.org/antonyme/uniformit%C3%A9,uniformité
http://www.antonyme.org/antonyme/unilat%C3%A9ral,unilatéral
http://www.antonyme.org/antonyme/unilat%C3%A9rale,unilatérale
http://www.antonyme.org/antonyme/unilat%C3%A9ralement,unilatéralement
http://www.antonyme.org/antonyme/union,union
http://www.antonyme.org/antonyme/Union+Sovi%C3%A9tique,"Union Soviétique"
http://www.antonyme.org/antonyme/unions,unions
http://www.antonyme.org/antonyme/unique,unique
http://www.antonyme.org/antonyme/uniquement,uniquement
http://www.antonyme.org/antonyme/uniques,uniques
http://www.antonyme.org/antonyme/unir,unir
http://www.antonyme.org/antonyme/unis,unis
http://www.antonyme.org/antonyme/unisexu%C3%A9,unisexué
http://www.antonyme.org/antonyme/unisson,unisson
http://www.antonyme.org/antonyme/unit%C3%A9,unité
http://www.antonyme.org/antonyme/unit%C3%A9s,unités
http://www.antonyme.org/antonyme/universalisation,universalisation
http://www.antonyme.org/antonyme/universaliser,universaliser
http://www.antonyme.org/antonyme/universalit%C3%A9,universalité
http://www.antonyme.org/antonyme/universel,universel
http://www.antonyme.org/antonyme/universelle,universelle
http://www.antonyme.org/antonyme/universellement,universellement
http://www.antonyme.org/antonyme/universels,universels
http://www.antonyme.org/antonyme/uranien,uranien
http://www.antonyme.org/antonyme/urbain,urbain
http://www.antonyme.org/antonyme/urbaine,urbaine
http://www.antonyme.org/antonyme/urbaines,urbaines
http://www.antonyme.org/antonyme/urbains,urbains
http://www.antonyme.org/antonyme/urbanit%C3%A9,urbanité
http://www.antonyme.org/antonyme/urgences,urgences
http://www.antonyme.org/antonyme/urgente,urgente
http://www.antonyme.org/antonyme/usag%C3%A9,usagé
http://www.antonyme.org/antonyme/usage,usage
http://www.antonyme.org/antonyme/usager,usager
http://www.antonyme.org/antonyme/usagers,usagers
http://www.antonyme.org/antonyme/usages,usages
http://www.antonyme.org/antonyme/use,use
http://www.antonyme.org/antonyme/us%C3%A9,usé
http://www.antonyme.org/antonyme/us%C3%A9e,usée
http://www.antonyme.org/antonyme/user,user
http://www.antonyme.org/antonyme/usit%C3%A9,usité
http://www.antonyme.org/antonyme/usuel,usuel
http://www.antonyme.org/antonyme/usuelle,usuelle
http://www.antonyme.org/antonyme/usuellement,usuellement
http://www.antonyme.org/antonyme/usurper,usurper
http://www.antonyme.org/antonyme/utile,utile
http://www.antonyme.org/antonyme/utilement,utilement
http://www.antonyme.org/antonyme/utiles,utiles
http://www.antonyme.org/antonyme/utilisable,utilisable
http://www.antonyme.org/antonyme/utilisateur,utilisateur
http://www.antonyme.org/antonyme/utilisateurs,utilisateurs
http://www.antonyme.org/antonyme/utilisation,utilisation
http://www.antonyme.org/antonyme/utilis%C3%A9,utilisé
http://www.antonyme.org/antonyme/utilise,utilise
http://www.antonyme.org/antonyme/utilis%C3%A9e,utilisée
http://www.antonyme.org/antonyme/utilis%C3%A9es,utilisées
http://www.antonyme.org/antonyme/utiliser,utiliser
http://www.antonyme.org/antonyme/utilis%C3%A9s,utilisés
http://www.antonyme.org/antonyme/utilitaire,utilitaire
http://www.antonyme.org/antonyme/utilit%C3%A9,utilité
http://www.antonyme.org/antonyme/utopie,utopie
http://www.antonyme.org/antonyme/utopies,utopies
http://www.antonyme.org/antonyme/utopique,utopique
http://www.antonyme.org/antonyme/utopisme,utopisme
http://www.antonyme.org/antonyme/timide,Timide
http://www.antonyme.org/antonyme/confirmer,Confirmer
http://www.antonyme.org/antonyme/misogyne,Misogyne
http://www.antonyme.org/antonyme/modeste,Modeste
http://www.antonyme.org/antonyme/tardif,Tardif
http://www.antonyme.org/antonyme/liberté,Liberté
http://www.antonyme.org/antonyme/sérieux,Sérieux
http://www.antonyme.org/antonyme/atout,Atout
http://www.antonyme.org/antonyme/confiance,Confiance
http://www.antonyme.org/antonyme/précéder,Précéder
http://www.antonyme.org/antonyme/important,Important
http://www.antonyme.org/antonyme/ponctuel,Ponctuel
http://www.antonyme.org/antonyme/monotone,Monotone
http://www.antonyme.org/antonyme/fiable,Fiable
http://www.antonyme.org/antonyme/original,Original
"http://www.antonyme.org/antonyme/à l'instar","à l instar"
http://www.antonyme.org/antonyme/trouver,Trouver
http://www.antonyme.org/antonyme/amour,Amour
http://www.antonyme.org/antonyme/faire,faire
"http://www.antonyme.org/antonyme/en plus","en plus"
http://www.antonyme.org/antonyme/anglais,anglais
http://www.antonyme.org/antonyme/mettre,mettre
"http://www.antonyme.org/antonyme/en effet","en effet"
http://www.antonyme.org/antonyme/contraire,contraire
http://www.antonyme.org/antonyme/être,être
http://www.antonyme.org/antonyme/avoir,avoir
http://www.antonyme.org/antonyme/problème,problème
http://www.antonyme.org/antonyme/pour,pour
http://www.antonyme.org/antonyme/travail,travail
http://www.antonyme.org/antonyme/créer,créer
http://www.antonyme.org/antonyme/demander,demander
http://www.antonyme.org/antonyme/bien,bien
http://www.antonyme.org/antonyme/important,important
http://www.antonyme.org/antonyme/prendre,prendre
http://www.antonyme.org/antonyme/experience,expérience
http://www.antonyme.org/antonyme/amour,amour
http://www.antonyme.org/antonyme/dire,dire
http://www.antonyme.org/antonyme/trouver,trouver
http://www.antonyme.org/antonyme/augmenter,augmenter
http://www.antonyme.org/antonyme/installer,installer
"http://www.antonyme.org/antonyme/en fait","en fait"
http://www.antonyme.org/antonyme/voir,voir
http://www.antonyme.org/antonyme/aimer,aimer
http://www.antonyme.org/antonyme/temps,temps
http://www.antonyme.org/antonyme/petit,petit
http://www.antonyme.org/antonyme/obtenir,obtenir
http://www.antonyme.org/antonyme/analyse,analyse
http://www.antonyme.org/antonyme/utiliser,utiliser
http://www.antonyme.org/antonyme/savoir,savoir
http://www.antonyme.org/antonyme/montrer,montrer
http://www.antonyme.org/antonyme/développer,développer
http://www.antonyme.org/antonyme/origine,origine
http://www.antonyme.org/antonyme/fin,fin
"http://www.antonyme.org/antonyme/du coup","du coup"
"http://www.antonyme.org/antonyme/en ligne","en ligne"
http://www.antonyme.org/antonyme/changer,changer
http://www.antonyme.org/antonyme/oeuvre,oeuvre
http://www.antonyme.org/antonyme/intéresser,intéresser
http://www.antonyme.org/antonyme/bonne,bonne
http://www.antonyme.org/antonyme/présentation,présentation
http://www.antonyme.org/antonyme/aide,aide
http://www.antonyme.org/antonyme/différent,différent
http://www.antonyme.org/antonyme/vie,vie
http://www.antonyme.org/antonyme/aider,aider
http://www.antonyme.org/antonyme/réaliser,réaliser
http://www.antonyme.org/antonyme/cause,cause
http://www.antonyme.org/antonyme/souhaiter,souhaiter
http://www.antonyme.org/antonyme/belle,belle
http://www.antonyme.org/antonyme/découvrir,découvrir
http://www.antonyme.org/antonyme/intéressant,intéressant
http://www.antonyme.org/antonyme/présenter,présenter
"http://www.antonyme.org/antonyme/suite à","suite à"
http://www.antonyme.org/antonyme/intégrer,intégrer
http://www.antonyme.org/antonyme/grand,grand
http://www.antonyme.org/antonyme/connaître,connaître
http://www.antonyme.org/antonyme/démonter,démonter
http://www.antonyme.org/antonyme/effectuer,effectuer
http://www.antonyme.org/antonyme/beau,beau
http://www.antonyme.org/antonyme/connaissance,connaissance
http://www.antonyme.org/antonyme/emploi,emploi
http://www.antonyme.org/antonyme/recherche,recherche
"http://www.antonyme.org/antonyme/par contre","par contre"
http://www.antonyme.org/antonyme/parler,parler
http://www.antonyme.org/antonyme/explication,explication
http://www.antonyme.org/antonyme/penser,penser
http://www.antonyme.org/antonyme/avec,avec
http://www.antonyme.org/antonyme/triste,triste
http://www.antonyme.org/antonyme/regarder,regarder
http://www.antonyme.org/antonyme/travailler,travailler
http://www.antonyme.org/antonyme/améliorer,améliorer
http://www.antonyme.org/antonyme/tristesse,tristesse
http://www.antonyme.org/antonyme/passer,passer
http://www.antonyme.org/antonyme/création,création
http://www.antonyme.org/antonyme/acquérir,acquérir
"http://www.antonyme.org/antonyme/ainsi que","ainsi que"
http://www.antonyme.org/antonyme/intérêt,intérêt
http://www.antonyme.org/antonyme/passionné,passionné
http://www.antonyme.org/antonyme/peur,peur
http://www.antonyme.org/antonyme/adapter,adapter
http://www.antonyme.org/antonyme/rechercher,rechercher
http://www.antonyme.org/antonyme/passion,passion
http://www.antonyme.org/antonyme/accord,accord
http://www.antonyme.org/antonyme/organisation,organisation
http://www.antonyme.org/antonyme/compétence,compétence
