http://www.antonyme.org/antonyme/va,va
http://www.antonyme.org/antonyme/va-t%27en-guerre,va-t'en-guerre
http://www.antonyme.org/antonyme/vacances,vacances
http://www.antonyme.org/antonyme/vacant,vacant
http://www.antonyme.org/antonyme/vacarme,vacarme
http://www.antonyme.org/antonyme/vacciner,vacciner
http://www.antonyme.org/antonyme/vache,vache
http://www.antonyme.org/antonyme/vachement,vachement
http://www.antonyme.org/antonyme/vacherie,vacherie
http://www.antonyme.org/antonyme/vaches,vaches
http://www.antonyme.org/antonyme/vacillant,vacillant
http://www.antonyme.org/antonyme/vacillation,vacillation
http://www.antonyme.org/antonyme/vaciller,vaciller
http://www.antonyme.org/antonyme/vadrouille,vadrouille
http://www.antonyme.org/antonyme/vagabond,vagabond
http://www.antonyme.org/antonyme/vagabondage,vagabondage
http://www.antonyme.org/antonyme/vagabonde,vagabonde
http://www.antonyme.org/antonyme/vagabonder,vagabonder
http://www.antonyme.org/antonyme/vagabonds,vagabonds
http://www.antonyme.org/antonyme/vagissement,vagissement
http://www.antonyme.org/antonyme/vague,vague
http://www.antonyme.org/antonyme/vaguement,vaguement
http://www.antonyme.org/antonyme/vagues,vagues
http://www.antonyme.org/antonyme/vaillamment,vaillamment
http://www.antonyme.org/antonyme/vaillance,vaillance
http://www.antonyme.org/antonyme/vaillant,vaillant
http://www.antonyme.org/antonyme/vaillante,vaillante
http://www.antonyme.org/antonyme/vain,vain
http://www.antonyme.org/antonyme/vaincre,vaincre
http://www.antonyme.org/antonyme/vaincu,vaincu
http://www.antonyme.org/antonyme/vaincue,vaincue
http://www.antonyme.org/antonyme/vaine,vaine
http://www.antonyme.org/antonyme/vainement,vainement
http://www.antonyme.org/antonyme/vaines,vaines
http://www.antonyme.org/antonyme/vainqueur,vainqueur
http://www.antonyme.org/antonyme/vainqueurs,vainqueurs
http://www.antonyme.org/antonyme/vais,vais
http://www.antonyme.org/antonyme/val,val
http://www.antonyme.org/antonyme/valable,valable
http://www.antonyme.org/antonyme/val%C3%A9tudinaire,valétudinaire
http://www.antonyme.org/antonyme/valeur,valeur
http://www.antonyme.org/antonyme/valeureuse,valeureuse
http://www.antonyme.org/antonyme/valeureusement,valeureusement
http://www.antonyme.org/antonyme/valeureux,valeureux
http://www.antonyme.org/antonyme/valeurs,valeurs
http://www.antonyme.org/antonyme/validation,validation
http://www.antonyme.org/antonyme/valide,valide
http://www.antonyme.org/antonyme/valid%C3%A9,validé
http://www.antonyme.org/antonyme/valider,valider
http://www.antonyme.org/antonyme/validit%C3%A9,validité
http://www.antonyme.org/antonyme/vall%C3%A9e,vallée
http://www.antonyme.org/antonyme/vall%C3%A9es,vallées
http://www.antonyme.org/antonyme/vallon,vallon
http://www.antonyme.org/antonyme/vallonn%C3%A9,vallonné
http://www.antonyme.org/antonyme/vallonnement,vallonnement
http://www.antonyme.org/antonyme/valoir,valoir
http://www.antonyme.org/antonyme/valorisant,valorisant
http://www.antonyme.org/antonyme/valoriser,valoriser
http://www.antonyme.org/antonyme/valve,valve
http://www.antonyme.org/antonyme/vampirisme,vampirisme
http://www.antonyme.org/antonyme/vandale,vandale
http://www.antonyme.org/antonyme/vanit%C3%A9,vanité
http://www.antonyme.org/antonyme/vaniteux,vaniteux
http://www.antonyme.org/antonyme/vanner,vanner
http://www.antonyme.org/antonyme/vantard,vantard
http://www.antonyme.org/antonyme/vantarde,vantarde
http://www.antonyme.org/antonyme/vanter,vanter
http://www.antonyme.org/antonyme/vanterie,vanterie
http://www.antonyme.org/antonyme/vaporeuse,vaporeuse
http://www.antonyme.org/antonyme/vaporeux,vaporeux
http://www.antonyme.org/antonyme/vaporisation,vaporisation
http://www.antonyme.org/antonyme/vaquer,vaquer
http://www.antonyme.org/antonyme/variabilit%C3%A9,variabilité
http://www.antonyme.org/antonyme/variable,variable
http://www.antonyme.org/antonyme/variables,variables
http://www.antonyme.org/antonyme/variation,variation
http://www.antonyme.org/antonyme/variations,variations
http://www.antonyme.org/antonyme/varie,varie
http://www.antonyme.org/antonyme/vari%C3%A9,varié
http://www.antonyme.org/antonyme/vari%C3%A9es,variées
http://www.antonyme.org/antonyme/varier,varier
http://www.antonyme.org/antonyme/vari%C3%A9s,variés
http://www.antonyme.org/antonyme/vaseux,vaseux
http://www.antonyme.org/antonyme/vassal,vassal
http://www.antonyme.org/antonyme/vassale,vassale
http://www.antonyme.org/antonyme/vassalit%C3%A9,vassalité
http://www.antonyme.org/antonyme/vaste,vaste
http://www.antonyme.org/antonyme/vastes,vastes
http://www.antonyme.org/antonyme/vastit%C3%A9,vastité
http://www.antonyme.org/antonyme/vaticinateur,vaticinateur
http://www.antonyme.org/antonyme/vaticinatrice,vaticinatrice
http://www.antonyme.org/antonyme/vaudeville,vaudeville
http://www.antonyme.org/antonyme/vaudevillesque,vaudevillesque
http://www.antonyme.org/antonyme/vaurien,vaurien
http://www.antonyme.org/antonyme/vaurienne,vaurienne
http://www.antonyme.org/antonyme/v%C3%A9cu,vécu
http://www.antonyme.org/antonyme/v%C3%A9g%C3%A9talienne,végétalienne
http://www.antonyme.org/antonyme/v%C3%A9g%C3%A9tatif,végétatif
http://www.antonyme.org/antonyme/v%C3%A9g%C3%A9ter,végéter
http://www.antonyme.org/antonyme/v%C3%A9h%C3%A9mence,véhémence
http://www.antonyme.org/antonyme/v%C3%A9h%C3%A9ment,véhément
http://www.antonyme.org/antonyme/v%C3%A9h%C3%A9mente,véhémente
http://www.antonyme.org/antonyme/v%C3%A9h%C3%A9mentement,véhémentement
http://www.antonyme.org/antonyme/veille,veille
http://www.antonyme.org/antonyme/veill%C3%A9e,veillée
http://www.antonyme.org/antonyme/veiller,veiller
http://www.antonyme.org/antonyme/veilleur,veilleur
http://www.antonyme.org/antonyme/veinard,veinard
http://www.antonyme.org/antonyme/veinarde,veinarde
http://www.antonyme.org/antonyme/veine,veine
http://www.antonyme.org/antonyme/vein%C3%A9,veiné
http://www.antonyme.org/antonyme/vell%C3%A9itaire,velléitaire
http://www.antonyme.org/antonyme/vell%C3%A9it%C3%A9,velléité
http://www.antonyme.org/antonyme/vell%C3%A9it%C3%A9s,velléités
http://www.antonyme.org/antonyme/v%C3%A9loce,véloce
http://www.antonyme.org/antonyme/v%C3%A9locit%C3%A9,vélocité
http://www.antonyme.org/antonyme/velout%C3%A9,velouté
http://www.antonyme.org/antonyme/velout%C3%A9e,veloutée
http://www.antonyme.org/antonyme/velouteux,velouteux
http://www.antonyme.org/antonyme/v%C3%A9nal,vénal
http://www.antonyme.org/antonyme/vendable,vendable
http://www.antonyme.org/antonyme/vendeur,vendeur
http://www.antonyme.org/antonyme/vendeurs,vendeurs
http://www.antonyme.org/antonyme/vendeuse,vendeuse
http://www.antonyme.org/antonyme/vendre,vendre
http://www.antonyme.org/antonyme/v%C3%A9n%C3%A9rable,vénérable
http://www.antonyme.org/antonyme/v%C3%A9n%C3%A9ration,vénération
http://www.antonyme.org/antonyme/v%C3%A9n%C3%A9rer,vénérer
http://www.antonyme.org/antonyme/vengeance,vengeance
http://www.antonyme.org/antonyme/venger,venger
http://www.antonyme.org/antonyme/v%C3%A9niel,véniel
http://www.antonyme.org/antonyme/venin,venin
http://www.antonyme.org/antonyme/venir,venir
http://www.antonyme.org/antonyme/vent,vent
http://www.antonyme.org/antonyme/vente,vente
http://www.antonyme.org/antonyme/ventiler,ventiler
http://www.antonyme.org/antonyme/ventripotent,ventripotent
http://www.antonyme.org/antonyme/ventru,ventru
http://www.antonyme.org/antonyme/ventrue,ventrue
http://www.antonyme.org/antonyme/ventrues,ventrues
http://www.antonyme.org/antonyme/vents,vents
http://www.antonyme.org/antonyme/venture,venture
http://www.antonyme.org/antonyme/venue,venue
http://www.antonyme.org/antonyme/venues,venues
http://www.antonyme.org/antonyme/v%C3%A9nust%C3%A9,vénusté
http://www.antonyme.org/antonyme/v%C3%A9racit%C3%A9,véracité
http://www.antonyme.org/antonyme/verbal,verbal
http://www.antonyme.org/antonyme/verbalisme,verbalisme
http://www.antonyme.org/antonyme/verbeusement,verbeusement
http://www.antonyme.org/antonyme/verbeux,verbeux
http://www.antonyme.org/antonyme/verbiage,verbiage
http://www.antonyme.org/antonyme/verbosit%C3%A9,verbosité
http://www.antonyme.org/antonyme/verdeur,verdeur
http://www.antonyme.org/antonyme/verdoyant,verdoyant
http://www.antonyme.org/antonyme/v%C3%A9reuse,véreuse
http://www.antonyme.org/antonyme/v%C3%A9reux,véreux
http://www.antonyme.org/antonyme/vergognes,vergognes
http://www.antonyme.org/antonyme/v%C3%A9ridicit%C3%A9,véridicité
http://www.antonyme.org/antonyme/v%C3%A9ridique,véridique
http://www.antonyme.org/antonyme/v%C3%A9rifiable,vérifiable
http://www.antonyme.org/antonyme/v%C3%A9rification,vérification
http://www.antonyme.org/antonyme/v%C3%A9rifications,vérifications
http://www.antonyme.org/antonyme/v%C3%A9rifier,vérifier
http://www.antonyme.org/antonyme/v%C3%A9risme,vérisme
http://www.antonyme.org/antonyme/v%C3%A9riste,vériste
http://www.antonyme.org/antonyme/v%C3%A9ritable,véritable
http://www.antonyme.org/antonyme/v%C3%A9ritablement,véritablement
http://www.antonyme.org/antonyme/v%C3%A9ritables,véritables
http://www.antonyme.org/antonyme/v%C3%A9rit%C3%A9,vérité
http://www.antonyme.org/antonyme/v%C3%A9rit%C3%A9+absolue,"vérité absolue"
http://www.antonyme.org/antonyme/v%C3%A9rit%C3%A9+vraie,"vérité vraie"
http://www.antonyme.org/antonyme/v%C3%A9rit%C3%A9s,vérités
http://www.antonyme.org/antonyme/vermine,vermine
http://www.antonyme.org/antonyme/vermines,vermines
http://www.antonyme.org/antonyme/verni,verni
http://www.antonyme.org/antonyme/v%C3%A9role,vérole
http://www.antonyme.org/antonyme/v%C3%A9rol%C3%A9,vérolé
http://www.antonyme.org/antonyme/verrou,verrou
http://www.antonyme.org/antonyme/verrouillage,verrouillage
http://www.antonyme.org/antonyme/verrouiller,verrouiller
http://www.antonyme.org/antonyme/versatile,versatile
http://www.antonyme.org/antonyme/verser,verser
http://www.antonyme.org/antonyme/versicolore,versicolore
http://www.antonyme.org/antonyme/versificateur,versificateur
http://www.antonyme.org/antonyme/version,version
http://www.antonyme.org/antonyme/versions,versions
http://www.antonyme.org/antonyme/verso,verso
http://www.antonyme.org/antonyme/vert,vert
http://www.antonyme.org/antonyme/verte,verte
http://www.antonyme.org/antonyme/vertes,vertes
http://www.antonyme.org/antonyme/vertical,vertical
http://www.antonyme.org/antonyme/verticale,verticale
http://www.antonyme.org/antonyme/verticalement,verticalement
http://www.antonyme.org/antonyme/verticalit%C3%A9,verticalité
http://www.antonyme.org/antonyme/verts,verts
http://www.antonyme.org/antonyme/vertu,vertu
http://www.antonyme.org/antonyme/vertueuse,vertueuse
http://www.antonyme.org/antonyme/vertueux,vertueux
http://www.antonyme.org/antonyme/vertus,vertus
http://www.antonyme.org/antonyme/verve,verve
http://www.antonyme.org/antonyme/verveux,verveux
http://www.antonyme.org/antonyme/v%C3%A9sanie,vésanie
http://www.antonyme.org/antonyme/vesp%C3%A9ral,vespéral
http://www.antonyme.org/antonyme/vesp%C3%A9rale,vespérale
http://www.antonyme.org/antonyme/vestige,vestige
http://www.antonyme.org/antonyme/vestiges,vestiges
http://www.antonyme.org/antonyme/v%C3%A9t%C3%A9ran,vétéran
http://www.antonyme.org/antonyme/v%C3%A9t%C3%A9rans,vétérans
http://www.antonyme.org/antonyme/v%C3%A9tillard,vétillard
http://www.antonyme.org/antonyme/v%C3%A9tille,vétille
http://www.antonyme.org/antonyme/v%C3%AAtir,vêtir
http://www.antonyme.org/antonyme/v%C3%A9tuste,vétuste
http://www.antonyme.org/antonyme/v%C3%A9tust%C3%A9,vétusté
http://www.antonyme.org/antonyme/veule,veule
http://www.antonyme.org/antonyme/veulerie,veulerie
http://www.antonyme.org/antonyme/vexant,vexant
http://www.antonyme.org/antonyme/vexante,vexante
http://www.antonyme.org/antonyme/vexation,vexation
http://www.antonyme.org/antonyme/vexer,vexer
http://www.antonyme.org/antonyme/viabilit%C3%A9,viabilité
http://www.antonyme.org/antonyme/viable,viable
http://www.antonyme.org/antonyme/viande,viande
http://www.antonyme.org/antonyme/vibrant,vibrant
http://www.antonyme.org/antonyme/vice,vice
http://www.antonyme.org/antonyme/vici%C3%A9,vicié
http://www.antonyme.org/antonyme/vicier,vicier
http://www.antonyme.org/antonyme/vicieuse,vicieuse
http://www.antonyme.org/antonyme/vicieux,vicieux
http://www.antonyme.org/antonyme/vicissitude,vicissitude
http://www.antonyme.org/antonyme/victime,victime
http://www.antonyme.org/antonyme/victimes,victimes
http://www.antonyme.org/antonyme/victoire,victoire
http://www.antonyme.org/antonyme/victoires,victoires
http://www.antonyme.org/antonyme/victorieux,victorieux
http://www.antonyme.org/antonyme/vidage,vidage
http://www.antonyme.org/antonyme/vidange,vidange
http://www.antonyme.org/antonyme/vide,vide
http://www.antonyme.org/antonyme/vid%C3%A9,vidé
http://www.antonyme.org/antonyme/vider,vider
http://www.antonyme.org/antonyme/vides,vides
http://www.antonyme.org/antonyme/vie,vie
http://www.antonyme.org/antonyme/vieillard,vieillard
http://www.antonyme.org/antonyme/vieillards,vieillards
http://www.antonyme.org/antonyme/vieille,vieille
http://www.antonyme.org/antonyme/vieillerie,vieillerie
http://www.antonyme.org/antonyme/vieilleries,vieilleries
http://www.antonyme.org/antonyme/vieilles,vieilles
http://www.antonyme.org/antonyme/vieillesse,vieillesse
http://www.antonyme.org/antonyme/vieilli,vieilli
http://www.antonyme.org/antonyme/vieillis,vieillis
http://www.antonyme.org/antonyme/vieillissant,vieillissant
http://www.antonyme.org/antonyme/vieillot,vieillot
http://www.antonyme.org/antonyme/vieillotte,vieillotte
http://www.antonyme.org/antonyme/vierge,vierge
http://www.antonyme.org/antonyme/Vierge,Vierge
http://www.antonyme.org/antonyme/Vierge+Marie,"Vierge Marie"
http://www.antonyme.org/antonyme/vierges,vierges
http://www.antonyme.org/antonyme/vies,vies
http://www.antonyme.org/antonyme/vieu,vieu
http://www.antonyme.org/antonyme/vieux,vieux
http://www.antonyme.org/antonyme/vif,vif
http://www.antonyme.org/antonyme/vifs,vifs
http://www.antonyme.org/antonyme/vigie,vigie
http://www.antonyme.org/antonyme/vigilance,vigilance
http://www.antonyme.org/antonyme/vigilante,vigilante
http://www.antonyme.org/antonyme/vigile,vigile
http://www.antonyme.org/antonyme/vigoureusement,vigoureusement
http://www.antonyme.org/antonyme/vigoureux,vigoureux
http://www.antonyme.org/antonyme/vil,vil
http://www.antonyme.org/antonyme/vil+prix,"vil prix"
http://www.antonyme.org/antonyme/vilain,vilain
http://www.antonyme.org/antonyme/vilaine,vilaine
http://www.antonyme.org/antonyme/vilainement,vilainement
http://www.antonyme.org/antonyme/vile,vile
http://www.antonyme.org/antonyme/vilenie,vilenie
http://www.antonyme.org/antonyme/vilipender,vilipender
http://www.antonyme.org/antonyme/village,village
http://www.antonyme.org/antonyme/villages,villages
http://www.antonyme.org/antonyme/ville,ville
http://www.antonyme.org/antonyme/vill%C3%A9giature,villégiature
http://www.antonyme.org/antonyme/vill%C3%A9giatures,villégiatures
http://www.antonyme.org/antonyme/villes,villes
http://www.antonyme.org/antonyme/vindicte,vindicte
http://www.antonyme.org/antonyme/viol,viol
http://www.antonyme.org/antonyme/violation,violation
http://www.antonyme.org/antonyme/viole,viole
http://www.antonyme.org/antonyme/viol%C3%A9,violé
http://www.antonyme.org/antonyme/violemment,violemment
http://www.antonyme.org/antonyme/violence,violence
http://www.antonyme.org/antonyme/violences,violences
http://www.antonyme.org/antonyme/violent,violent
http://www.antonyme.org/antonyme/violente,violente
http://www.antonyme.org/antonyme/violent%C3%A9,violenté
http://www.antonyme.org/antonyme/violenter,violenter
http://www.antonyme.org/antonyme/violentes,violentes
http://www.antonyme.org/antonyme/violents,violents
http://www.antonyme.org/antonyme/violer,violer
http://www.antonyme.org/antonyme/vip%C3%A9rin,vipérin
http://www.antonyme.org/antonyme/virer,virer
http://www.antonyme.org/antonyme/virevolte,virevolte
http://www.antonyme.org/antonyme/virginal,virginal
http://www.antonyme.org/antonyme/virginit%C3%A9,virginité
http://www.antonyme.org/antonyme/virilit%C3%A9,virilité
http://www.antonyme.org/antonyme/virtuel,virtuel
http://www.antonyme.org/antonyme/virtuelle,virtuelle
http://www.antonyme.org/antonyme/virtuose,virtuose
http://www.antonyme.org/antonyme/virtuosit%C3%A9,virtuosité
http://www.antonyme.org/antonyme/virulence,virulence
http://www.antonyme.org/antonyme/virulent,virulent
http://www.antonyme.org/antonyme/visc%C3%A9ral,viscéral
http://www.antonyme.org/antonyme/vis%C3%A9e,visée
http://www.antonyme.org/antonyme/vis%C3%A9es,visées
http://www.antonyme.org/antonyme/viser,viser
http://www.antonyme.org/antonyme/visibilit%C3%A9,visibilité
http://www.antonyme.org/antonyme/visible,visible
http://www.antonyme.org/antonyme/visiblement,visiblement
http://www.antonyme.org/antonyme/visibles,visibles
http://www.antonyme.org/antonyme/vision,vision
http://www.antonyme.org/antonyme/visions,visions
http://www.antonyme.org/antonyme/visite,visite
http://www.antonyme.org/antonyme/visit%C3%A9,visité
http://www.antonyme.org/antonyme/visiter,visiter
http://www.antonyme.org/antonyme/visites,visites
http://www.antonyme.org/antonyme/viss%C3%A9,vissé
http://www.antonyme.org/antonyme/visser,visser
http://www.antonyme.org/antonyme/vital,vital
http://www.antonyme.org/antonyme/vitalit%C3%A9,vitalité
http://www.antonyme.org/antonyme/vite,vite
http://www.antonyme.org/antonyme/vitesse,vitesse
http://www.antonyme.org/antonyme/vitre,vitre
http://www.antonyme.org/antonyme/vitreuse,vitreuse
http://www.antonyme.org/antonyme/vitreux,vitreux
http://www.antonyme.org/antonyme/vitrine,vitrine
http://www.antonyme.org/antonyme/vitup%C3%A9rer,vitupérer
http://www.antonyme.org/antonyme/vivable,vivable
http://www.antonyme.org/antonyme/vivace,vivace
http://www.antonyme.org/antonyme/vivacit%C3%A9,vivacité
http://www.antonyme.org/antonyme/vivant,vivant
http://www.antonyme.org/antonyme/vivante,vivante
http://www.antonyme.org/antonyme/vivantes,vivantes
http://www.antonyme.org/antonyme/vivants,vivants
http://www.antonyme.org/antonyme/vivat,vivat
http://www.antonyme.org/antonyme/vive,vive
http://www.antonyme.org/antonyme/vivement,vivement
http://www.antonyme.org/antonyme/vives,vives
http://www.antonyme.org/antonyme/viveur,viveur
http://www.antonyme.org/antonyme/vivifiant,vivifiant
http://www.antonyme.org/antonyme/vivificateur,vivificateur
http://www.antonyme.org/antonyme/vivifier,vivifier
http://www.antonyme.org/antonyme/vivre,vivre
http://www.antonyme.org/antonyme/vocation,vocation
http://www.antonyme.org/antonyme/vocations,vocations
http://www.antonyme.org/antonyme/vocif%C3%A9ration,vocifération
http://www.antonyme.org/antonyme/vocif%C3%A9rer,vociférer
http://www.antonyme.org/antonyme/voie,voie
http://www.antonyme.org/antonyme/voies,voies
http://www.antonyme.org/antonyme/voile,voile
http://www.antonyme.org/antonyme/voil%C3%A9,voilé
http://www.antonyme.org/antonyme/voil%C3%A9e,voilée
http://www.antonyme.org/antonyme/voiler,voiler
http://www.antonyme.org/antonyme/voiles,voiles
http://www.antonyme.org/antonyme/voil%C3%A9s,voilés
http://www.antonyme.org/antonyme/voir,voir
http://www.antonyme.org/antonyme/voirie,voirie
http://www.antonyme.org/antonyme/voisin,voisin
http://www.antonyme.org/antonyme/voisinage,voisinage
http://www.antonyme.org/antonyme/voisine,voisine
http://www.antonyme.org/antonyme/voisines,voisines
http://www.antonyme.org/antonyme/voisins,voisins
http://www.antonyme.org/antonyme/voiturer,voiturer
http://www.antonyme.org/antonyme/vol,vol
http://www.antonyme.org/antonyme/volage,volage
http://www.antonyme.org/antonyme/volant,volant
http://www.antonyme.org/antonyme/volatil,volatil
http://www.antonyme.org/antonyme/volatile,volatile
http://www.antonyme.org/antonyme/volatiles,volatiles
http://www.antonyme.org/antonyme/volatiliser,volatiliser
http://www.antonyme.org/antonyme/volatilit%C3%A9,volatilité
http://www.antonyme.org/antonyme/vol%C3%A9e,volée
http://www.antonyme.org/antonyme/vol%C3%A9es,volées
http://www.antonyme.org/antonyme/voler,voler
http://www.antonyme.org/antonyme/volet,volet
http://www.antonyme.org/antonyme/voleur,voleur
http://www.antonyme.org/antonyme/voleurs,voleurs
http://www.antonyme.org/antonyme/volontaire,volontaire
http://www.antonyme.org/antonyme/volontairement,volontairement
http://www.antonyme.org/antonyme/volontaires,volontaires
http://www.antonyme.org/antonyme/volontarisme,volontarisme
http://www.antonyme.org/antonyme/volont%C3%A9,volonté
http://www.antonyme.org/antonyme/volont%C3%A9s,volontés
http://www.antonyme.org/antonyme/volontiers,volontiers
http://www.antonyme.org/antonyme/vols,vols
http://www.antonyme.org/antonyme/voltage,voltage
http://www.antonyme.org/antonyme/volubile,volubile
http://www.antonyme.org/antonyme/volubilit%C3%A9,volubilité
http://www.antonyme.org/antonyme/volume,volume
http://www.antonyme.org/antonyme/volumes,volumes
http://www.antonyme.org/antonyme/volumineuse,volumineuse
http://www.antonyme.org/antonyme/volumineux,volumineux
http://www.antonyme.org/antonyme/volupt%C3%A9,volupté
http://www.antonyme.org/antonyme/voluptueuse,voluptueuse
http://www.antonyme.org/antonyme/voluptueusement,voluptueusement
http://www.antonyme.org/antonyme/voluptueux,voluptueux
http://www.antonyme.org/antonyme/volute,volute
http://www.antonyme.org/antonyme/vomir,vomir
http://www.antonyme.org/antonyme/vomis,vomis
http://www.antonyme.org/antonyme/vont,vont
http://www.antonyme.org/antonyme/vorace,vorace
http://www.antonyme.org/antonyme/voracit%C3%A9,voracité
http://www.antonyme.org/antonyme/votant,votant
http://www.antonyme.org/antonyme/vote,vote
http://www.antonyme.org/antonyme/vot%C3%A9,voté
http://www.antonyme.org/antonyme/voter,voter
http://www.antonyme.org/antonyme/votes,votes
http://www.antonyme.org/antonyme/vouer,vouer
http://www.antonyme.org/antonyme/vouloir,vouloir
http://www.antonyme.org/antonyme/voulu,voulu
http://www.antonyme.org/antonyme/voulue,voulue
http://www.antonyme.org/antonyme/vo%C3%BBte,voûte
http://www.antonyme.org/antonyme/vo%C3%BBt%C3%A9,voûté
http://www.antonyme.org/antonyme/vo%C3%BBtes,voûtes
http://www.antonyme.org/antonyme/voyage,voyage
http://www.antonyme.org/antonyme/voyages,voyages
http://www.antonyme.org/antonyme/voyant,voyant
http://www.antonyme.org/antonyme/voyante,voyante
http://www.antonyme.org/antonyme/voyeur,voyeur
http://www.antonyme.org/antonyme/voyou,voyou
http://www.antonyme.org/antonyme/vrai,vrai
http://www.antonyme.org/antonyme/VRAI,VRAI
http://www.antonyme.org/antonyme/vraie,vraie
http://www.antonyme.org/antonyme/vraies,vraies
http://www.antonyme.org/antonyme/vraiment,vraiment
http://www.antonyme.org/antonyme/vrais,vrais
http://www.antonyme.org/antonyme/vraisemblable,vraisemblable
http://www.antonyme.org/antonyme/vraisemblablement,vraisemblablement
http://www.antonyme.org/antonyme/vraisemblables,vraisemblables
http://www.antonyme.org/antonyme/vrille,vrille
http://www.antonyme.org/antonyme/vrill%C3%A9,vrillé
http://www.antonyme.org/antonyme/vrombissement,vrombissement
http://www.antonyme.org/antonyme/vue,vue
http://www.antonyme.org/antonyme/vues,vues
http://www.antonyme.org/antonyme/vulgaire,vulgaire
http://www.antonyme.org/antonyme/vulgairement,vulgairement
http://www.antonyme.org/antonyme/vulgarisation,vulgarisation
http://www.antonyme.org/antonyme/vulgaris%C3%A9,vulgarisé
http://www.antonyme.org/antonyme/vulgariser,vulgariser
http://www.antonyme.org/antonyme/vulgarit%C3%A9,vulgarité
http://www.antonyme.org/antonyme/vuln%C3%A9rabilit%C3%A9,vulnérabilité
http://www.antonyme.org/antonyme/vuln%C3%A9rable,vulnérable
http://www.antonyme.org/antonyme/vuln%C3%A9raire,vulnéraire
http://www.antonyme.org/antonyme/vultueux,vultueux
http://www.antonyme.org/antonyme/timide,Timide
http://www.antonyme.org/antonyme/confirmer,Confirmer
http://www.antonyme.org/antonyme/misogyne,Misogyne
http://www.antonyme.org/antonyme/modeste,Modeste
http://www.antonyme.org/antonyme/tardif,Tardif
http://www.antonyme.org/antonyme/liberté,Liberté
http://www.antonyme.org/antonyme/sérieux,Sérieux
http://www.antonyme.org/antonyme/atout,Atout
http://www.antonyme.org/antonyme/confiance,Confiance
http://www.antonyme.org/antonyme/précéder,Précéder
http://www.antonyme.org/antonyme/important,Important
http://www.antonyme.org/antonyme/ponctuel,Ponctuel
http://www.antonyme.org/antonyme/monotone,Monotone
http://www.antonyme.org/antonyme/fiable,Fiable
http://www.antonyme.org/antonyme/original,Original
"http://www.antonyme.org/antonyme/à l'instar","à l instar"
http://www.antonyme.org/antonyme/trouver,Trouver
http://www.antonyme.org/antonyme/amour,Amour
http://www.antonyme.org/antonyme/faire,faire
"http://www.antonyme.org/antonyme/en plus","en plus"
http://www.antonyme.org/antonyme/anglais,anglais
http://www.antonyme.org/antonyme/mettre,mettre
"http://www.antonyme.org/antonyme/en effet","en effet"
http://www.antonyme.org/antonyme/contraire,contraire
http://www.antonyme.org/antonyme/être,être
http://www.antonyme.org/antonyme/avoir,avoir
http://www.antonyme.org/antonyme/problème,problème
http://www.antonyme.org/antonyme/pour,pour
http://www.antonyme.org/antonyme/travail,travail
http://www.antonyme.org/antonyme/créer,créer
http://www.antonyme.org/antonyme/demander,demander
http://www.antonyme.org/antonyme/bien,bien
http://www.antonyme.org/antonyme/important,important
http://www.antonyme.org/antonyme/prendre,prendre
http://www.antonyme.org/antonyme/experience,expérience
http://www.antonyme.org/antonyme/amour,amour
http://www.antonyme.org/antonyme/dire,dire
http://www.antonyme.org/antonyme/trouver,trouver
http://www.antonyme.org/antonyme/augmenter,augmenter
http://www.antonyme.org/antonyme/installer,installer
"http://www.antonyme.org/antonyme/en fait","en fait"
http://www.antonyme.org/antonyme/voir,voir
http://www.antonyme.org/antonyme/aimer,aimer
http://www.antonyme.org/antonyme/temps,temps
http://www.antonyme.org/antonyme/petit,petit
http://www.antonyme.org/antonyme/obtenir,obtenir
http://www.antonyme.org/antonyme/analyse,analyse
http://www.antonyme.org/antonyme/utiliser,utiliser
http://www.antonyme.org/antonyme/savoir,savoir
http://www.antonyme.org/antonyme/montrer,montrer
http://www.antonyme.org/antonyme/développer,développer
http://www.antonyme.org/antonyme/origine,origine
http://www.antonyme.org/antonyme/fin,fin
"http://www.antonyme.org/antonyme/du coup","du coup"
"http://www.antonyme.org/antonyme/en ligne","en ligne"
http://www.antonyme.org/antonyme/changer,changer
http://www.antonyme.org/antonyme/oeuvre,oeuvre
http://www.antonyme.org/antonyme/intéresser,intéresser
http://www.antonyme.org/antonyme/bonne,bonne
http://www.antonyme.org/antonyme/présentation,présentation
http://www.antonyme.org/antonyme/aide,aide
http://www.antonyme.org/antonyme/différent,différent
http://www.antonyme.org/antonyme/vie,vie
http://www.antonyme.org/antonyme/aider,aider
http://www.antonyme.org/antonyme/réaliser,réaliser
http://www.antonyme.org/antonyme/cause,cause
http://www.antonyme.org/antonyme/souhaiter,souhaiter
http://www.antonyme.org/antonyme/belle,belle
http://www.antonyme.org/antonyme/découvrir,découvrir
http://www.antonyme.org/antonyme/intéressant,intéressant
http://www.antonyme.org/antonyme/présenter,présenter
"http://www.antonyme.org/antonyme/suite à","suite à"
http://www.antonyme.org/antonyme/intégrer,intégrer
http://www.antonyme.org/antonyme/grand,grand
http://www.antonyme.org/antonyme/connaître,connaître
http://www.antonyme.org/antonyme/démonter,démonter
http://www.antonyme.org/antonyme/effectuer,effectuer
http://www.antonyme.org/antonyme/beau,beau
http://www.antonyme.org/antonyme/connaissance,connaissance
http://www.antonyme.org/antonyme/emploi,emploi
http://www.antonyme.org/antonyme/recherche,recherche
"http://www.antonyme.org/antonyme/par contre","par contre"
http://www.antonyme.org/antonyme/parler,parler
http://www.antonyme.org/antonyme/explication,explication
http://www.antonyme.org/antonyme/penser,penser
http://www.antonyme.org/antonyme/avec,avec
http://www.antonyme.org/antonyme/triste,triste
http://www.antonyme.org/antonyme/regarder,regarder
http://www.antonyme.org/antonyme/travailler,travailler
http://www.antonyme.org/antonyme/améliorer,améliorer
http://www.antonyme.org/antonyme/tristesse,tristesse
http://www.antonyme.org/antonyme/passer,passer
http://www.antonyme.org/antonyme/création,création
http://www.antonyme.org/antonyme/acquérir,acquérir
"http://www.antonyme.org/antonyme/ainsi que","ainsi que"
http://www.antonyme.org/antonyme/intérêt,intérêt
http://www.antonyme.org/antonyme/passionné,passionné
http://www.antonyme.org/antonyme/peur,peur
http://www.antonyme.org/antonyme/adapter,adapter
http://www.antonyme.org/antonyme/rechercher,rechercher
http://www.antonyme.org/antonyme/passion,passion
http://www.antonyme.org/antonyme/accord,accord
http://www.antonyme.org/antonyme/organisation,organisation
http://www.antonyme.org/antonyme/compétence,compétence
