http://www.antonyme.org/antonyme/x%C3%A9nophile,xénophile
http://www.antonyme.org/antonyme/x%C3%A9nophilie,xénophilie
http://www.antonyme.org/antonyme/x%C3%A9nophobe,xénophobe
http://www.antonyme.org/antonyme/x%C3%A9nophobie,xénophobie
http://www.antonyme.org/antonyme/timide,Timide
http://www.antonyme.org/antonyme/confirmer,Confirmer
http://www.antonyme.org/antonyme/misogyne,Misogyne
http://www.antonyme.org/antonyme/modeste,Modeste
http://www.antonyme.org/antonyme/tardif,Tardif
http://www.antonyme.org/antonyme/liberté,Liberté
http://www.antonyme.org/antonyme/sérieux,Sérieux
http://www.antonyme.org/antonyme/atout,Atout
http://www.antonyme.org/antonyme/confiance,Confiance
http://www.antonyme.org/antonyme/précéder,Précéder
http://www.antonyme.org/antonyme/important,Important
http://www.antonyme.org/antonyme/ponctuel,Ponctuel
http://www.antonyme.org/antonyme/monotone,Monotone
http://www.antonyme.org/antonyme/fiable,Fiable
http://www.antonyme.org/antonyme/original,Original
"http://www.antonyme.org/antonyme/à l'instar","à l instar"
http://www.antonyme.org/antonyme/trouver,Trouver
http://www.antonyme.org/antonyme/amour,Amour
http://www.antonyme.org/antonyme/faire,faire
"http://www.antonyme.org/antonyme/en plus","en plus"
http://www.antonyme.org/antonyme/anglais,anglais
http://www.antonyme.org/antonyme/mettre,mettre
"http://www.antonyme.org/antonyme/en effet","en effet"
http://www.antonyme.org/antonyme/contraire,contraire
http://www.antonyme.org/antonyme/être,être
http://www.antonyme.org/antonyme/avoir,avoir
http://www.antonyme.org/antonyme/problème,problème
http://www.antonyme.org/antonyme/pour,pour
http://www.antonyme.org/antonyme/travail,travail
http://www.antonyme.org/antonyme/créer,créer
http://www.antonyme.org/antonyme/demander,demander
http://www.antonyme.org/antonyme/bien,bien
http://www.antonyme.org/antonyme/important,important
http://www.antonyme.org/antonyme/prendre,prendre
http://www.antonyme.org/antonyme/experience,expérience
http://www.antonyme.org/antonyme/amour,amour
http://www.antonyme.org/antonyme/dire,dire
http://www.antonyme.org/antonyme/trouver,trouver
http://www.antonyme.org/antonyme/augmenter,augmenter
http://www.antonyme.org/antonyme/installer,installer
"http://www.antonyme.org/antonyme/en fait","en fait"
http://www.antonyme.org/antonyme/voir,voir
http://www.antonyme.org/antonyme/aimer,aimer
http://www.antonyme.org/antonyme/temps,temps
http://www.antonyme.org/antonyme/petit,petit
http://www.antonyme.org/antonyme/obtenir,obtenir
http://www.antonyme.org/antonyme/analyse,analyse
http://www.antonyme.org/antonyme/utiliser,utiliser
http://www.antonyme.org/antonyme/savoir,savoir
http://www.antonyme.org/antonyme/montrer,montrer
http://www.antonyme.org/antonyme/développer,développer
http://www.antonyme.org/antonyme/origine,origine
http://www.antonyme.org/antonyme/fin,fin
"http://www.antonyme.org/antonyme/du coup","du coup"
"http://www.antonyme.org/antonyme/en ligne","en ligne"
http://www.antonyme.org/antonyme/changer,changer
http://www.antonyme.org/antonyme/oeuvre,oeuvre
http://www.antonyme.org/antonyme/intéresser,intéresser
http://www.antonyme.org/antonyme/bonne,bonne
http://www.antonyme.org/antonyme/présentation,présentation
http://www.antonyme.org/antonyme/aide,aide
http://www.antonyme.org/antonyme/différent,différent
http://www.antonyme.org/antonyme/vie,vie
http://www.antonyme.org/antonyme/aider,aider
http://www.antonyme.org/antonyme/réaliser,réaliser
http://www.antonyme.org/antonyme/cause,cause
http://www.antonyme.org/antonyme/souhaiter,souhaiter
http://www.antonyme.org/antonyme/belle,belle
http://www.antonyme.org/antonyme/découvrir,découvrir
http://www.antonyme.org/antonyme/intéressant,intéressant
http://www.antonyme.org/antonyme/présenter,présenter
"http://www.antonyme.org/antonyme/suite à","suite à"
http://www.antonyme.org/antonyme/intégrer,intégrer
http://www.antonyme.org/antonyme/grand,grand
http://www.antonyme.org/antonyme/connaître,connaître
http://www.antonyme.org/antonyme/démonter,démonter
http://www.antonyme.org/antonyme/effectuer,effectuer
http://www.antonyme.org/antonyme/beau,beau
http://www.antonyme.org/antonyme/connaissance,connaissance
http://www.antonyme.org/antonyme/emploi,emploi
http://www.antonyme.org/antonyme/recherche,recherche
"http://www.antonyme.org/antonyme/par contre","par contre"
http://www.antonyme.org/antonyme/parler,parler
http://www.antonyme.org/antonyme/explication,explication
http://www.antonyme.org/antonyme/penser,penser
http://www.antonyme.org/antonyme/avec,avec
http://www.antonyme.org/antonyme/triste,triste
http://www.antonyme.org/antonyme/regarder,regarder
http://www.antonyme.org/antonyme/travailler,travailler
http://www.antonyme.org/antonyme/améliorer,améliorer
http://www.antonyme.org/antonyme/tristesse,tristesse
http://www.antonyme.org/antonyme/passer,passer
http://www.antonyme.org/antonyme/création,création
http://www.antonyme.org/antonyme/acquérir,acquérir
"http://www.antonyme.org/antonyme/ainsi que","ainsi que"
http://www.antonyme.org/antonyme/intérêt,intérêt
http://www.antonyme.org/antonyme/passionné,passionné
http://www.antonyme.org/antonyme/peur,peur
http://www.antonyme.org/antonyme/adapter,adapter
http://www.antonyme.org/antonyme/rechercher,rechercher
http://www.antonyme.org/antonyme/passion,passion
http://www.antonyme.org/antonyme/accord,accord
http://www.antonyme.org/antonyme/organisation,organisation
http://www.antonyme.org/antonyme/compétence,compétence
