froid,ébranlé
froid,accostant
froid,accueillant
froid,affectueux
froid,aimable
froid,aimant
froid,amical
froid,amitié
froid,émotif
froid,amoureux
froid,émouvant
froid,ému
froid,animé
froid,éperdu
froid,ardent
froid,ardeur
froid,attendrissant
froid,baba
froid,bouillant
froid,brûlant
froid,brillant
froid,câlin
froid,canicule
froid,caressant
froid,chaleur
froid,chaleureux
froid,chaud
froid,compatissant
froid,complimenteur
froid,concupiscent
froid,cordial
froid,démonstratif
froid,doux
froid,dramatique
froid,emballé
froid,embrasé
froid,emporté
froid,empressé
froid,enflammé
froid,enivré
froid,enthousiaste
froid,exalté
froid,expansif
froid,expressif
froid,extasié
froid,exubérant
froid,familier
froid,fanatique
froid,fervent
froid,fiévreux
froid,fou
froid,fougueux
froid,galant
froid,généreux
froid,hypersensible
froid,hystérique
froid,incandescent
froid,intime
froid,ivre
froid,jovial
froid,lascif
froid,lyrique
froid,nerveux
froid,oubli
froid,ouvert
froid,palpitant
froid,pantelant
froid,passionné
froid,pathétique
froid,provocant
froid,refroidi
froid,sensible
froid,sensuel
froid,tempéré
froid,tendre
froid,tiède
froid,tiédeur
froid,torride
froid,trépidant
froid,vif
froid,voluptueux
