mauvaises,admirable
mauvaises,adroit
mauvaises,agréable
mauvaises,aimable
mauvaises,avantageux
mauvaises,bénin
mauvaises,beau
mauvaises,benoît
mauvaises,bien
mauvaises,bon
mauvaises,brave
mauvaises,charmant
mauvaises,chic
mauvaises,débonnaire
mauvaises,délectable
mauvaises,délicat
mauvaises,délicieux
mauvaises,divin
mauvaises,doux
mauvaises,droit
mauvaises,excellent
mauvaises,exemplaire
mauvaises,exquis
mauvaises,fameux
mauvaises,favorable
mauvaises,formidable
mauvaises,gentil
mauvaises,habile
mauvaises,heureux
mauvaises,honnête
mauvaises,infaillible
mauvaises,innocent
mauvaises,intéressant
mauvaises,joyeux
mauvaises,juste
mauvaises,louable
mauvaises,mangeable
mauvaises,parfait
mauvaises,pur
mauvaises,réussi
mauvaises,salutaire
mauvaises,succulent
