sages,absurde
sages,échevelé
sages,étourdi
sages,audacieux
sages,aventureux
sages,concupiscent
sages,crétin
sages,débauché
sages,délirant
sages,dément
sages,déréglé
sages,déraisonnable
sages,dérangé
sages,désobéissant
sages,désordonné
sages,dévergondé
sages,effréné
sages,excentrique
sages,extravagant
sages,forcené
sages,fou
sages,hardi
sages,hurluberlu
sages,idiot
sages,impertinent
sages,imprudent
sages,inconscient
sages,indécent
sages,indocile
sages,insensé
sages,insupportable
sages,irascible
sages,irraisonnable
sages,loufoque
sages,méchant
sages,original
sages,sombre
sages,téméraire
sages,toqué
