sévère,accommodant
sévère,affectueux
sévère,agréable
sévère,arrangeant
sévère,bienveillant
sévère,blagueur
sévère,bon
sévère,bonasse
sévère,chamarré
sévère,charmant
sévère,clément
sévère,complaisant
sévère,complimenteur
sévère,compréhensif
sévère,conciliant
sévère,coulant
sévère,croustilleux
sévère,débonnaire
sévère,doux
sévère,enjoué
sévère,facétieux
sévère,gracieux
sévère,graveleux
sévère,humain
sévère,indulgent
sévère,léger
sévère,large
sévère,plaisant
sévère,relâché
sévère,souple
