sûrs,ébranlé
sûrs,aléatoire
sûrs,éventuel
sûrs,aventuré
sûrs,aventureux
sûrs,boiteux
sûrs,branlant
sûrs,cafard
sûrs,casuel
sûrs,chanceux
sûrs,contestable
sûrs,déconfit
sûrs,défiant
sûrs,délectable
sûrs,délicieux
sûrs,dangereux
sûrs,douteux
sûrs,doux
sûrs,erroné
sûrs,exposé
sûrs,exquis
sûrs,faillible
sûrs,faux
sûrs,flottant
sûrs,fuyant
sûrs,gratuit
sûrs,hasardeux
sûrs,hypocrite
sûrs,hypothétique
sûrs,illusoire
sûrs,inéprouvé
sûrs,incertain
sûrs,inexact
sûrs,invérifiable
sûrs,latent
sûrs,méfiant
sûrs,maladroit
sûrs,malheureux
sûrs,mensonger
sûrs,périlleux
sûrs,précaire
sûrs,problématique
sûrs,risqué
sûrs,savoureux
sûrs,sceptique
sûrs,suave
sûrs,sucré
sûrs,supposé
sûrs,suspect
sûrs,trompeur
sûrs,troublé
sûrs,vacillant
