tristes,aise
tristes,allègre
tristes,amusant
tristes,badin
tristes,beau
tristes,bon
tristes,brillant
tristes,burlesque
tristes,comique
tristes,content
tristes,crevant
tristes,divertissant
tristes,drôle
tristes,drolatique
tristes,enjoué
tristes,ensoleillé
tristes,exhilarant
tristes,folâtre
tristes,folichon
tristes,fou
tristes,gai
tristes,gaillard
tristes,gondolant
tristes,guilleret
tristes,heureux
tristes,hilarant
tristes,jovial
tristes,léger
tristes,marrant
tristes,mutin
tristes,optimiste
tristes,plaisant
tristes,réconforté
tristes,réconfortant
tristes,radieux
tristes,réjoui
tristes,réjouissant
tristes,riant
tristes,rieur
tristes,rigolo
tristes,risible
tristes,souriant
tristes,tordant
